[
  {
    "K00_基准企业": "银联商务股份有限公司",
    "K01_穿透类型": "B持股",
    "K02_穿透层级": "1",
    "source": "银联商务股份有限公司",
    "target": "重庆中金同盛小额贷款有限公司",
    "K05_是否控股": true,
    "value": "100",
    "K07_持股浮点": "1.0",
    "K08_投资金额": "70000万",
    "K09_融资标签": null,
    "K10_产品标签": null,
    "K11_产品状态": null
  },
  {
    "K00_基准企业": "银联商务股份有限公司",
    "K01_穿透类型": "B持股",
    "K02_穿透层级": "1",
    "source": "银联商务股份有限公司",
    "target": "广州银联网络支付有限公司",
    "K05_是否控股": true,
    "value": "100",
    "K07_持股浮点": "1.0",
    "K08_投资金额": "60000万人民币",
    "K09_融资标签": null,
    "K10_产品标签": "网付通",
    "K11_产品状态": null
  },
  {
    "K00_基准企业": "银联商务股份有限公司",
    "K01_穿透类型": "B持股",
    "K02_穿透层级": "1",
    "source": "银联商务股份有限公司",
    "target": "中金同盛商业保理有限公司",
    "K05_是否控股": true,
    "value": "100",
    "K07_持股浮点": "1.0",
    "K08_投资金额": "30000万人民币",
    "K09_融资标签": null,
    "K10_产品标签": null,
    "K11_产品状态": null
  },
  {
    "K00_基准企业": "银联商务股份有限公司",
    "K01_穿透类型": "B持股",
    "K02_穿透层级": "1",
    "source": "银联商务股份有限公司",
    "target": "上海银联电子支付服务有限公司",
    "K05_是否控股": true,
    "value": "100",
    "K07_持股浮点": "1.0",
    "K08_投资金额": "13050万人民币",
    "K09_融资标签": null,
    "K10_产品标签": "ChinaPay",
    "K11_产品状态": null
  },
  {
    "K00_基准企业": "银联商务股份有限公司",
    "K01_穿透类型": "B持股",
    "K02_穿透层级": "1",
    "source": "银联商务股份有限公司",
    "target": "深圳市银联金融网络有限公司",
    "K05_是否控股": true,
    "value": "100",
    "K07_持股浮点": "1.0",
    "K08_投资金额": "10000万人民币",
    "K09_融资标签": null,
    "K10_产品标签": "深圳银联",
    "K11_产品状态": null
  },
  {
    "K00_基准企业": "银联商务股份有限公司",
    "K01_穿透类型": "B持股",
    "K02_穿透层级": "1",
    "source": "银联商务股份有限公司",
    "target": "中金同盛数字科技有限公司",
    "K05_是否控股": true,
    "value": "100",
    "K07_持股浮点": "1.0",
    "K08_投资金额": "10000万人民币",
    "K09_融资标签": null,
    "K10_产品标签": null,
    "K11_产品状态": null
  },
  {
    "K00_基准企业": "银联商务股份有限公司",
    "K01_穿透类型": "B持股",
    "K02_穿透层级": "1",
    "source": "银联商务股份有限公司",
    "target": "上海银联商务有限公司",
    "K05_是否控股": true,
    "value": "100",
    "K07_持股浮点": "1.0",
    "K08_投资金额": "4000万人民币",
    "K09_融资标签": null,
    "K10_产品标签": null,
    "K11_产品状态": null
  },
  {
    "K00_基准企业": "银联商务股份有限公司",
    "K01_穿透类型": "B持股",
    "K02_穿透层级": "1",
    "source": "银联商务股份有限公司",
    "target": "北京银联商务有限公司",
    "K05_是否控股": true,
    "value": "75.5",
    "K07_持股浮点": "0.755",
    "K08_投资金额": "7550万人民币",
    "K09_融资标签": null,
    "K10_产品标签": "北京银联",
    "K11_产品状态": null
  },
  {
    "K00_基准企业": "银联商务股份有限公司",
    "K01_穿透类型": "B持股",
    "K02_穿透层级": "1",
    "source": "银联商务股份有限公司",
    "target": "北京数字王府井科技有限公司",
    "K05_是否控股": true,
    "value": "60",
    "K07_持股浮点": "0.6",
    "K08_投资金额": "6000万人民币",
    "K09_融资标签": null,
    "K10_产品标签": "数字王府井",
    "K11_产品状态": null
  },
  {
    "K00_基准企业": "银联商务股份有限公司",
    "K01_穿透类型": "B持股",
    "K02_穿透层级": "1",
    "source": "银联商务股份有限公司",
    "target": "宁波银联商务有限公司",
    "K05_是否控股": true,
    "value": "60",
    "K07_持股浮点": "0.6",
    "K08_投资金额": "3060万人民币",
    "K09_融资标签": null,
    "K10_产品标签": null,
    "K11_产品状态": null
  },
  {
    "K00_基准企业": "银联商务股份有限公司",
    "K01_穿透类型": "B持股",
    "K02_穿透层级": "1",
    "source": "银联商务股份有限公司",
    "target": "大连银安金融服务有限公司",
    "K05_是否控股": true,
    "value": "50.1",
    "K07_持股浮点": "0.501",
    "K08_投资金额": "501万人民币",
    "K09_融资标签": null,
    "K10_产品标签": null,
    "K11_产品状态": null
  },
  {
    "K00_基准企业": "银联商务股份有限公司",
    "K01_穿透类型": "B持股",
    "K02_穿透层级": "1",
    "source": "银联商务股份有限公司",
    "target": "河北中瑞金融服务有限责任公司",
    "K05_是否控股": true,
    "value": "49",
    "K07_持股浮点": "0.49",
    "K08_投资金额": "490万人民币",
    "K09_融资标签": null,
    "K10_产品标签": null,
    "K11_产品状态": null
  },
  {
    "K00_基准企业": "银联商务股份有限公司",
    "K01_穿透类型": "B持股",
    "K02_穿透层级": "1",
    "source": "银联商务股份有限公司",
    "target": "厦门鑫融联电子商务有限公司",
    "K05_是否控股": null,
    "value": "40",
    "K07_持股浮点": "0.4",
    "K08_投资金额": "400万",
    "K09_融资标签": null,
    "K10_产品标签": null,
    "K11_产品状态": null
  },
  {
    "K00_基准企业": "银联商务股份有限公司",
    "K01_穿透类型": "B持股",
    "K02_穿透层级": "1",
    "source": "银联商务股份有限公司",
    "target": "重庆银瑞昌益服务外包有限公司",
    "K05_是否控股": null,
    "value": "30",
    "K07_持股浮点": "0.3",
    "K08_投资金额": "300万",
    "K09_融资标签": null,
    "K10_产品标签": null,
    "K11_产品状态": null
  },
  {
    "K00_基准企业": "银联商务股份有限公司",
    "K01_穿透类型": "B持股",
    "K02_穿透层级": "1",
    "source": "银联商务股份有限公司",
    "target": "广东银联商务有限公司",
    "K05_是否控股": true,
    "value": "26.00009",
    "K07_持股浮点": "0.2600009",
    "K08_投资金额": "551.93万人民币",
    "K09_融资标签": null,
    "K10_产品标签": null,
    "K11_产品状态": null
  },
  {
    "K00_基准企业": "银联商务股份有限公司",
    "K01_穿透类型": "B持股",
    "K02_穿透层级": "1",
    "source": "银联商务股份有限公司",
    "target": "银视通信息科技有限公司",
    "K05_是否控股": null,
    "value": "20",
    "K07_持股浮点": "0.2",
    "K08_投资金额": "2000万人民币",
    "K09_融资标签": "A轮",
    "K10_产品标签": "银视通",
    "K11_产品状态": null
  },
  {
    "K00_基准企业": "银联商务股份有限公司",
    "K01_穿透类型": "B持股",
    "K02_穿透层级": "1",
    "source": "银联商务股份有限公司",
    "target": "上海银商资讯有限公司",
    "K05_是否控股": null,
    "value": "16.91015",
    "K07_持股浮点": "0.1691015",
    "K08_投资金额": "1727万人民币",
    "K09_融资标签": "B轮",
    "K10_产品标签": "上海银商资讯",
    "K11_产品状态": null
  },
  {
    "K00_基准企业": "银联商务股份有限公司",
    "K01_穿透类型": "B持股",
    "K02_穿透层级": "1",
    "source": "银联商务股份有限公司",
    "target": "海联金汇科技股份有限公司",
    "K05_是否控股": null,
    "value": "6.01",
    "K07_持股浮点": "0.0601",
    "K08_投资金额": "7054.99万",
    "K09_融资标签": "定向增发",
    "K10_产品标签": "海联金汇",
    "K11_产品状态": "A股 | 正常上市"
  },
  {
    "K00_基准企业": "银联商务股份有限公司",
    "K01_穿透类型": "B持股",
    "K02_穿透层级": "1",
    "source": "银联商务股份有限公司",
    "target": "厦门易通卡运营有限责任公司",
    "K05_是否控股": null,
    "value": "5",
    "K07_持股浮点": "0.05",
    "K08_投资金额": "375万",
    "K09_融资标签": null,
    "K10_产品标签": "E通卡",
    "K11_产品状态": null
  },
  {
    "K00_基准企业": "银联商务股份有限公司",
    "K01_穿透类型": "B持股",
    "K02_穿透层级": "1",
    "source": "银联商务股份有限公司",
    "target": "上海付费通信息服务有限公司",
    "K05_是否控股": null,
    "value": "2.21948",
    "K07_持股浮点": "0.0221948",
    "K08_投资金额": "270万人民币",
    "K09_融资标签": "并购",
    "K10_产品标签": "付费通",
    "K11_产品状态": null
  },
  {
    "K00_基准企业": "银联商务股份有限公司",
    "K01_穿透类型": "B持股",
    "K02_穿透层级": "1",
    "source": "银联商务股份有限公司",
    "target": "网联清算有限公司",
    "K05_是否控股": null,
    "value": "1.55",
    "K07_持股浮点": "0.0155",
    "K08_投资金额": "3100万人民币",
    "K09_融资标签": "天使轮",
    "K10_产品标签": "网联清算",
    "K11_产品状态": null
  },
  {
    "K00_基准企业": "银联商务股份有限公司",
    "K01_穿透类型": "B持股",
    "K02_穿透层级": "2",
    "source": "广州银联网络支付有限公司",
    "target": "深圳市深银联易办事金融服务有限公司",
    "K05_是否控股": true,
    "value": "51",
    "K07_持股浮点": "0.51",
    "K08_投资金额": "1632万人民币",
    "K09_融资标签": null,
    "K10_产品标签": "易办事",
    "K11_产品状态": null
  },
  {
    "K00_基准企业": "银联商务股份有限公司",
    "K01_穿透类型": "B持股",
    "K02_穿透层级": "2",
    "source": "广州银联网络支付有限公司",
    "target": "广东银联商务有限公司",
    "K05_是否控股": null,
    "value": "25",
    "K07_持股浮点": "0.25",
    "K08_投资金额": "530.7万人民币",
    "K09_融资标签": null,
    "K10_产品标签": null,
    "K11_产品状态": null
  },
  {
    "K00_基准企业": "银联商务股份有限公司",
    "K01_穿透类型": "B持股",
    "K02_穿透层级": "2",
    "source": "广州银联网络支付有限公司",
    "target": "中金金融认证中心有限公司",
    "K05_是否控股": null,
    "value": "20.45455",
    "K07_持股浮点": "0.2045455",
    "K08_投资金额": "10227.2725万人民币",
    "K09_融资标签": "股权融资",
    "K10_产品标签": "中国金融认证中心",
    "K11_产品状态": null
  },
  {
    "K00_基准企业": "银联商务股份有限公司",
    "K01_穿透类型": "B持股",
    "K02_穿透层级": "2",
    "source": "广州银联网络支付有限公司",
    "target": "卡友支付服务有限公司",
    "K05_是否控股": null,
    "value": "12.5",
    "K07_持股浮点": "0.125",
    "K08_投资金额": "1250万人民币",
    "K09_融资标签": "战略融资",
    "K10_产品标签": "卡友支付",
    "K11_产品状态": null
  },
  {
    "K00_基准企业": "银联商务股份有限公司",
    "K01_穿透类型": "B持股",
    "K02_穿透层级": "2",
    "source": "深圳市银联金融网络有限公司",
    "target": "上海银商资讯有限公司",
    "K05_是否控股": null,
    "value": "1.01833",
    "K07_持股浮点": "0.0101833",
    "K08_投资金额": "104万人民币",
    "K09_融资标签": "B轮",
    "K10_产品标签": "上海银商资讯",
    "K11_产品状态": null
  },
  {
    "K00_基准企业": "银联商务股份有限公司",
    "K01_穿透类型": "B持股",
    "K02_穿透层级": "2",
    "source": "宁波银联商务有限公司",
    "target": "宁波银邦金融服务有限公司",
    "K05_是否控股": null,
    "value": "30",
    "K07_持股浮点": "0.3",
    "K08_投资金额": "300万人民币",
    "K09_融资标签": null,
    "K10_产品标签": null,
    "K11_产品状态": null
  },
  {
    "K00_基准企业": "银联商务股份有限公司",
    "K01_穿透类型": "B持股",
    "K02_穿透层级": "2",
    "source": "厦门鑫融联电子商务有限公司",
    "target": "厦门市鑫融联合科技有限公司",
    "K05_是否控股": true,
    "value": "51",
    "K07_持股浮点": "0.51",
    "K08_投资金额": "510万",
    "K09_融资标签": null,
    "K10_产品标签": null,
    "K11_产品状态": null
  },
  {
    "K00_基准企业": "银联商务股份有限公司",
    "K01_穿透类型": "B持股",
    "K02_穿透层级": "2",
    "source": "银视通信息科技有限公司",
    "target": "上海视通智融信息技术有限公司",
    "K05_是否控股": true,
    "value": "100",
    "K07_持股浮点": "1.0",
    "K08_投资金额": "500万人民币",
    "K09_融资标签": null,
    "K10_产品标签": null,
    "K11_产品状态": null
  },
  {
    "K00_基准企业": "银联商务股份有限公司",
    "K01_穿透类型": "B持股",
    "K02_穿透层级": "2",
    "source": "上海银商资讯有限公司",
    "target": "上海银商电子商务有限公司",
    "K05_是否控股": true,
    "value": "100",
    "K07_持股浮点": "1.0",
    "K08_投资金额": "4000万人民币",
    "K09_融资标签": null,
    "K10_产品标签": null,
    "K11_产品状态": null
  },
  {
    "K00_基准企业": "银联商务股份有限公司",
    "K01_穿透类型": "B持股",
    "K02_穿透层级": "2",
    "source": "海联金汇科技股份有限公司",
    "target": "联动优势科技有限公司",
    "K05_是否控股": true,
    "value": "100",
    "K07_持股浮点": "1.0",
    "K08_投资金额": "71569.7284万人民币",
    "K09_融资标签": "并购",
    "K10_产品标签": "联动优势",
    "K11_产品状态": null
  },
  {
    "K00_基准企业": "银联商务股份有限公司",
    "K01_穿透类型": "B持股",
    "K02_穿透层级": "2",
    "source": "海联金汇科技股份有限公司",
    "target": "联动优势数字科技控股有限公司",
    "K05_是否控股": true,
    "value": "100",
    "K07_持股浮点": "1.0",
    "K08_投资金额": "40000",
    "K09_融资标签": null,
    "K10_产品标签": null,
    "K11_产品状态": null
  },
  {
    "K00_基准企业": "银联商务股份有限公司",
    "K01_穿透类型": "B持股",
    "K02_穿透层级": "2",
    "source": "海联金汇科技股份有限公司",
    "target": "青岛海联金汇汽车零部件有限公司",
    "K05_是否控股": true,
    "value": "100",
    "K07_持股浮点": "1.0",
    "K08_投资金额": "10000万",
    "K09_融资标签": null,
    "K10_产品标签": null,
    "K11_产品状态": null
  },
  {
    "K00_基准企业": "银联商务股份有限公司",
    "K01_穿透类型": "B持股",
    "K02_穿透层级": "2",
    "source": "海联金汇科技股份有限公司",
    "target": "青岛海联金汇电机有限公司",
    "K05_是否控股": true,
    "value": "100",
    "K07_持股浮点": "1.0",
    "K08_投资金额": "5000万",
    "K09_融资标签": null,
    "K10_产品标签": null,
    "K11_产品状态": null
  },
  {
    "K00_基准企业": "银联商务股份有限公司",
    "K01_穿透类型": "B持股",
    "K02_穿透层级": "2",
    "source": "海联金汇科技股份有限公司",
    "target": "联动云通信科技（北京）有限公司",
    "K05_是否控股": true,
    "value": "100",
    "K07_持股浮点": "1.0",
    "K08_投资金额": "5000万人民币",
    "K09_融资标签": null,
    "K10_产品标签": null,
    "K11_产品状态": null
  },
  {
    "K00_基准企业": "银联商务股份有限公司",
    "K01_穿透类型": "B持股",
    "K02_穿透层级": "2",
    "source": "海联金汇科技股份有限公司",
    "target": "上海和达汽车配件有限公司",
    "K05_是否控股": true,
    "value": "100",
    "K07_持股浮点": "1.0",
    "K08_投资金额": "3598.7344万人民币",
    "K09_融资标签": "并购",
    "K10_产品标签": "和达汽车配件",
    "K11_产品状态": null
  },
  {
    "K00_基准企业": "银联商务股份有限公司",
    "K01_穿透类型": "B持股",
    "K02_穿透层级": "2",
    "source": "海联金汇科技股份有限公司",
    "target": "湖南海立美达钢板加工配送有限公司",
    "K05_是否控股": true,
    "value": "100",
    "K07_持股浮点": "1.0",
    "K08_投资金额": "3000万人民币",
    "K09_融资标签": null,
    "K10_产品标签": null,
    "K11_产品状态": null
  },
  {
    "K00_基准企业": "银联商务股份有限公司",
    "K01_穿透类型": "B持股",
    "K02_穿透层级": "2",
    "source": "海联金汇科技股份有限公司",
    "target": "江苏盛世通钢铁供应链管理有限公司",
    "K05_是否控股": true,
    "value": "100",
    "K07_持股浮点": "1.0",
    "K08_投资金额": "2000万人民币",
    "K09_融资标签": null,
    "K10_产品标签": null,
    "K11_产品状态": null
  },
  {
    "K00_基准企业": "银联商务股份有限公司",
    "K01_穿透类型": "B持股",
    "K02_穿透层级": "2",
    "source": "海联金汇科技股份有限公司",
    "target": "广东海联鑫汇供应链管理有限公司",
    "K05_是否控股": true,
    "value": "100",
    "K07_持股浮点": "1.0",
    "K08_投资金额": "2000万人民币",
    "K09_融资标签": null,
    "K10_产品标签": null,
    "K11_产品状态": null
  },
  {
    "K00_基准企业": "银联商务股份有限公司",
    "K01_穿透类型": "B持股",
    "K02_穿透层级": "2",
    "source": "海联金汇科技股份有限公司",
    "target": "江西顺驰供应链管理有限公司",
    "K05_是否控股": true,
    "value": "100",
    "K07_持股浮点": "1.0",
    "K08_投资金额": "1500万人民币",
    "K09_融资标签": null,
    "K10_产品标签": null,
    "K11_产品状态": null
  },
  {
    "K00_基准企业": "银联商务股份有限公司",
    "K01_穿透类型": "B持股",
    "K02_穿透层级": "2",
    "source": "海联金汇科技股份有限公司",
    "target": "青岛海立美达模具有限公司",
    "K05_是否控股": true,
    "value": "100",
    "K07_持股浮点": "1.0",
    "K08_投资金额": "1200万",
    "K09_融资标签": null,
    "K10_产品标签": null,
    "K11_产品状态": null
  },
  {
    "K00_基准企业": "银联商务股份有限公司",
    "K01_穿透类型": "B持股",
    "K02_穿透层级": "2",
    "source": "海联金汇科技股份有限公司",
    "target": "广东横琴海联科技投资有限公司",
    "K05_是否控股": true,
    "value": "100",
    "K07_持股浮点": "1.0",
    "K08_投资金额": "1000万",
    "K09_融资标签": null,
    "K10_产品标签": null,
    "K11_产品状态": null
  },
  {
    "K00_基准企业": "银联商务股份有限公司",
    "K01_穿透类型": "B持股",
    "K02_穿透层级": "2",
    "source": "海联金汇科技股份有限公司",
    "target": "上海海联金汇汽车零部件有限公司",
    "K05_是否控股": true,
    "value": "100",
    "K07_持股浮点": "1.0",
    "K08_投资金额": "500万人民币",
    "K09_融资标签": null,
    "K10_产品标签": null,
    "K11_产品状态": null
  },
  {
    "K00_基准企业": "银联商务股份有限公司",
    "K01_穿透类型": "B持股",
    "K02_穿透层级": "2",
    "source": "海联金汇科技股份有限公司",
    "target": "青岛海联金汇精密机械制造有限公司",
    "K05_是否控股": true,
    "value": "100",
    "K07_持股浮点": "1.0",
    "K08_投资金额": "500万",
    "K09_融资标签": null,
    "K10_产品标签": null,
    "K11_产品状态": null
  },
  {
    "K00_基准企业": "银联商务股份有限公司",
    "K01_穿透类型": "B持股",
    "K02_穿透层级": "2",
    "source": "海联金汇科技股份有限公司",
    "target": "湖北海立美达汽车有限公司",
    "K05_是否控股": true,
    "value": "92.38088",
    "K07_持股浮点": "0.9238088",
    "K08_投资金额": "25127.6万人民币",
    "K09_融资标签": "战略融资",
    "K10_产品标签": "海立美达汽车",
    "K11_产品状态": null
  },
  {
    "K00_基准企业": "银联商务股份有限公司",
    "K01_穿透类型": "B持股",
    "K02_穿透层级": "2",
    "source": "海联金汇科技股份有限公司",
    "target": "湖北海立田汽车部件有限公司",
    "K05_是否控股": true,
    "value": "80",
    "K07_持股浮点": "0.8",
    "K08_投资金额": "3680万人民币",
    "K09_融资标签": null,
    "K10_产品标签": null,
    "K11_产品状态": null
  },
  {
    "K00_基准企业": "银联商务股份有限公司",
    "K01_穿透类型": "B持股",
    "K02_穿透层级": "2",
    "source": "海联金汇科技股份有限公司",
    "target": "海联金汇新材料（长春）有限公司",
    "K05_是否控股": true,
    "value": "55",
    "K07_持股浮点": "0.55",
    "K08_投资金额": "2750万",
    "K09_融资标签": null,
    "K10_产品标签": null,
    "K11_产品状态": null
  },
  {
    "K00_基准企业": "银联商务股份有限公司",
    "K01_穿透类型": "B持股",
    "K02_穿透层级": "2",
    "source": "海联金汇科技股份有限公司",
    "target": "河北智维股权投资基金合伙企业（有限合伙）",
    "K05_是否控股": null,
    "value": "20",
    "K07_持股浮点": "0.2",
    "K08_投资金额": "1000万人民币",
    "K09_融资标签": null,
    "K10_产品标签": null,
    "K11_产品状态": null
  },
  {
    "K00_基准企业": "银联商务股份有限公司",
    "K01_穿透类型": "B持股",
    "K02_穿透层级": "2",
    "source": "海联金汇科技股份有限公司",
    "target": "北京同润网络科技有限公司",
    "K05_是否控股": null,
    "value": "20",
    "K07_持股浮点": "0.2",
    "K08_投资金额": "250万人民币",
    "K09_融资标签": null,
    "K10_产品标签": null,
    "K11_产品状态": null
  },
  {
    "K00_基准企业": "银联商务股份有限公司",
    "K01_穿透类型": "B持股",
    "K02_穿透层级": "2",
    "source": "海联金汇科技股份有限公司",
    "target": "新余智科碳中和股权投资合伙企业（有限合伙）",
    "K05_是否控股": null,
    "value": "19.98668",
    "K07_持股浮点": "0.1998668",
    "K08_投资金额": "3000万人民币",
    "K09_融资标签": null,
    "K10_产品标签": null,
    "K11_产品状态": null
  },
  {
    "K00_基准企业": "银联商务股份有限公司",
    "K01_穿透类型": "B持股",
    "K02_穿透层级": "2",
    "source": "海联金汇科技股份有限公司",
    "target": "青岛泽优一期产业投资基金合伙企业（有限合伙）",
    "K05_是否控股": null,
    "value": "11.76471",
    "K07_持股浮点": "0.1176471",
    "K08_投资金额": "600万人民币",
    "K09_融资标签": null,
    "K10_产品标签": null,
    "K11_产品状态": null
  },
  {
    "K00_基准企业": "银联商务股份有限公司",
    "K01_穿透类型": "B持股",
    "K02_穿透层级": "2",
    "source": "海联金汇科技股份有限公司",
    "target": "青岛高创澳海股权投资管理有限公司",
    "K05_是否控股": null,
    "value": "9.92351",
    "K07_持股浮点": "0.0992351",
    "K08_投资金额": "120万",
    "K09_融资标签": null,
    "K10_产品标签": null,
    "K11_产品状态": null
  },
  {
    "K00_基准企业": "银联商务股份有限公司",
    "K01_穿透类型": "B持股",
    "K02_穿透层级": "2",
    "source": "海联金汇科技股份有限公司",
    "target": "青岛高创澳海创业投资企业（有限合伙）",
    "K05_是否控股": null,
    "value": "6.17284",
    "K07_持股浮点": "0.0617284",
    "K08_投资金额": "1000万",
    "K09_融资标签": null,
    "K10_产品标签": null,
    "K11_产品状态": null
  },
  {
    "K00_基准企业": "银联商务股份有限公司",
    "K01_穿透类型": "B持股",
    "K02_穿透层级": "2",
    "source": "海联金汇科技股份有限公司",
    "target": "嘉兴砺行壹号股权投资合伙企业（有限合伙）",
    "K05_是否控股": true,
    "value": "-",
    "K07_持股浮点": "0.0",
    "K08_投资金额": "-",
    "K09_融资标签": null,
    "K10_产品标签": null,
    "K11_产品状态": null
  },
  {
    "K00_基准企业": "银联商务股份有限公司",
    "K01_穿透类型": "B持股",
    "K02_穿透层级": "2",
    "source": "厦门易通卡运营有限责任公司",
    "target": "苏州通卡联城投资管理有限公司",
    "K05_是否控股": null,
    "value": "8.10866",
    "K07_持股浮点": "0.0810866",
    "K08_投资金额": "200万人民币",
    "K09_融资标签": null,
    "K10_产品标签": null,
    "K11_产品状态": null
  },
  {
    "K00_基准企业": "银联商务股份有限公司",
    "K01_穿透类型": "B持股",
    "K02_穿透层级": "2",
    "source": "上海付费通信息服务有限公司",
    "target": "上海付费通电子商务有限公司",
    "K05_是否控股": true,
    "value": "100",
    "K07_持股浮点": "1.0",
    "K08_投资金额": "100万人民币",
    "K09_融资标签": null,
    "K10_产品标签": null,
    "K11_产品状态": null
  },
  {
    "K00_基准企业": "银联商务股份有限公司",
    "K01_穿透类型": "B持股",
    "K02_穿透层级": "2",
    "source": "上海付费通信息服务有限公司",
    "target": "上海付费通网络科技有限公司",
    "K05_是否控股": true,
    "value": "100",
    "K07_持股浮点": "1.0",
    "K08_投资金额": "100万人民币",
    "K09_融资标签": null,
    "K10_产品标签": null,
    "K11_产品状态": null
  },
  {
    "K00_基准企业": "银联商务股份有限公司",
    "K01_穿透类型": "B持股",
    "K02_穿透层级": "2",
    "source": "上海付费通信息服务有限公司",
    "target": "网联清算有限公司",
    "K05_是否控股": null,
    "value": "0.64",
    "K07_持股浮点": "0.0064",
    "K08_投资金额": "1280万人民币",
    "K09_融资标签": "天使轮",
    "K10_产品标签": "网联清算",
    "K11_产品状态": null
  },
  {
    "K00_基准企业": "银联商务股份有限公司",
    "K01_穿透类型": "B持股",
    "K02_穿透层级": "2",
    "source": "网联清算有限公司",
    "target": "网联科技有限公司",
    "K05_是否控股": true,
    "value": "100",
    "K07_持股浮点": "1.0",
    "K08_投资金额": "50000万人民币",
    "K09_融资标签": null,
    "K10_产品标签": null,
    "K11_产品状态": null
  },
  {
    "K00_基准企业": "银联商务股份有限公司",
    "K01_穿透类型": "B持股",
    "K02_穿透层级": "3",
    "source": "上海银商资讯有限公司",
    "target": "上海银商电子商务有限公司",
    "K05_是否控股": true,
    "value": "100",
    "K07_持股浮点": "1.0",
    "K08_投资金额": "4000万人民币",
    "K09_融资标签": null,
    "K10_产品标签": null,
    "K11_产品状态": null
  },
  {
    "K00_基准企业": "银联商务股份有限公司",
    "K01_穿透类型": "B持股",
    "K02_穿透层级": "3",
    "source": "联动优势科技有限公司",
    "target": "联动优势电子商务有限公司",
    "K05_是否控股": true,
    "value": "100",
    "K07_持股浮点": "1.0",
    "K08_投资金额": "50000万人民币",
    "K09_融资标签": null,
    "K10_产品标签": "银联手机支付收银台",
    "K11_产品状态": null
  },
  {
    "K00_基准企业": "银联商务股份有限公司",
    "K01_穿透类型": "B持股",
    "K02_穿透层级": "3",
    "source": "联动优势科技有限公司",
    "target": "海联金汇（北京）金融科技有限公司",
    "K05_是否控股": true,
    "value": "100",
    "K07_持股浮点": "1.0",
    "K08_投资金额": "14286万",
    "K09_融资标签": "股权融资",
    "K10_产品标签": "海联金融",
    "K11_产品状态": null
  },
  {
    "K00_基准企业": "银联商务股份有限公司",
    "K01_穿透类型": "B持股",
    "K02_穿透层级": "3",
    "source": "联动优势科技有限公司",
    "target": "青岛联动优势信息服务有限公司",
    "K05_是否控股": true,
    "value": "100",
    "K07_持股浮点": "1.0",
    "K08_投资金额": "1000万",
    "K09_融资标签": null,
    "K10_产品标签": null,
    "K11_产品状态": null
  },
  {
    "K00_基准企业": "银联商务股份有限公司",
    "K01_穿透类型": "B持股",
    "K02_穿透层级": "3",
    "source": "联动优势科技有限公司",
    "target": "联动优势洲际（北京）科技有限公司",
    "K05_是否控股": true,
    "value": "100",
    "K07_持股浮点": "1.0",
    "K08_投资金额": "100万人民币",
    "K09_融资标签": null,
    "K10_产品标签": null,
    "K11_产品状态": null
  },
  {
    "K00_基准企业": "银联商务股份有限公司",
    "K01_穿透类型": "B持股",
    "K02_穿透层级": "3",
    "source": "联动优势科技有限公司",
    "target": "蜜小蜂智慧（北京）科技有限公司",
    "K05_是否控股": true,
    "value": "70",
    "K07_持股浮点": "0.7",
    "K08_投资金额": "2450万人民币",
    "K09_融资标签": "天使轮",
    "K10_产品标签": "蜜小蜂智慧",
    "K11_产品状态": null
  },
  {
    "K00_基准企业": "银联商务股份有限公司",
    "K01_穿透类型": "B持股",
    "K02_穿透层级": "3",
    "source": "苏州通卡联城投资管理有限公司",
    "target": "通卡联城网络科技有限公司",
    "K05_是否控股": true,
    "value": "38.1857",
    "K07_持股浮点": "0.381857",
    "K08_投资金额": "3385.8万人民币",
    "K09_融资标签": "A轮",
    "K10_产品标签": "通卡联城",
    "K11_产品状态": null
  },
  {
    "K00_基准企业": "银联商务股份有限公司",
    "K01_穿透类型": "B持股",
    "K02_穿透层级": "3",
    "source": "上海银商电子商务有限公司",
    "target": "海南银商电子商务服务有限公司",
    "K05_是否控股": true,
    "value": "100",
    "K07_持股浮点": "1.0",
    "K08_投资金额": "1000万人民币",
    "K09_融资标签": null,
    "K10_产品标签": null,
    "K11_产品状态": null
  },
  {
    "K00_基准企业": "银联商务股份有限公司",
    "K01_穿透类型": "B持股",
    "K02_穿透层级": "3",
    "source": "青岛海立美达模具有限公司",
    "target": "枣庄海联金汇汽车装备有限公司",
    "K05_是否控股": true,
    "value": "100",
    "K07_持股浮点": "1.0",
    "K08_投资金额": "6000万",
    "K09_融资标签": null,
    "K10_产品标签": null,
    "K11_产品状态": null
  },
  {
    "K00_基准企业": "银联商务股份有限公司",
    "K01_穿透类型": "B持股",
    "K02_穿透层级": "3",
    "source": "上海海联金汇汽车零部件有限公司",
    "target": "江西省通瑞电池制造有限公司",
    "K05_是否控股": true,
    "value": "70",
    "K07_持股浮点": "0.7",
    "K08_投资金额": "1960万人民币",
    "K09_融资标签": "天使轮",
    "K10_产品标签": "通瑞电池",
    "K11_产品状态": null
  },
  {
    "K00_基准企业": "银联商务股份有限公司",
    "K01_穿透类型": "B持股",
    "K02_穿透层级": "3",
    "source": "青岛高创澳海股权投资管理有限公司",
    "target": "青岛高创壹号产业投资基金合伙企业（有限合伙）",
    "K05_是否控股": null,
    "value": "4.91803",
    "K07_持股浮点": "0.0491803",
    "K08_投资金额": "150万",
    "K09_融资标签": null,
    "K10_产品标签": null,
    "K11_产品状态": null
  },
  {
    "K00_基准企业": "银联商务股份有限公司",
    "K01_穿透类型": "B持股",
    "K02_穿透层级": "3",
    "source": "青岛高创澳海股权投资管理有限公司",
    "target": "青岛泽优一期产业投资基金合伙企业（有限合伙）",
    "K05_是否控股": null,
    "value": "2.15686",
    "K07_持股浮点": "0.0215686",
    "K08_投资金额": "110万人民币",
    "K09_融资标签": null,
    "K10_产品标签": null,
    "K11_产品状态": null
  },
  {
    "K00_基准企业": "银联商务股份有限公司",
    "K01_穿透类型": "B持股",
    "K02_穿透层级": "3",
    "source": "青岛高创澳海股权投资管理有限公司",
    "target": "青岛高创澳海创业投资企业（有限合伙）",
    "K05_是否控股": null,
    "value": "1.23457",
    "K07_持股浮点": "0.0123457",
    "K08_投资金额": "200万",
    "K09_融资标签": null,
    "K10_产品标签": null,
    "K11_产品状态": null
  },
  {
    "K00_基准企业": "银联商务股份有限公司",
    "K01_穿透类型": "B持股",
    "K02_穿透层级": "3",
    "source": "青岛高创澳海股权投资管理有限公司",
    "target": "青岛瀛创科技投资中心（有限合伙）",
    "K05_是否控股": null,
    "value": "1",
    "K07_持股浮点": "0.01",
    "K08_投资金额": "100万",
    "K09_融资标签": null,
    "K10_产品标签": null,
    "K11_产品状态": null
  },
  {
    "K00_基准企业": "银联商务股份有限公司",
    "K01_穿透类型": "B持股",
    "K02_穿透层级": "3",
    "source": "青岛高创澳海股权投资管理有限公司",
    "target": "青岛高创产研科技成果转化投资基金合伙企业（有限合伙）",
    "K05_是否控股": null,
    "value": "1",
    "K07_持股浮点": "0.01",
    "K08_投资金额": "100",
    "K09_融资标签": null,
    "K10_产品标签": null,
    "K11_产品状态": null
  },
  {
    "K00_基准企业": "银联商务股份有限公司",
    "K01_穿透类型": "B持股",
    "K02_穿透层级": "3",
    "source": "青岛高创澳海股权投资管理有限公司",
    "target": "青岛高创贰号产业投资基金合伙企业（有限合伙）",
    "K05_是否控股": null,
    "value": "-",
    "K07_持股浮点": "0.0",
    "K08_投资金额": "-",
    "K09_融资标签": null,
    "K10_产品标签": null,
    "K11_产品状态": null
  },
  {
    "K00_基准企业": "银联商务股份有限公司",
    "K01_穿透类型": "B持股",
    "K02_穿透层级": "3",
    "source": "中金金融认证中心有限公司",
    "target": "中金支付有限公司",
    "K05_是否控股": true,
    "value": "100",
    "K07_持股浮点": "1.0",
    "K08_投资金额": "10000万人民币",
    "K09_融资标签": "拟收购",
    "K10_产品标签": "中金支付",
    "K11_产品状态": null
  },
  {
    "K00_基准企业": "银联商务股份有限公司",
    "K01_穿透类型": "B持股",
    "K02_穿透层级": "3",
    "source": "中金金融认证中心有限公司",
    "target": "北京中金国信科技有限公司",
    "K05_是否控股": true,
    "value": "100",
    "K07_持股浮点": "1.0",
    "K08_投资金额": "2000万人民币",
    "K09_融资标签": null,
    "K10_产品标签": "安心签",
    "K11_产品状态": null
  },
  {
    "K00_基准企业": "银联商务股份有限公司",
    "K01_穿透类型": "B持股",
    "K02_穿透层级": "3",
    "source": "中金金融认证中心有限公司",
    "target": "中金金融科技（长沙）有限公司",
    "K05_是否控股": true,
    "value": "100",
    "K07_持股浮点": "1.0",
    "K08_投资金额": "1000万人民币",
    "K09_融资标签": null,
    "K10_产品标签": "中金科技",
    "K11_产品状态": null
  },
  {
    "K00_基准企业": "银联商务股份有限公司",
    "K01_穿透类型": "B持股",
    "K02_穿透层级": "3",
    "source": "中金金融认证中心有限公司",
    "target": "重庆百行智能数据科技研究院有限公司",
    "K05_是否控股": null,
    "value": "30",
    "K07_持股浮点": "0.3",
    "K08_投资金额": "300万",
    "K09_融资标签": null,
    "K10_产品标签": null,
    "K11_产品状态": null
  },
  {
    "K00_基准企业": "银联商务股份有限公司",
    "K01_穿透类型": "B持股",
    "K02_穿透层级": "3",
    "source": "中金金融认证中心有限公司",
    "target": "鸿鑫数据服务股份有限公司",
    "K05_是否控股": null,
    "value": "10",
    "K07_持股浮点": "0.1",
    "K08_投资金额": "500万",
    "K09_融资标签": "天使轮",
    "K10_产品标签": "鸿鑫数据",
    "K11_产品状态": null
  },
  {
    "K00_基准企业": "银联商务股份有限公司",
    "K01_穿透类型": "B持股",
    "K02_穿透层级": "3",
    "source": "中金金融认证中心有限公司",
    "target": "天津国科量子科技有限公司",
    "K05_是否控股": null,
    "value": "10",
    "K07_持股浮点": "0.1",
    "K08_投资金额": "500万人民币",
    "K09_融资标签": "天使轮",
    "K10_产品标签": "天津国科量子",
    "K11_产品状态": null
  },
  {
    "K00_基准企业": "银联商务股份有限公司",
    "K01_穿透类型": "B持股",
    "K02_穿透层级": "3",
    "source": "青岛高创澳海创业投资企业（有限合伙）",
    "target": "青岛海成慧车智能科技有限公司",
    "K05_是否控股": null,
    "value": "16.66667",
    "K07_持股浮点": "0.1666667",
    "K08_投资金额": "400万",
    "K09_融资标签": "股权融资",
    "K10_产品标签": "海成慧车",
    "K11_产品状态": null
  },
  {
    "K00_基准企业": "银联商务股份有限公司",
    "K01_穿透类型": "B持股",
    "K02_穿透层级": "3",
    "source": "青岛高创澳海创业投资企业（有限合伙）",
    "target": "青岛澳西智能科技有限公司",
    "K05_是否控股": null,
    "value": "13.00813",
    "K07_持股浮点": "0.1300813",
    "K08_投资金额": "160万",
    "K09_融资标签": null,
    "K10_产品标签": null,
    "K11_产品状态": null
  },
  {
    "K00_基准企业": "银联商务股份有限公司",
    "K01_穿透类型": "B持股",
    "K02_穿透层级": "3",
    "source": "青岛高创澳海创业投资企业（有限合伙）",
    "target": "青岛科捷机器人有限公司",
    "K05_是否控股": null,
    "value": "2.6946",
    "K07_持股浮点": "0.026946",
    "K08_投资金额": "317.8855万",
    "K09_融资标签": "B+轮",
    "K10_产品标签": "科捷机器人",
    "K11_产品状态": null
  },
  {
    "K00_基准企业": "银联商务股份有限公司",
    "K01_穿透类型": "B持股",
    "K02_穿透层级": "3",
    "source": "青岛高创澳海创业投资企业（有限合伙）",
    "target": "青岛朗夫科技股份有限公司",
    "K05_是否控股": null,
    "value": "2.30255",
    "K07_持股浮点": "0.0230255",
    "K08_投资金额": "104.6952万",
    "K09_融资标签": "股权融资",
    "K10_产品标签": "朗夫包装",
    "K11_产品状态": null
  },
  {
    "K00_基准企业": "银联商务股份有限公司",
    "K01_穿透类型": "B持股",
    "K02_穿透层级": "3",
    "source": "青岛高创澳海创业投资企业（有限合伙）",
    "target": "青岛丰光精密机械股份有限公司",
    "K05_是否控股": null,
    "value": "1.6",
    "K07_持股浮点": "0.016",
    "K08_投资金额": "211.05万",
    "K09_融资标签": "定向增发",
    "K10_产品标签": "丰光精密",
    "K11_产品状态": "A股 | 正常上市"
  },
  {
    "K00_基准企业": "银联商务股份有限公司",
    "K01_穿透类型": "B持股",
    "K02_穿透层级": "3",
    "source": "青岛高创澳海创业投资企业（有限合伙）",
    "target": "山东盛华新材料科技股份有限公司",
    "K05_是否控股": null,
    "value": "1.40845",
    "K07_持股浮点": "0.0140845",
    "K08_投资金额": "240万人民币",
    "K09_融资标签": null,
    "K10_产品标签": "盛华科技",
    "K11_产品状态": "新三板 | 终止上市"
  },
  {
    "K00_基准企业": "银联商务股份有限公司",
    "K01_穿透类型": "B持股",
    "K02_穿透层级": "3",
    "source": "青岛高创澳海创业投资企业（有限合伙）",
    "target": "青岛智腾科技有限公司",
    "K05_是否控股": null,
    "value": "1.30373",
    "K07_持股浮点": "0.0130373",
    "K08_投资金额": "13.0156万",
    "K09_融资标签": "Pre-B轮",
    "K10_产品标签": "智腾科技",
    "K11_产品状态": null
  },
  {
    "K00_基准企业": "银联商务股份有限公司",
    "K01_穿透类型": "B持股",
    "K02_穿透层级": "3",
    "source": "青岛高创澳海创业投资企业（有限合伙）",
    "target": "山东宝港国际港务股份有限公司",
    "K05_是否控股": null,
    "value": "1.12919",
    "K07_持股浮点": "0.0112919",
    "K08_投资金额": "277.11万人民币",
    "K09_融资标签": "A轮",
    "K10_产品标签": "宝港国际",
    "K11_产品状态": null
  },
  {
    "K00_基准企业": "银联商务股份有限公司",
    "K01_穿透类型": "B持股",
    "K02_穿透层级": "3",
    "source": "青岛高创澳海创业投资企业（有限合伙）",
    "target": "江苏芯长征微电子集团股份有限公司",
    "K05_是否控股": null,
    "value": "0.6525",
    "K07_持股浮点": "0.006525",
    "K08_投资金额": "234.9万人民币",
    "K09_融资标签": "C轮",
    "K10_产品标签": "芯长征",
    "K11_产品状态": null
  },
  {
    "K00_基准企业": "银联商务股份有限公司",
    "K01_穿透类型": "B持股",
    "K02_穿透层级": "3",
    "source": "青岛高创澳海创业投资企业（有限合伙）",
    "target": "北京东方惠尔图像技术有限公司",
    "K05_是否控股": null,
    "value": "10",
    "K07_持股浮点": "0.0",
    "K08_投资金额": "-",
    "K09_融资标签": "股权融资",
    "K10_产品标签": "惠尔图像",
    "K11_产品状态": null
  },
  {
    "K00_基准企业": "银联商务股份有限公司",
    "K01_穿透类型": "B持股",
    "K02_穿透层级": "3",
    "source": "网联清算有限公司",
    "target": "网联科技有限公司",
    "K05_是否控股": true,
    "value": "100",
    "K07_持股浮点": "1.0",
    "K08_投资金额": "50000万人民币",
    "K09_融资标签": null,
    "K10_产品标签": null,
    "K11_产品状态": null
  },
  {
    "K00_基准企业": "银联商务股份有限公司",
    "K01_穿透类型": "B持股",
    "K02_穿透层级": "3",
    "source": "湖北海立美达汽车有限公司",
    "target": "枣阳市海美房地产开发有限公司",
    "K05_是否控股": null,
    "value": "10",
    "K07_持股浮点": "0.1",
    "K08_投资金额": "500万人民币",
    "K09_融资标签": null,
    "K10_产品标签": null,
    "K11_产品状态": null
  },
  {
    "K00_基准企业": "银联商务股份有限公司",
    "K01_穿透类型": "B持股",
    "K02_穿透层级": "3",
    "source": "厦门市鑫融联合科技有限公司",
    "target": "厦门市民数据服务股份有限公司",
    "K05_是否控股": null,
    "value": "10",
    "K07_持股浮点": "0.1",
    "K08_投资金额": "1000万",
    "K09_融资标签": "股权融资",
    "K10_产品标签": "i厦门",
    "K11_产品状态": null
  },
  {
    "K00_基准企业": "银联商务股份有限公司",
    "K01_穿透类型": "B持股",
    "K02_穿透层级": "3",
    "source": "网联科技有限公司",
    "target": "万事网联信息技术（北京）有限公司",
    "K05_是否控股": null,
    "value": "49",
    "K07_持股浮点": "0.49",
    "K08_投资金额": "49000万人民币",
    "K09_融资标签": null,
    "K10_产品标签": null,
    "K11_产品状态": null
  },
  {
    "K00_基准企业": "银联商务股份有限公司",
    "K01_穿透类型": "B持股",
    "K02_穿透层级": "3",
    "source": "新余智科碳中和股权投资合伙企业（有限合伙）",
    "target": "中鼎恒盛气体设备（芜湖）有限公司",
    "K05_是否控股": null,
    "value": "2.73808",
    "K07_持股浮点": "0.0273808",
    "K08_投资金额": "244万人民币",
    "K09_融资标签": "B轮",
    "K10_产品标签": "中鼎恒盛",
    "K11_产品状态": null
  },
  {
    "K00_基准企业": "银联商务股份有限公司",
    "K01_穿透类型": "B持股",
    "K02_穿透层级": "3",
    "source": "新余智科碳中和股权投资合伙企业（有限合伙）",
    "target": "北京智行者科技股份有限公司",
    "K05_是否控股": null,
    "value": "0.52594",
    "K07_持股浮点": "0.0052594",
    "K08_投资金额": "8.4227万人民币",
    "K09_融资标签": "D轮",
    "K10_产品标签": "智行者",
    "K11_产品状态": null
  },
  {
    "K00_基准企业": "银联商务股份有限公司",
    "K01_穿透类型": "B持股",
    "K02_穿透层级": "3",
    "source": "新余智科碳中和股权投资合伙企业（有限合伙）",
    "target": "未势能源科技有限公司",
    "K05_是否控股": null,
    "value": "0.47619",
    "K07_持股浮点": "0.0047619",
    "K08_投资金额": "344.1818万人民币",
    "K09_融资标签": "A轮",
    "K10_产品标签": "未势能源",
    "K11_产品状态": null
  },
  {
    "K00_基准企业": "银联商务股份有限公司",
    "K01_穿透类型": "B持股",
    "K02_穿透层级": "3",
    "source": "卡友支付服务有限公司",
    "target": "卡友金融服务（上海）有限公司",
    "K05_是否控股": true,
    "value": "100",
    "K07_持股浮点": "1.0",
    "K08_投资金额": "1600万人民币",
    "K09_融资标签": null,
    "K10_产品标签": null,
    "K11_产品状态": null
  },
  {
    "K00_基准企业": "银联商务股份有限公司",
    "K01_穿透类型": "B持股",
    "K02_穿透层级": "3",
    "source": "卡友支付服务有限公司",
    "target": "信付通（上海）投资有限公司",
    "K05_是否控股": true,
    "value": "100",
    "K07_持股浮点": "1.0",
    "K08_投资金额": "1000万人民币",
    "K09_融资标签": null,
    "K10_产品标签": null,
    "K11_产品状态": null
  },
  {
    "K00_基准企业": "银联商务股份有限公司",
    "K01_穿透类型": "B持股",
    "K02_穿透层级": "3",
    "source": "卡友支付服务有限公司",
    "target": "徕乾商业保理（上海）有限公司",
    "K05_是否控股": true,
    "value": "70",
    "K07_持股浮点": "0.7",
    "K08_投资金额": "3500万人民币",
    "K09_融资标签": null,
    "K10_产品标签": null,
    "K11_产品状态": null
  },
  {
    "K00_基准企业": "银联商务股份有限公司",
    "K01_穿透类型": "B持股",
    "K02_穿透层级": "3",
    "source": "卡友支付服务有限公司",
    "target": "卡友商业保理（上海）有限公司",
    "K05_是否控股": true,
    "value": "70",
    "K07_持股浮点": "0.7",
    "K08_投资金额": "3500万人民币",
    "K09_融资标签": null,
    "K10_产品标签": null,
    "K11_产品状态": null
  },
  {
    "K00_基准企业": "银联商务股份有限公司",
    "K01_穿透类型": "B持股",
    "K02_穿透层级": "3",
    "source": "卡友支付服务有限公司",
    "target": "深圳华胜保理有限公司",
    "K05_是否控股": true,
    "value": "51",
    "K07_持股浮点": "0.51",
    "K08_投资金额": "10200万人民币",
    "K09_融资标签": null,
    "K10_产品标签": null,
    "K11_产品状态": null
  },
  {
    "K00_基准企业": "银联商务股份有限公司",
    "K01_穿透类型": "B持股",
    "K02_穿透层级": "3",
    "source": "嘉兴砺行壹号股权投资合伙企业（有限合伙）",
    "target": "无锡砺行新动能股权投资合伙企业（有限合伙）",
    "K05_是否控股": null,
    "value": "-",
    "K07_持股浮点": "0.0",
    "K08_投资金额": "-",
    "K09_融资标签": null,
    "K10_产品标签": null,
    "K11_产品状态": null
  },
  {
    "K00_基准企业": "银联商务股份有限公司",
    "K01_穿透类型": "B持股",
    "K02_穿透层级": "3",
    "source": "广东横琴海联科技投资有限公司",
    "target": "海立美达（珠海横琴）科技有限公司",
    "K05_是否控股": true,
    "value": "100",
    "K07_持股浮点": "1.0",
    "K08_投资金额": "100万",
    "K09_融资标签": null,
    "K10_产品标签": null,
    "K11_产品状态": null
  },
  {
    "K00_基准企业": "银联商务股份有限公司",
    "K01_穿透类型": "B持股",
    "K02_穿透层级": "3",
    "source": "青岛海联金汇汽车零部件有限公司",
    "target": "柳州市海联金汇汽车零部件有限公司",
    "K05_是否控股": true,
    "value": "100",
    "K07_持股浮点": "1.0",
    "K08_投资金额": "10000万人民币",
    "K09_融资标签": null,
    "K10_产品标签": null,
    "K11_产品状态": null
  },
  {
    "K00_基准企业": "银联商务股份有限公司",
    "K01_穿透类型": "B持股",
    "K02_穿透层级": "3",
    "source": "青岛海联金汇汽车零部件有限公司",
    "target": "保定海联金汇汽车零部件有限公司",
    "K05_是否控股": true,
    "value": "100",
    "K07_持股浮点": "1.0",
    "K08_投资金额": "5000万人民币",
    "K09_融资标签": null,
    "K10_产品标签": null,
    "K11_产品状态": null
  },
  {
    "K00_基准企业": "银联商务股份有限公司",
    "K01_穿透类型": "B持股",
    "K02_穿透层级": "3",
    "source": "上海和达汽车配件有限公司",
    "target": "宁德和达汽车配件有限公司",
    "K05_是否控股": true,
    "value": "100",
    "K07_持股浮点": "1.0",
    "K08_投资金额": "1500万人民币",
    "K09_融资标签": null,
    "K10_产品标签": null,
    "K11_产品状态": null
  },
  {
    "K00_基准企业": "银联商务股份有限公司",
    "K01_穿透类型": "B持股",
    "K02_穿透层级": "3",
    "source": "上海和达汽车配件有限公司",
    "target": "梅州和达汽车配件有限公司",
    "K05_是否控股": true,
    "value": "100",
    "K07_持股浮点": "1.0",
    "K08_投资金额": "1200万",
    "K09_融资标签": null,
    "K10_产品标签": null,
    "K11_产品状态": null
  },
  {
    "K00_基准企业": "银联商务股份有限公司",
    "K01_穿透类型": "B持股",
    "K02_穿透层级": "3",
    "source": "上海和达汽车配件有限公司",
    "target": "天津和达汽车配件有限公司",
    "K05_是否控股": true,
    "value": "100",
    "K07_持股浮点": "1.0",
    "K08_投资金额": "1000万人民币",
    "K09_融资标签": null,
    "K10_产品标签": null,
    "K11_产品状态": null
  },
  {
    "K00_基准企业": "银联商务股份有限公司",
    "K01_穿透类型": "B持股",
    "K02_穿透层级": "3",
    "source": "上海和达汽车配件有限公司",
    "target": "襄阳海联金汇永喆热冲压汽车零部件有限公司",
    "K05_是否控股": true,
    "value": "51",
    "K07_持股浮点": "0.51",
    "K08_投资金额": "2550万人民币",
    "K09_融资标签": null,
    "K10_产品标签": null,
    "K11_产品状态": null
  },
  {
    "K00_基准企业": "银联商务股份有限公司",
    "K01_穿透类型": "B持股",
    "K02_穿透层级": "4",
    "source": "中鼎恒盛气体设备（芜湖）有限公司",
    "target": "北京中鼎恒盛气体设备有限公司",
    "K05_是否控股": true,
    "value": "100",
    "K07_持股浮点": "1.0",
    "K08_投资金额": "1000万人民币",
    "K09_融资标签": null,
    "K10_产品标签": null,
    "K11_产品状态": null
  },
  {
    "K00_基准企业": "银联商务股份有限公司",
    "K01_穿透类型": "B持股",
    "K02_穿透层级": "4",
    "source": "中鼎恒盛气体设备（芜湖）有限公司",
    "target": "中鼎恒盛能源装备（天津）有限公司",
    "K05_是否控股": true,
    "value": "100",
    "K07_持股浮点": "1.0",
    "K08_投资金额": "100万人民币",
    "K09_融资标签": null,
    "K10_产品标签": null,
    "K11_产品状态": null
  },
  {
    "K00_基准企业": "银联商务股份有限公司",
    "K01_穿透类型": "B持股",
    "K02_穿透层级": "4",
    "source": "中鼎恒盛气体设备（芜湖）有限公司",
    "target": "成都厚鼎氢能源装备有限公司",
    "K05_是否控股": true,
    "value": "51",
    "K07_持股浮点": "0.51",
    "K08_投资金额": "510万人民币",
    "K09_融资标签": null,
    "K10_产品标签": null,
    "K11_产品状态": null
  },
  {
    "K00_基准企业": "银联商务股份有限公司",
    "K01_穿透类型": "B持股",
    "K02_穿透层级": "4",
    "source": "徕乾商业保理（上海）有限公司",
    "target": "达乾金融信息服务（上海）有限公司",
    "K05_是否控股": true,
    "value": "100",
    "K07_持股浮点": "1.0",
    "K08_投资金额": "5000万人民币",
    "K09_融资标签": null,
    "K10_产品标签": null,
    "K11_产品状态": null
  },
  {
    "K00_基准企业": "银联商务股份有限公司",
    "K01_穿透类型": "B持股",
    "K02_穿透层级": "4",
    "source": "徕乾商业保理（上海）有限公司",
    "target": "雅辉供应链科技（上海）有限公司",
    "K05_是否控股": true,
    "value": "100",
    "K07_持股浮点": "1.0",
    "K08_投资金额": "3000万人民币",
    "K09_融资标签": null,
    "K10_产品标签": null,
    "K11_产品状态": null
  },
  {
    "K00_基准企业": "银联商务股份有限公司",
    "K01_穿透类型": "B持股",
    "K02_穿透层级": "4",
    "source": "徕乾商业保理（上海）有限公司",
    "target": "徕乾资产管理（上海）有限公司",
    "K05_是否控股": true,
    "value": "100",
    "K07_持股浮点": "1.0",
    "K08_投资金额": "1000万人民币",
    "K09_融资标签": null,
    "K10_产品标签": null,
    "K11_产品状态": null
  },
  {
    "K00_基准企业": "银联商务股份有限公司",
    "K01_穿透类型": "B持股",
    "K02_穿透层级": "4",
    "source": "卡友金融服务（上海）有限公司",
    "target": "徕乾商业保理（上海）有限公司",
    "K05_是否控股": null,
    "value": "30",
    "K07_持股浮点": "0.3",
    "K08_投资金额": "1500万人民币",
    "K09_融资标签": null,
    "K10_产品标签": null,
    "K11_产品状态": null
  },
  {
    "K00_基准企业": "银联商务股份有限公司",
    "K01_穿透类型": "B持股",
    "K02_穿透层级": "4",
    "source": "卡友金融服务（上海）有限公司",
    "target": "卡友商业保理（上海）有限公司",
    "K05_是否控股": null,
    "value": "30",
    "K07_持股浮点": "0.3",
    "K08_投资金额": "1500万人民币",
    "K09_融资标签": null,
    "K10_产品标签": null,
    "K11_产品状态": null
  },
  {
    "K00_基准企业": "银联商务股份有限公司",
    "K01_穿透类型": "B持股",
    "K02_穿透层级": "4",
    "source": "北京智行者科技股份有限公司",
    "target": "广东纵行科技有限公司",
    "K05_是否控股": true,
    "value": "100",
    "K07_持股浮点": "1.0",
    "K08_投资金额": "5000万",
    "K09_融资标签": null,
    "K10_产品标签": null,
    "K11_产品状态": null
  },
  {
    "K00_基准企业": "银联商务股份有限公司",
    "K01_穿透类型": "B持股",
    "K02_穿透层级": "4",
    "source": "北京智行者科技股份有限公司",
    "target": "河北智行者科技有限公司",
    "K05_是否控股": true,
    "value": "100",
    "K07_持股浮点": "1.0",
    "K08_投资金额": "4000",
    "K09_融资标签": null,
    "K10_产品标签": null,
    "K11_产品状态": null
  },
  {
    "K00_基准企业": "银联商务股份有限公司",
    "K01_穿透类型": "B持股",
    "K02_穿透层级": "4",
    "source": "北京智行者科技股份有限公司",
    "target": "重庆兰德适普信息科技有限公司",
    "K05_是否控股": true,
    "value": "100",
    "K07_持股浮点": "1.0",
    "K08_投资金额": "1200万",
    "K09_融资标签": null,
    "K10_产品标签": null,
    "K11_产品状态": null
  },
  {
    "K00_基准企业": "银联商务股份有限公司",
    "K01_穿透类型": "B持股",
    "K02_穿透层级": "4",
    "source": "北京智行者科技股份有限公司",
    "target": "湘潭智行者科技有限公司",
    "K05_是否控股": true,
    "value": "100",
    "K07_持股浮点": "1.0",
    "K08_投资金额": "1000万人民币",
    "K09_融资标签": null,
    "K10_产品标签": null,
    "K11_产品状态": null
  },
  {
    "K00_基准企业": "银联商务股份有限公司",
    "K01_穿透类型": "B持股",
    "K02_穿透层级": "4",
    "source": "北京智行者科技股份有限公司",
    "target": "武汉智行者科技有限公司",
    "K05_是否控股": true,
    "value": "100",
    "K07_持股浮点": "1.0",
    "K08_投资金额": "1000万人民币",
    "K09_融资标签": null,
    "K10_产品标签": null,
    "K11_产品状态": null
  },
  {
    "K00_基准企业": "银联商务股份有限公司",
    "K01_穿透类型": "B持股",
    "K02_穿透层级": "4",
    "source": "北京智行者科技股份有限公司",
    "target": "合肥智行者科技有限公司",
    "K05_是否控股": true,
    "value": "100",
    "K07_持股浮点": "1.0",
    "K08_投资金额": "1000万人民币",
    "K09_融资标签": null,
    "K10_产品标签": null,
    "K11_产品状态": null
  },
  {
    "K00_基准企业": "银联商务股份有限公司",
    "K01_穿透类型": "B持股",
    "K02_穿透层级": "4",
    "source": "北京智行者科技股份有限公司",
    "target": "禹州市智行者科技有限公司",
    "K05_是否控股": true,
    "value": "100",
    "K07_持股浮点": "1.0",
    "K08_投资金额": "500万人民币",
    "K09_融资标签": null,
    "K10_产品标签": null,
    "K11_产品状态": null
  },
  {
    "K00_基准企业": "银联商务股份有限公司",
    "K01_穿透类型": "B持股",
    "K02_穿透层级": "4",
    "source": "北京智行者科技股份有限公司",
    "target": "广州智行者科技有限公司",
    "K05_是否控股": true,
    "value": "100",
    "K07_持股浮点": "1.0",
    "K08_投资金额": "100万人民币",
    "K09_融资标签": null,
    "K10_产品标签": null,
    "K11_产品状态": null
  },
  {
    "K00_基准企业": "银联商务股份有限公司",
    "K01_穿透类型": "B持股",
    "K02_穿透层级": "4",
    "source": "北京智行者科技股份有限公司",
    "target": "中科大路（青岛）科技有限公司",
    "K05_是否控股": null,
    "value": "9.7561",
    "K07_持股浮点": "0.097561",
    "K08_投资金额": "200万",
    "K09_融资标签": "A轮",
    "K10_产品标签": "中科大路",
    "K11_产品状态": null
  },
  {
    "K00_基准企业": "银联商务股份有限公司",
    "K01_穿透类型": "B持股",
    "K02_穿透层级": "4",
    "source": "北京智行者科技股份有限公司",
    "target": "国汽朴津智能科技（安庆）有限公司",
    "K05_是否控股": null,
    "value": "4.34211",
    "K07_持股浮点": "0.0434211",
    "K08_投资金额": "300万人民币",
    "K09_融资标签": "A轮",
    "K10_产品标签": "朴津智能",
    "K11_产品状态": null
  },
  {
    "K00_基准企业": "银联商务股份有限公司",
    "K01_穿透类型": "B持股",
    "K02_穿透层级": "4",
    "source": "上海银商电子商务有限公司",
    "target": "海南银商电子商务服务有限公司",
    "K05_是否控股": true,
    "value": "100",
    "K07_持股浮点": "1.0",
    "K08_投资金额": "1000万人民币",
    "K09_融资标签": null,
    "K10_产品标签": null,
    "K11_产品状态": null
  },
  {
    "K00_基准企业": "银联商务股份有限公司",
    "K01_穿透类型": "B持股",
    "K02_穿透层级": "4",
    "source": "青岛科捷机器人有限公司",
    "target": "苏州科立捷智能装备有限公司",
    "K05_是否控股": true,
    "value": "100",
    "K07_持股浮点": "1.0",
    "K08_投资金额": "1000万人民币",
    "K09_融资标签": null,
    "K10_产品标签": "科立捷",
    "K11_产品状态": null
  },
  {
    "K00_基准企业": "银联商务股份有限公司",
    "K01_穿透类型": "B持股",
    "K02_穿透层级": "4",
    "source": "青岛科捷机器人有限公司",
    "target": "青岛科捷智能服务机器人有限公司",
    "K05_是否控股": true,
    "value": "100",
    "K07_持股浮点": "1.0",
    "K08_投资金额": "1000万",
    "K09_融资标签": null,
    "K10_产品标签": null,
    "K11_产品状态": null
  },
  {
    "K00_基准企业": "银联商务股份有限公司",
    "K01_穿透类型": "B持股",
    "K02_穿透层级": "4",
    "source": "青岛科捷机器人有限公司",
    "target": "青岛科捷木业智能装备有限公司",
    "K05_是否控股": true,
    "value": "51",
    "K07_持股浮点": "0.51",
    "K08_投资金额": "510万人民币",
    "K09_融资标签": null,
    "K10_产品标签": null,
    "K11_产品状态": null
  },
  {
    "K00_基准企业": "银联商务股份有限公司",
    "K01_穿透类型": "B持股",
    "K02_穿透层级": "4",
    "source": "青岛科捷机器人有限公司",
    "target": "北京乾坤魔马智能科技有限公司",
    "K05_是否控股": null,
    "value": "4.75",
    "K07_持股浮点": "0.0475",
    "K08_投资金额": "15.0025万人民币",
    "K09_融资标签": "股权融资",
    "K10_产品标签": "猎豹快洗",
    "K11_产品状态": null
  },
  {
    "K00_基准企业": "银联商务股份有限公司",
    "K01_穿透类型": "B持股",
    "K02_穿透层级": "4",
    "source": "山东盛华新材料科技股份有限公司",
    "target": "山东盛华科技创业园有限公司",
    "K05_是否控股": true,
    "value": "100",
    "K07_持股浮点": "1.0",
    "K08_投资金额": "6143.54万",
    "K09_融资标签": null,
    "K10_产品标签": null,
    "K11_产品状态": null
  },
  {
    "K00_基准企业": "银联商务股份有限公司",
    "K01_穿透类型": "B持股",
    "K02_穿透层级": "4",
    "source": "山东盛华新材料科技股份有限公司",
    "target": "烟台盛华液晶材料有限公司",
    "K05_是否控股": true,
    "value": "100",
    "K07_持股浮点": "1.0",
    "K08_投资金额": "5000万",
    "K09_融资标签": null,
    "K10_产品标签": null,
    "K11_产品状态": null
  },
  {
    "K00_基准企业": "银联商务股份有限公司",
    "K01_穿透类型": "B持股",
    "K02_穿透层级": "4",
    "source": "山东盛华新材料科技股份有限公司",
    "target": "山东华霖药业有限公司",
    "K05_是否控股": true,
    "value": "100",
    "K07_持股浮点": "1.0",
    "K08_投资金额": "4500万",
    "K09_融资标签": null,
    "K10_产品标签": null,
    "K11_产品状态": null
  },
  {
    "K00_基准企业": "银联商务股份有限公司",
    "K01_穿透类型": "B持股",
    "K02_穿透层级": "4",
    "source": "山东盛华新材料科技股份有限公司",
    "target": "山东盛华电子新材料有限公司",
    "K05_是否控股": true,
    "value": "100",
    "K07_持股浮点": "1.0",
    "K08_投资金额": "4000万人民币",
    "K09_融资标签": null,
    "K10_产品标签": null,
    "K11_产品状态": null
  },
  {
    "K00_基准企业": "银联商务股份有限公司",
    "K01_穿透类型": "B持股",
    "K02_穿透层级": "4",
    "source": "山东盛华新材料科技股份有限公司",
    "target": "上海道客特新材料研究有限公司",
    "K05_是否控股": true,
    "value": "100",
    "K07_持股浮点": "1.0",
    "K08_投资金额": "500万人民币",
    "K09_融资标签": null,
    "K10_产品标签": null,
    "K11_产品状态": null
  },
  {
    "K00_基准企业": "银联商务股份有限公司",
    "K01_穿透类型": "B持股",
    "K02_穿透层级": "4",
    "source": "山东盛华新材料科技股份有限公司",
    "target": "莱阳市盛华电子材料有限公司",
    "K05_是否控股": true,
    "value": "100",
    "K07_持股浮点": "1.0",
    "K08_投资金额": "200万人民币",
    "K09_融资标签": null,
    "K10_产品标签": null,
    "K11_产品状态": null
  },
  {
    "K00_基准企业": "银联商务股份有限公司",
    "K01_穿透类型": "B持股",
    "K02_穿透层级": "4",
    "source": "山东宝港国际港务股份有限公司",
    "target": "山东金港港务有限公司",
    "K05_是否控股": true,
    "value": "59",
    "K07_持股浮点": "0.59",
    "K08_投资金额": "2950万人民币",
    "K09_融资标签": null,
    "K10_产品标签": null,
    "K11_产品状态": null
  },
  {
    "K00_基准企业": "银联商务股份有限公司",
    "K01_穿透类型": "B持股",
    "K02_穿透层级": "4",
    "source": "山东宝港国际港务股份有限公司",
    "target": "山东中燃宝港能源发展有限公司",
    "K05_是否控股": null,
    "value": "20",
    "K07_持股浮点": "0.2",
    "K08_投资金额": "5000万人民币",
    "K09_融资标签": null,
    "K10_产品标签": null,
    "K11_产品状态": null
  },
  {
    "K00_基准企业": "银联商务股份有限公司",
    "K01_穿透类型": "B持股",
    "K02_穿透层级": "4",
    "source": "联动优势电子商务有限公司",
    "target": "青岛中金卓越商业保理有限公司",
    "K05_是否控股": true,
    "value": "100",
    "K07_持股浮点": "1.0",
    "K08_投资金额": "5000万",
    "K09_融资标签": null,
    "K10_产品标签": null,
    "K11_产品状态": null
  },
  {
    "K00_基准企业": "银联商务股份有限公司",
    "K01_穿透类型": "B持股",
    "K02_穿透层级": "4",
    "source": "联动优势电子商务有限公司",
    "target": "上海联付信息科技有限公司",
    "K05_是否控股": true,
    "value": "100",
    "K07_持股浮点": "1.0",
    "K08_投资金额": "1000万人民币",
    "K09_融资标签": null,
    "K10_产品标签": null,
    "K11_产品状态": null
  },
  {
    "K00_基准企业": "银联商务股份有限公司",
    "K01_穿透类型": "B持股",
    "K02_穿透层级": "4",
    "source": "联动优势电子商务有限公司",
    "target": "大川车城数字科技（杭州）有限公司",
    "K05_是否控股": null,
    "value": "5",
    "K07_持股浮点": "0.05",
    "K08_投资金额": "5万人民币",
    "K09_融资标签": null,
    "K10_产品标签": null,
    "K11_产品状态": null
  },
  {
    "K00_基准企业": "银联商务股份有限公司",
    "K01_穿透类型": "B持股",
    "K02_穿透层级": "4",
    "source": "联动优势电子商务有限公司",
    "target": "网联清算有限公司",
    "K05_是否控股": null,
    "value": "1.99",
    "K07_持股浮点": "0.0199",
    "K08_投资金额": "3980万人民币",
    "K09_融资标签": "天使轮",
    "K10_产品标签": "网联清算",
    "K11_产品状态": null
  },
  {
    "K00_基准企业": "银联商务股份有限公司",
    "K01_穿透类型": "B持股",
    "K02_穿透层级": "4",
    "source": "青岛高创澳海创业投资企业（有限合伙）",
    "target": "青岛海成慧车智能科技有限公司",
    "K05_是否控股": null,
    "value": "16.66667",
    "K07_持股浮点": "0.1666667",
    "K08_投资金额": "400万",
    "K09_融资标签": "股权融资",
    "K10_产品标签": "海成慧车",
    "K11_产品状态": null
  },
  {
    "K00_基准企业": "银联商务股份有限公司",
    "K01_穿透类型": "B持股",
    "K02_穿透层级": "4",
    "source": "青岛高创澳海创业投资企业（有限合伙）",
    "target": "青岛澳西智能科技有限公司",
    "K05_是否控股": null,
    "value": "13.00813",
    "K07_持股浮点": "0.1300813",
    "K08_投资金额": "160万",
    "K09_融资标签": null,
    "K10_产品标签": null,
    "K11_产品状态": null
  },
  {
    "K00_基准企业": "银联商务股份有限公司",
    "K01_穿透类型": "B持股",
    "K02_穿透层级": "4",
    "source": "青岛高创澳海创业投资企业（有限合伙）",
    "target": "青岛科捷机器人有限公司",
    "K05_是否控股": null,
    "value": "2.6946",
    "K07_持股浮点": "0.026946",
    "K08_投资金额": "317.8855万",
    "K09_融资标签": "B+轮",
    "K10_产品标签": "科捷机器人",
    "K11_产品状态": null
  },
  {
    "K00_基准企业": "银联商务股份有限公司",
    "K01_穿透类型": "B持股",
    "K02_穿透层级": "4",
    "source": "青岛高创澳海创业投资企业（有限合伙）",
    "target": "青岛朗夫科技股份有限公司",
    "K05_是否控股": null,
    "value": "2.30255",
    "K07_持股浮点": "0.0230255",
    "K08_投资金额": "104.6952万",
    "K09_融资标签": "股权融资",
    "K10_产品标签": "朗夫包装",
    "K11_产品状态": null
  },
  {
    "K00_基准企业": "银联商务股份有限公司",
    "K01_穿透类型": "B持股",
    "K02_穿透层级": "4",
    "source": "青岛高创澳海创业投资企业（有限合伙）",
    "target": "青岛丰光精密机械股份有限公司",
    "K05_是否控股": null,
    "value": "1.6",
    "K07_持股浮点": "0.016",
    "K08_投资金额": "211.05万",
    "K09_融资标签": "定向增发",
    "K10_产品标签": "丰光精密",
    "K11_产品状态": "A股 | 正常上市"
  },
  {
    "K00_基准企业": "银联商务股份有限公司",
    "K01_穿透类型": "B持股",
    "K02_穿透层级": "4",
    "source": "青岛高创澳海创业投资企业（有限合伙）",
    "target": "山东盛华新材料科技股份有限公司",
    "K05_是否控股": null,
    "value": "1.40845",
    "K07_持股浮点": "0.0140845",
    "K08_投资金额": "240万人民币",
    "K09_融资标签": null,
    "K10_产品标签": "盛华科技",
    "K11_产品状态": "新三板 | 终止上市"
  },
  {
    "K00_基准企业": "银联商务股份有限公司",
    "K01_穿透类型": "B持股",
    "K02_穿透层级": "4",
    "source": "青岛高创澳海创业投资企业（有限合伙）",
    "target": "青岛智腾科技有限公司",
    "K05_是否控股": null,
    "value": "1.30373",
    "K07_持股浮点": "0.0130373",
    "K08_投资金额": "13.0156万",
    "K09_融资标签": "Pre-B轮",
    "K10_产品标签": "智腾科技",
    "K11_产品状态": null
  },
  {
    "K00_基准企业": "银联商务股份有限公司",
    "K01_穿透类型": "B持股",
    "K02_穿透层级": "4",
    "source": "青岛高创澳海创业投资企业（有限合伙）",
    "target": "山东宝港国际港务股份有限公司",
    "K05_是否控股": null,
    "value": "1.12919",
    "K07_持股浮点": "0.0112919",
    "K08_投资金额": "277.11万人民币",
    "K09_融资标签": "A轮",
    "K10_产品标签": "宝港国际",
    "K11_产品状态": null
  },
  {
    "K00_基准企业": "银联商务股份有限公司",
    "K01_穿透类型": "B持股",
    "K02_穿透层级": "4",
    "source": "青岛高创澳海创业投资企业（有限合伙）",
    "target": "江苏芯长征微电子集团股份有限公司",
    "K05_是否控股": null,
    "value": "0.6525",
    "K07_持股浮点": "0.006525",
    "K08_投资金额": "234.9万人民币",
    "K09_融资标签": "C轮",
    "K10_产品标签": "芯长征",
    "K11_产品状态": null
  },
  {
    "K00_基准企业": "银联商务股份有限公司",
    "K01_穿透类型": "B持股",
    "K02_穿透层级": "4",
    "source": "青岛高创澳海创业投资企业（有限合伙）",
    "target": "北京东方惠尔图像技术有限公司",
    "K05_是否控股": null,
    "value": "-",
    "K07_持股浮点": "0.0",
    "K08_投资金额": "-",
    "K09_融资标签": "股权融资",
    "K10_产品标签": "惠尔图像",
    "K11_产品状态": null
  },
  {
    "K00_基准企业": "银联商务股份有限公司",
    "K01_穿透类型": "B持股",
    "K02_穿透层级": "4",
    "source": "江苏芯长征微电子集团股份有限公司",
    "target": "南京芯长征科技有限公司",
    "K05_是否控股": true,
    "value": "100",
    "K07_持股浮点": "1.0",
    "K08_投资金额": "5000万人民币",
    "K09_融资标签": null,
    "K10_产品标签": null,
    "K11_产品状态": null
  },
  {
    "K00_基准企业": "银联商务股份有限公司",
    "K01_穿透类型": "B持股",
    "K02_穿透层级": "4",
    "source": "江苏芯长征微电子集团股份有限公司",
    "target": "江阴远征科技有限公司",
    "K05_是否控股": true,
    "value": "100",
    "K07_持股浮点": "1.0",
    "K08_投资金额": "5000万人民币",
    "K09_融资标签": null,
    "K10_产品标签": null,
    "K11_产品状态": null
  },
  {
    "K00_基准企业": "银联商务股份有限公司",
    "K01_穿透类型": "B持股",
    "K02_穿透层级": "4",
    "source": "江苏芯长征微电子集团股份有限公司",
    "target": "芯长征微电子制造（山东）有限公司",
    "K05_是否控股": true,
    "value": "100",
    "K07_持股浮点": "1.0",
    "K08_投资金额": "3000万",
    "K09_融资标签": null,
    "K10_产品标签": null,
    "K11_产品状态": null
  },
  {
    "K00_基准企业": "银联商务股份有限公司",
    "K01_穿透类型": "B持股",
    "K02_穿透层级": "4",
    "source": "江苏芯长征微电子集团股份有限公司",
    "target": "深圳芯原力科技有限公司",
    "K05_是否控股": true,
    "value": "100",
    "K07_持股浮点": "1.0",
    "K08_投资金额": "3000万人民币",
    "K09_融资标签": null,
    "K10_产品标签": null,
    "K11_产品状态": null
  },
  {
    "K00_基准企业": "银联商务股份有限公司",
    "K01_穿透类型": "B持股",
    "K02_穿透层级": "4",
    "source": "江苏芯长征微电子集团股份有限公司",
    "target": "山东阅芯电子科技有限公司",
    "K05_是否控股": true,
    "value": "100",
    "K07_持股浮点": "1.0",
    "K08_投资金额": "891.431万",
    "K09_融资标签": "股权融资",
    "K10_产品标签": "阅芯科技",
    "K11_产品状态": null
  },
  {
    "K00_基准企业": "银联商务股份有限公司",
    "K01_穿透类型": "B持股",
    "K02_穿透层级": "4",
    "source": "江苏芯长征微电子集团股份有限公司",
    "target": "北京芯长征科技有限公司",
    "K05_是否控股": true,
    "value": "100",
    "K07_持股浮点": "1.0",
    "K08_投资金额": "500万人民币",
    "K09_融资标签": null,
    "K10_产品标签": null,
    "K11_产品状态": null
  },
  {
    "K00_基准企业": "银联商务股份有限公司",
    "K01_穿透类型": "B持股",
    "K02_穿透层级": "4",
    "source": "青岛智腾科技有限公司",
    "target": "青岛智腾微电子有限公司",
    "K05_是否控股": true,
    "value": "100",
    "K07_持股浮点": "1.0",
    "K08_投资金额": "3800万",
    "K09_融资标签": null,
    "K10_产品标签": "青岛智腾",
    "K11_产品状态": null
  },
  {
    "K00_基准企业": "银联商务股份有限公司",
    "K01_穿透类型": "B持股",
    "K02_穿透层级": "4",
    "source": "青岛智腾科技有限公司",
    "target": "厦门烽行光电科技有限公司",
    "K05_是否控股": null,
    "value": "20",
    "K07_持股浮点": "0.2",
    "K08_投资金额": "200万",
    "K09_融资标签": null,
    "K10_产品标签": null,
    "K11_产品状态": null
  },
  {
    "K00_基准企业": "银联商务股份有限公司",
    "K01_穿透类型": "B持股",
    "K02_穿透层级": "4",
    "source": "重庆百行智能数据科技研究院有限公司",
    "target": "吉林省中吉金财科技研究院有限公司",
    "K05_是否控股": true,
    "value": "44.44444",
    "K07_持股浮点": "0.4444444",
    "K08_投资金额": "400万",
    "K09_融资标签": null,
    "K10_产品标签": null,
    "K11_产品状态": null
  },
  {
    "K00_基准企业": "银联商务股份有限公司",
    "K01_穿透类型": "B持股",
    "K02_穿透层级": "4",
    "source": "网联科技有限公司",
    "target": "万事网联信息技术（北京）有限公司",
    "K05_是否控股": null,
    "value": "49",
    "K07_持股浮点": "0.49",
    "K08_投资金额": "49000万人民币",
    "K09_融资标签": null,
    "K10_产品标签": null,
    "K11_产品状态": null
  },
  {
    "K00_基准企业": "银联商务股份有限公司",
    "K01_穿透类型": "B持股",
    "K02_穿透层级": "4",
    "source": "未势能源科技有限公司",
    "target": "上燃能源科技江苏有限公司",
    "K05_是否控股": true,
    "value": "100",
    "K07_持股浮点": "1.0",
    "K08_投资金额": "100000",
    "K09_融资标签": null,
    "K10_产品标签": null,
    "K11_产品状态": null
  },
  {
    "K00_基准企业": "银联商务股份有限公司",
    "K01_穿透类型": "B持股",
    "K02_穿透层级": "4",
    "source": "未势能源科技有限公司",
    "target": "上海燃料电池汽车动力系统有限公司",
    "K05_是否控股": true,
    "value": "100",
    "K07_持股浮点": "1.0",
    "K08_投资金额": "33000万人民币",
    "K09_融资标签": "战略融资",
    "K10_产品标签": "上海燃料电池",
    "K11_产品状态": null
  },
  {
    "K00_基准企业": "银联商务股份有限公司",
    "K01_穿透类型": "B持股",
    "K02_穿透层级": "4",
    "source": "未势能源科技有限公司",
    "target": "未势能源科技河北有限公司",
    "K05_是否控股": true,
    "value": "100",
    "K07_持股浮点": "1.0",
    "K08_投资金额": "5000万人民币",
    "K09_融资标签": null,
    "K10_产品标签": null,
    "K11_产品状态": null
  },
  {
    "K00_基准企业": "银联商务股份有限公司",
    "K01_穿透类型": "B持股",
    "K02_穿透层级": "4",
    "source": "未势能源科技有限公司",
    "target": "上燃能源科技（天津）有限公司",
    "K05_是否控股": true,
    "value": "100",
    "K07_持股浮点": "1.0",
    "K08_投资金额": "2000万人民币",
    "K09_融资标签": null,
    "K10_产品标签": null,
    "K11_产品状态": null
  },
  {
    "K00_基准企业": "银联商务股份有限公司",
    "K01_穿透类型": "B持股",
    "K02_穿透层级": "4",
    "source": "未势能源科技有限公司",
    "target": "上燃新能源科技唐山有限公司",
    "K05_是否控股": true,
    "value": "100",
    "K07_持股浮点": "1.0",
    "K08_投资金额": "1000万人民币",
    "K09_融资标签": null,
    "K10_产品标签": null,
    "K11_产品状态": null
  },
  {
    "K00_基准企业": "银联商务股份有限公司",
    "K01_穿透类型": "B持股",
    "K02_穿透层级": "4",
    "source": "未势能源科技有限公司",
    "target": "未势能源科技（郑州）有限公司",
    "K05_是否控股": true,
    "value": "100",
    "K07_持股浮点": "1.0",
    "K08_投资金额": "900万人民币",
    "K09_融资标签": null,
    "K10_产品标签": null,
    "K11_产品状态": null
  },
  {
    "K00_基准企业": "银联商务股份有限公司",
    "K01_穿透类型": "B持股",
    "K02_穿透层级": "4",
    "source": "未势能源科技有限公司",
    "target": "天津立本能源科技有限公司",
    "K05_是否控股": null,
    "value": "-",
    "K07_持股浮点": "0.0",
    "K08_投资金额": "-",
    "K09_融资标签": null,
    "K10_产品标签": null,
    "K11_产品状态": null
  },
  {
    "K00_基准企业": "银联商务股份有限公司",
    "K01_穿透类型": "B持股",
    "K02_穿透层级": "4",
    "source": "青岛朗夫科技股份有限公司",
    "target": "青岛朗夫物流有限公司",
    "K05_是否控股": true,
    "value": "100",
    "K07_持股浮点": "1.0",
    "K08_投资金额": "500万",
    "K09_融资标签": null,
    "K10_产品标签": null,
    "K11_产品状态": null
  },
  {
    "K00_基准企业": "银联商务股份有限公司",
    "K01_穿透类型": "B持股",
    "K02_穿透层级": "4",
    "source": "青岛朗夫科技股份有限公司",
    "target": "上海锦商天合投资有限公司",
    "K05_是否控股": true,
    "value": "100",
    "K07_持股浮点": "1.0",
    "K08_投资金额": "50万人民币",
    "K09_融资标签": null,
    "K10_产品标签": null,
    "K11_产品状态": null
  },
  {
    "K00_基准企业": "银联商务股份有限公司",
    "K01_穿透类型": "B持股",
    "K02_穿透层级": "4",
    "source": "青岛朗夫科技股份有限公司",
    "target": "青岛海丰朗夫供应链管理有限公司",
    "K05_是否控股": true,
    "value": "51",
    "K07_持股浮点": "0.51",
    "K08_投资金额": "1020万人民币",
    "K09_融资标签": null,
    "K10_产品标签": null,
    "K11_产品状态": null
  },
  {
    "K00_基准企业": "银联商务股份有限公司",
    "K01_穿透类型": "B持股",
    "K02_穿透层级": "4",
    "source": "青岛朗夫科技股份有限公司",
    "target": "新疆新铁朗夫供应链有限公司",
    "K05_是否控股": true,
    "value": "51",
    "K07_持股浮点": "0.51",
    "K08_投资金额": "510万人民币",
    "K09_融资标签": null,
    "K10_产品标签": null,
    "K11_产品状态": null
  },
  {
    "K00_基准企业": "银联商务股份有限公司",
    "K01_穿透类型": "B持股",
    "K02_穿透层级": "4",
    "source": "青岛朗夫科技股份有限公司",
    "target": "青岛柏泰科技有限公司",
    "K05_是否控股": null,
    "value": "30",
    "K07_持股浮点": "0.3",
    "K08_投资金额": "300万",
    "K09_融资标签": null,
    "K10_产品标签": null,
    "K11_产品状态": null
  },
  {
    "K00_基准企业": "银联商务股份有限公司",
    "K01_穿透类型": "B持股",
    "K02_穿透层级": "4",
    "source": "青岛瀛创科技投资中心（有限合伙）",
    "target": "浙江中科玖源新材料有限公司",
    "K05_是否控股": null,
    "value": "5.46514",
    "K07_持股浮点": "0.0546514",
    "K08_投资金额": "97.9941万人民币",
    "K09_融资标签": "B轮",
    "K10_产品标签": "中科玖源",
    "K11_产品状态": null
  },
  {
    "K00_基准企业": "银联商务股份有限公司",
    "K01_穿透类型": "B持股",
    "K02_穿透层级": "4",
    "source": "青岛瀛创科技投资中心（有限合伙）",
    "target": "垣矽技术（青岛）有限公司",
    "K05_是否控股": null,
    "value": "2.10526",
    "K07_持股浮点": "0.0210526",
    "K08_投资金额": "8.45万",
    "K09_融资标签": "A轮",
    "K10_产品标签": "垣矽技术",
    "K11_产品状态": null
  },
  {
    "K00_基准企业": "银联商务股份有限公司",
    "K01_穿透类型": "B持股",
    "K02_穿透层级": "4",
    "source": "青岛瀛创科技投资中心（有限合伙）",
    "target": "青岛本原微电子有限公司",
    "K05_是否控股": null,
    "value": "1.89292",
    "K07_持股浮点": "0.0189292",
    "K08_投资金额": "63.4921万",
    "K09_融资标签": "B轮",
    "K10_产品标签": "中科本原",
    "K11_产品状态": null
  },
  {
    "K00_基准企业": "银联商务股份有限公司",
    "K01_穿透类型": "B持股",
    "K02_穿透层级": "4",
    "source": "青岛瀛创科技投资中心（有限合伙）",
    "target": "杭州云镓半导体科技有限公司",
    "K05_是否控股": null,
    "value": "1.33471",
    "K07_持股浮点": "0.0133471",
    "K08_投资金额": "1.81万人民币",
    "K09_融资标签": "Pre-A+轮",
    "K10_产品标签": "云镓半导体",
    "K11_产品状态": null
  },
  {
    "K00_基准企业": "银联商务股份有限公司",
    "K01_穿透类型": "B持股",
    "K02_穿透层级": "4",
    "source": "信付通（上海）投资有限公司",
    "target": "上海宜数信息技术有限公司",
    "K05_是否控股": true,
    "value": "100",
    "K07_持股浮点": "1.0",
    "K08_投资金额": "200万人民币",
    "K09_融资标签": null,
    "K10_产品标签": "宜数",
    "K11_产品状态": null
  },
  {
    "K00_基准企业": "银联商务股份有限公司",
    "K01_穿透类型": "B持股",
    "K02_穿透层级": "4",
    "source": "青岛高创产研科技成果转化投资基金合伙企业（有限合伙）",
    "target": "青岛中微创芯电子有限公司",
    "K05_是否控股": null,
    "value": "4.30328",
    "K07_持股浮点": "0.0430328",
    "K08_投资金额": "18.9万",
    "K09_融资标签": "A+轮",
    "K10_产品标签": "中微创芯",
    "K11_产品状态": null
  },
  {
    "K00_基准企业": "银联商务股份有限公司",
    "K01_穿透类型": "B持股",
    "K02_穿透层级": "4",
    "source": "青岛高创产研科技成果转化投资基金合伙企业（有限合伙）",
    "target": "青岛本原微电子有限公司",
    "K05_是否控股": null,
    "value": "0.5814",
    "K07_持股浮点": "0.005814",
    "K08_投资金额": "19.5012万",
    "K09_融资标签": "B轮",
    "K10_产品标签": "中科本原",
    "K11_产品状态": null
  },
  {
    "K00_基准企业": "银联商务股份有限公司",
    "K01_穿透类型": "B持股",
    "K02_穿透层级": "4",
    "source": "北京东方惠尔图像技术有限公司",
    "target": "青岛惠尔医疗科技有限公司",
    "K05_是否控股": true,
    "value": "99.9",
    "K07_持股浮点": "0.999",
    "K08_投资金额": "3496.5万",
    "K09_融资标签": null,
    "K10_产品标签": null,
    "K11_产品状态": null
  },
  {
    "K00_基准企业": "银联商务股份有限公司",
    "K01_穿透类型": "B持股",
    "K02_穿透层级": "4",
    "source": "北京东方惠尔图像技术有限公司",
    "target": "北京东方惠尔医疗科技有限公司",
    "K05_是否控股": true,
    "value": "99",
    "K07_持股浮点": "0.99",
    "K08_投资金额": "2970万人民币",
    "K09_融资标签": null,
    "K10_产品标签": null,
    "K11_产品状态": null
  }
]