{"last_month":[{"K01_分组":"采购-低-供应链管理","K02_企业":"北京京邦达贸易有限公司","K03_监测开始日期":"2022-11-17","K11_高风险":0,"K12_警示":15,"K13_利好":1,"K14_提示":0,"K15_司法风险":15,"K16_工商风险":0,"K17_经营风险":0,"K18_经营状况":1},
{"K01_分组":"采购-低-供应链管理","K02_企业":"北京迈德豪科技有限公司","K03_监测开始日期":"2022-11-17","K11_高风险":0,"K12_警示":0,"K13_利好":10,"K14_提示":0,"K15_司法风险":0,"K16_工商风险":0,"K17_经营风险":0,"K18_经营状况":10},
{"K01_分组":"采购-低-供应链管理","K02_企业":"北京荣坦餐饮设备有限公司","K03_监测开始日期":"2022-11-17","K11_高风险":0,"K12_警示":0,"K13_利好":0,"K14_提示":0,"K15_司法风险":0,"K16_工商风险":0,"K17_经营风险":0,"K18_经营状况":0},
{"K01_分组":"采购-低-供应链管理","K02_企业":"北京通友时代科技有限公司","K03_监测开始日期":"2022-11-17","K11_高风险":0,"K12_警示":0,"K13_利好":0,"K14_提示":0,"K15_司法风险":0,"K16_工商风险":0,"K17_经营风险":0,"K18_经营状况":0},
{"K01_分组":"采购-低-供应链管理","K02_企业":"北京鲜平信息技术有限公司","K03_监测开始日期":"2022-11-17","K11_高风险":0,"K12_警示":0,"K13_利好":0,"K14_提示":0,"K15_司法风险":0,"K16_工商风险":0,"K17_经营风险":0,"K18_经营状况":0},
{"K01_分组":"采购-低-供应链管理","K02_企业":"北京芯祥科技有限公司","K03_监测开始日期":"2022-11-17","K11_高风险":0,"K12_警示":0,"K13_利好":0,"K14_提示":0,"K15_司法风险":0,"K16_工商风险":0,"K17_经营风险":0,"K18_经营状况":0},
{"K01_分组":"采购-低-供应链管理","K02_企业":"北京中卡聚鲜供应链管理有限公司","K03_监测开始日期":"2022-11-17","K11_高风险":0,"K12_警示":0,"K13_利好":0,"K14_提示":1,"K15_司法风险":0,"K16_工商风险":1,"K17_经营风险":0,"K18_经营状况":0},
{"K01_分组":"采购-低-供应链管理","K02_企业":"佛山市三文科技有限公司","K03_监测开始日期":"2022-11-17","K11_高风险":0,"K12_警示":0,"K13_利好":0,"K14_提示":0,"K15_司法风险":0,"K16_工商风险":0,"K17_经营风险":0,"K18_经营状况":0},
{"K01_分组":"采购-低-供应链管理","K02_企业":"佛山市书福电子科技有限公司","K03_监测开始日期":"2022-11-17","K11_高风险":0,"K12_警示":0,"K13_利好":0,"K14_提示":0,"K15_司法风险":0,"K16_工商风险":0,"K17_经营风险":0,"K18_经营状况":0},
{"K01_分组":"采购-低-供应链管理","K02_企业":"广东天波信息技术股份有限公司","K03_监测开始日期":"2022-11-17","K11_高风险":0,"K12_警示":1,"K13_利好":0,"K14_提示":0,"K15_司法风险":1,"K16_工商风险":0,"K17_经营风险":0,"K18_经营状况":0},
{"K01_分组":"采购-低-供应链管理","K02_企业":"广东万事泰电器有限公司","K03_监测开始日期":"2022-11-17","K11_高风险":0,"K12_警示":0,"K13_利好":0,"K14_提示":0,"K15_司法风险":0,"K16_工商风险":0,"K17_经营风险":0,"K18_经营状况":0},
{"K01_分组":"采购-低-供应链管理","K02_企业":"广州市欧星环保材料有限公司","K03_监测开始日期":"2022-11-17","K11_高风险":0,"K12_警示":0,"K13_利好":0,"K14_提示":0,"K15_司法风险":0,"K16_工商风险":0,"K17_经营风险":0,"K18_经营状况":0},
{"K01_分组":"采购-低-供应链管理","K02_企业":"广州自我游网络科技有限公司","K03_监测开始日期":"2022-11-17","K11_高风险":0,"K12_警示":0,"K13_利好":0,"K14_提示":0,"K15_司法风险":0,"K16_工商风险":0,"K17_经营风险":0,"K18_经营状况":0},
{"K01_分组":"采购-低-供应链管理","K02_企业":"杭州山景城科技有限公司","K03_监测开始日期":"2022-11-17","K11_高风险":0,"K12_警示":0,"K13_利好":0,"K14_提示":0,"K15_司法风险":0,"K16_工商风险":0,"K17_经营风险":0,"K18_经营状况":0},
{"K01_分组":"采购-低-供应链管理","K02_企业":"杭州有赞科技有限公司","K03_监测开始日期":"2022-11-17","K11_高风险":0,"K12_警示":3,"K13_利好":0,"K14_提示":0,"K15_司法风险":3,"K16_工商风险":0,"K17_经营风险":0,"K18_经营状况":0},
{"K01_分组":"采购-低-供应链管理","K02_企业":"河北众愿机械设备有限公司","K03_监测开始日期":"2022-11-17","K11_高风险":0,"K12_警示":0,"K13_利好":0,"K14_提示":0,"K15_司法风险":0,"K16_工商风险":0,"K17_经营风险":0,"K18_经营状况":0},
{"K01_分组":"采购-低-供应链管理","K02_企业":"湖北长才机电有限公司","K03_监测开始日期":"2022-11-17","K11_高风险":0,"K12_警示":0,"K13_利好":0,"K14_提示":0,"K15_司法风险":0,"K16_工商风险":0,"K17_经营风险":0,"K18_经营状况":0},
{"K01_分组":"采购-低-供应链管理","K02_企业":"脉驰（北京）管理咨询有限公司","K03_监测开始日期":"2022-11-17","K11_高风险":0,"K12_警示":0,"K13_利好":0,"K14_提示":0,"K15_司法风险":0,"K16_工商风险":0,"K17_经营风险":0,"K18_经营状况":0},
{"K01_分组":"采购-低-供应链管理","K02_企业":"宁波美鲜送供应链管理有限公司","K03_监测开始日期":"2022-11-17","K11_高风险":0,"K12_警示":0,"K13_利好":0,"K14_提示":0,"K15_司法风险":0,"K16_工商风险":0,"K17_经营风险":0,"K18_经营状况":0},
{"K01_分组":"采购-低-供应链管理","K02_企业":"青岛海容商用冷链股份有限公司","K03_监测开始日期":"2022-11-17","K11_高风险":0,"K12_警示":25,"K13_利好":0,"K14_提示":0,"K15_司法风险":25,"K16_工商风险":0,"K17_经营风险":0,"K18_经营状况":0},
{"K01_分组":"采购-低-供应链管理","K02_企业":"厦门上古软件有限公司","K03_监测开始日期":"2022-11-17","K11_高风险":0,"K12_警示":0,"K13_利好":0,"K14_提示":0,"K15_司法风险":0,"K16_工商风险":0,"K17_经营风险":0,"K18_经营状况":0},
{"K01_分组":"采购-低-供应链管理","K02_企业":"上海酒店设备工程成套南翔厂有限公司","K03_监测开始日期":"2022-11-17","K11_高风险":0,"K12_警示":0,"K13_利好":0,"K14_提示":0,"K15_司法风险":0,"K16_工商风险":0,"K17_经营风险":0,"K18_经营状况":0},
{"K01_分组":"采购-低-供应链管理","K02_企业":"上海美萌软件科技有限公司","K03_监测开始日期":"2022-11-17","K11_高风险":0,"K12_警示":0,"K13_利好":0,"K14_提示":0,"K15_司法风险":0,"K16_工商风险":0,"K17_经营风险":0,"K18_经营状况":0},
{"K01_分组":"采购-低-供应链管理","K02_企业":"上海易校信息科技有限公司","K03_监测开始日期":"2022-11-17","K11_高风险":0,"K12_警示":0,"K13_利好":3,"K14_提示":0,"K15_司法风险":0,"K16_工商风险":0,"K17_经营风险":0,"K18_经营状况":3},
{"K01_分组":"采购-低-供应链管理","K02_企业":"深圳前海百递网络有限公司","K03_监测开始日期":"2022-11-17","K11_高风险":0,"K12_警示":0,"K13_利好":0,"K14_提示":0,"K15_司法风险":0,"K16_工商风险":0,"K17_经营风险":0,"K18_经营状况":0},
{"K01_分组":"采购-低-供应链管理","K02_企业":"深圳市骄翼电子有限公司","K03_监测开始日期":"2022-11-17","K11_高风险":0,"K12_警示":0,"K13_利好":0,"K14_提示":0,"K15_司法风险":0,"K16_工商风险":0,"K17_经营风险":0,"K18_经营状况":0},
{"K01_分组":"采购-低-供应链管理","K02_企业":"深圳市瑞钧科技有限公司","K03_监测开始日期":"2022-11-17","K11_高风险":0,"K12_警示":0,"K13_利好":0,"K14_提示":0,"K15_司法风险":0,"K16_工商风险":0,"K17_经营风险":0,"K18_经营状况":0},
{"K01_分组":"采购-低-供应链管理","K02_企业":"深圳市瑞亿科技电子有限公司","K03_监测开始日期":"2022-11-17","K11_高风险":0,"K12_警示":0,"K13_利好":0,"K14_提示":0,"K15_司法风险":0,"K16_工商风险":0,"K17_经营风险":0,"K18_经营状况":0},
{"K01_分组":"采购-低-供应链管理","K02_企业":"深圳市赛雨易昊科技有限公司","K03_监测开始日期":"2022-11-17","K11_高风险":0,"K12_警示":0,"K13_利好":0,"K14_提示":0,"K15_司法风险":0,"K16_工商风险":0,"K17_经营风险":0,"K18_经营状况":0},
{"K01_分组":"采购-低-供应链管理","K02_企业":"深圳市昱显科技有限公司","K03_监测开始日期":"2022-11-17","K11_高风险":0,"K12_警示":0,"K13_利好":0,"K14_提示":0,"K15_司法风险":0,"K16_工商风险":0,"K17_经营风险":0,"K18_经营状况":0},
{"K01_分组":"采购-低-供应链管理","K02_企业":"深圳微盟信息科技有限公司","K03_监测开始日期":"2022-11-17","K11_高风险":0,"K12_警示":0,"K13_利好":0,"K14_提示":0,"K15_司法风险":0,"K16_工商风险":0,"K17_经营风险":0,"K18_经营状况":0},
{"K01_分组":"采购-低-供应链管理","K02_企业":"天津秋缘纸制品股份有限公司","K03_监测开始日期":"2022-11-17","K11_高风险":0,"K12_警示":0,"K13_利好":0,"K14_提示":0,"K15_司法风险":0,"K16_工商风险":0,"K17_经营风险":0,"K18_经营状况":0},
{"K01_分组":"采购-低-供应链管理","K02_企业":"中集华鲜冷链技术河北有限公司","K03_监测开始日期":"2022-11-17","K11_高风险":0,"K12_警示":0,"K13_利好":0,"K14_提示":0,"K15_司法风险":0,"K16_工商风险":0,"K17_经营风险":0,"K18_经营状况":0},
{"K01_分组":"采购-低-供应链管理","K02_企业":"中山市双宁电器制造有限公司","K03_监测开始日期":"2022-11-17","K11_高风险":0,"K12_警示":0,"K13_利好":0,"K14_提示":0,"K15_司法风险":0,"K16_工商风险":0,"K17_经营风险":0,"K18_经营状况":0},
{"K01_分组":"采购-低-技术风控","K02_企业":"阿里云计算有限公司","K03_监测开始日期":"2022-11-17","K11_高风险":1,"K12_警示":24,"K13_利好":1,"K14_提示":0,"K15_司法风险":25,"K16_工商风险":0,"K17_经营风险":0,"K18_经营状况":1},
{"K01_分组":"采购-低-技术风控","K02_企业":"安徽华米健康科技有限公司","K03_监测开始日期":"2022-11-17","K11_高风险":0,"K12_警示":0,"K13_利好":0,"K14_提示":0,"K15_司法风险":0,"K16_工商风险":0,"K17_经营风险":0,"K18_经营状况":0},
{"K01_分组":"采购-低-技术风控","K02_企业":"百维金科（上海）信息科技有限公司","K03_监测开始日期":"2022-11-17","K11_高风险":0,"K12_警示":0,"K13_利好":0,"K14_提示":0,"K15_司法风险":0,"K16_工商风险":0,"K17_经营风险":0,"K18_经营状况":0},
{"K01_分组":"采购-低-技术风控","K02_企业":"北京北宇电通通信技术有限公司","K03_监测开始日期":"2022-11-17","K11_高风险":0,"K12_警示":0,"K13_利好":0,"K14_提示":0,"K15_司法风险":0,"K16_工商风险":0,"K17_经营风险":0,"K18_经营状况":0},
{"K01_分组":"采购-低-技术风控","K02_企业":"北京创驰科技有限公司","K03_监测开始日期":"2022-11-17","K11_高风险":0,"K12_警示":0,"K13_利好":0,"K14_提示":0,"K15_司法风险":0,"K16_工商风险":0,"K17_经营风险":0,"K18_经营状况":0},
{"K01_分组":"采购-低-技术风控","K02_企业":"北京创世漫道科技有限公司","K03_监测开始日期":"2022-11-17","K11_高风险":0,"K12_警示":1,"K13_利好":0,"K14_提示":0,"K15_司法风险":1,"K16_工商风险":0,"K17_经营风险":0,"K18_经营状况":0},
{"K01_分组":"采购-低-技术风控","K02_企业":"北京大汉三通科技有限公司","K03_监测开始日期":"2022-11-17","K11_高风险":0,"K12_警示":0,"K13_利好":0,"K14_提示":0,"K15_司法风险":0,"K16_工商风险":0,"K17_经营风险":0,"K18_经营状况":0},
{"K01_分组":"采购-低-技术风控","K02_企业":"北京道口金科科技有限公司","K03_监测开始日期":"2022-11-17","K11_高风险":0,"K12_警示":0,"K13_利好":0,"K14_提示":0,"K15_司法风险":0,"K16_工商风险":0,"K17_经营风险":0,"K18_经营状况":0},
{"K01_分组":"采购-低-技术风控","K02_企业":"北京电信通电信工程有限公司","K03_监测开始日期":"2022-11-17","K11_高风险":3,"K12_警示":1,"K13_利好":0,"K14_提示":0,"K15_司法风险":4,"K16_工商风险":0,"K17_经营风险":0,"K18_经营状况":0},
{"K01_分组":"采购-低-技术风控","K02_企业":"北京鼎泰智源科技有限公司","K03_监测开始日期":"2022-11-17","K11_高风险":0,"K12_警示":0,"K13_利好":5,"K14_提示":0,"K15_司法风险":0,"K16_工商风险":0,"K17_经营风险":0,"K18_经营状况":5},
{"K01_分组":"采购-低-技术风控","K02_企业":"北京黑镜科技有限公司","K03_监测开始日期":"2022-11-17","K11_高风险":0,"K12_警示":0,"K13_利好":1,"K14_提示":0,"K15_司法风险":0,"K16_工商风险":0,"K17_经营风险":0,"K18_经营状况":1},
{"K01_分组":"采购-低-技术风控","K02_企业":"北京恒天瑞讯科技有限公司","K03_监测开始日期":"2022-11-17","K11_高风险":0,"K12_警示":0,"K13_利好":0,"K14_提示":0,"K15_司法风险":0,"K16_工商风险":0,"K17_经营风险":0,"K18_经营状况":0},
{"K01_分组":"采购-低-技术风控","K02_企业":"北京鸿博中胜商贸有限公司","K03_监测开始日期":"2022-11-17","K11_高风险":0,"K12_警示":0,"K13_利好":0,"K14_提示":0,"K15_司法风险":0,"K16_工商风险":0,"K17_经营风险":0,"K18_经营状况":0},
{"K01_分组":"采购-低-技术风控","K02_企业":"北京鸿鑫汇通商贸有限公司","K03_监测开始日期":"2022-11-17","K11_高风险":0,"K12_警示":0,"K13_利好":0,"K14_提示":0,"K15_司法风险":0,"K16_工商风险":0,"K17_经营风险":0,"K18_经营状况":0},
{"K01_分组":"采购-低-技术风控","K02_企业":"北京华道征信有限公司","K03_监测开始日期":"2022-11-17","K11_高风险":0,"K12_警示":0,"K13_利好":0,"K14_提示":0,"K15_司法风险":0,"K16_工商风险":0,"K17_经营风险":0,"K18_经营状况":0},
{"K01_分组":"采购-低-技术风控","K02_企业":"北京辉波通鑫网络科技有限公司","K03_监测开始日期":"2022-11-17","K11_高风险":0,"K12_警示":0,"K13_利好":0,"K14_提示":0,"K15_司法风险":0,"K16_工商风险":0,"K17_经营风险":0,"K18_经营状况":0},
{"K01_分组":"采购-低-技术风控","K02_企业":"北京慧点数码科技有限公司","K03_监测开始日期":"2022-11-17","K11_高风险":0,"K12_警示":0,"K13_利好":0,"K14_提示":0,"K15_司法风险":0,"K16_工商风险":0,"K17_经营风险":0,"K18_经营状况":0},
{"K01_分组":"采购-低-技术风控","K02_企业":"北京吉河嘉业商贸有限公司","K03_监测开始日期":"2022-11-17","K11_高风险":0,"K12_警示":0,"K13_利好":0,"K14_提示":0,"K15_司法风险":0,"K16_工商风险":0,"K17_经营风险":0,"K18_经营状况":0},
{"K01_分组":"采购-低-技术风控","K02_企业":"北京金堤征信服务有限公司","K03_监测开始日期":"2022-11-17","K11_高风险":0,"K12_警示":0,"K13_利好":0,"K14_提示":0,"K15_司法风险":0,"K16_工商风险":0,"K17_经营风险":0,"K18_经营状况":0},
{"K01_分组":"采购-低-技术风控","K02_企业":"北京尽微致广信息技术有限公司","K03_监测开始日期":"2022-11-17","K11_高风险":0,"K12_警示":0,"K13_利好":0,"K14_提示":1,"K15_司法风险":0,"K16_工商风险":0,"K17_经营风险":0,"K18_经营状况":1},
{"K01_分组":"采购-低-技术风控","K02_企业":"北京旷视科技有限公司","K03_监测开始日期":"2022-11-17","K11_高风险":0,"K12_警示":0,"K13_利好":0,"K14_提示":0,"K15_司法风险":0,"K16_工商风险":0,"K17_经营风险":0,"K18_经营状况":0},
{"K01_分组":"采购-低-技术风控","K02_企业":"北京利天达成科技发展有限责任公司","K03_监测开始日期":"2022-11-17","K11_高风险":0,"K12_警示":0,"K13_利好":0,"K14_提示":0,"K15_司法风险":0,"K16_工商风险":0,"K17_经营风险":0,"K18_经营状况":0},
{"K01_分组":"采购-低-技术风控","K02_企业":"北京联合信任技术服务有限公司","K03_监测开始日期":"2022-11-17","K11_高风险":0,"K12_警示":0,"K13_利好":1,"K14_提示":0,"K15_司法风险":0,"K16_工商风险":0,"K17_经营风险":0,"K18_经营状况":1},
{"K01_分组":"采购-低-技术风控","K02_企业":"北京联云天下科技有限公司","K03_监测开始日期":"2022-11-17","K11_高风险":0,"K12_警示":0,"K13_利好":0,"K14_提示":0,"K15_司法风险":0,"K16_工商风险":0,"K17_经营风险":0,"K18_经营状况":0},
{"K01_分组":"采购-低-技术风控","K02_企业":"北京派动科技有限公司","K03_监测开始日期":"2022-11-17","K11_高风险":0,"K12_警示":0,"K13_利好":0,"K14_提示":0,"K15_司法风险":0,"K16_工商风险":0,"K17_经营风险":0,"K18_经营状况":0},
{"K01_分组":"采购-低-技术风控","K02_企业":"北京升鑫网络科技有限公司","K03_监测开始日期":"2022-11-17","K11_高风险":0,"K12_警示":0,"K13_利好":0,"K14_提示":0,"K15_司法风险":0,"K16_工商风险":0,"K17_经营风险":0,"K18_经营状况":0},
{"K01_分组":"采购-低-技术风控","K02_企业":"北京数米科技有限公司","K03_监测开始日期":"2022-11-17","K11_高风险":0,"K12_警示":0,"K13_利好":0,"K14_提示":0,"K15_司法风险":0,"K16_工商风险":0,"K17_经营风险":0,"K18_经营状况":0},
{"K01_分组":"采购-低-技术风控","K02_企业":"北京微吼时代科技有限公司","K03_监测开始日期":"2022-11-17","K11_高风险":0,"K12_警示":0,"K13_利好":0,"K14_提示":0,"K15_司法风险":0,"K16_工商风险":0,"K17_经营风险":0,"K18_经营状况":0},
{"K01_分组":"采购-低-技术风控","K02_企业":"北京亿华瑞成软件有限公司","K03_监测开始日期":"2022-11-17","K11_高风险":0,"K12_警示":0,"K13_利好":0,"K14_提示":0,"K15_司法风险":0,"K16_工商风险":0,"K17_经营风险":0,"K18_经营状况":0},
{"K01_分组":"采购-低-技术风控","K02_企业":"北京亿美软通科技有限公司","K03_监测开始日期":"2022-11-17","K11_高风险":0,"K12_警示":0,"K13_利好":0,"K14_提示":0,"K15_司法风险":0,"K16_工商风险":0,"K17_经营风险":0,"K18_经营状况":0},
{"K01_分组":"采购-低-技术风控","K02_企业":"北京易掌云峰科技有限公司","K03_监测开始日期":"2022-11-17","K11_高风险":0,"K12_警示":0,"K13_利好":0,"K14_提示":0,"K15_司法风险":0,"K16_工商风险":0,"K17_经营风险":0,"K18_经营状况":0},
{"K01_分组":"采购-低-技术风控","K02_企业":"北京羽乐创新科技有限公司","K03_监测开始日期":"2022-11-17","K11_高风险":0,"K12_警示":0,"K13_利好":0,"K14_提示":0,"K15_司法风险":0,"K16_工商风险":0,"K17_经营风险":0,"K18_经营状况":0},
{"K01_分组":"采购-低-技术风控","K02_企业":"北京元年科技股份有限公司","K03_监测开始日期":"2022-11-17","K11_高风险":0,"K12_警示":0,"K13_利好":8,"K14_提示":0,"K15_司法风险":0,"K16_工商风险":0,"K17_经营风险":0,"K18_经营状况":8},
{"K01_分组":"采购-低-技术风控","K02_企业":"北京云房数据技术有限责任公司","K03_监测开始日期":"2022-11-17","K11_高风险":0,"K12_警示":0,"K13_利好":0,"K14_提示":0,"K15_司法风险":0,"K16_工商风险":0,"K17_经营风险":0,"K18_经营状况":0},
{"K01_分组":"采购-低-技术风控","K02_企业":"北京云开乐享科技发展有限公司","K03_监测开始日期":"2022-11-17","K11_高风险":0,"K12_警示":0,"K13_利好":0,"K14_提示":0,"K15_司法风险":0,"K16_工商风险":0,"K17_经营风险":0,"K18_经营状况":0},
{"K01_分组":"采购-低-技术风控","K02_企业":"北京朕瑜科技发展有限公司","K03_监测开始日期":"2022-11-17","K11_高风险":0,"K12_警示":0,"K13_利好":0,"K14_提示":0,"K15_司法风险":0,"K16_工商风险":0,"K17_经营风险":0,"K18_经营状况":0},
{"K01_分组":"采购-低-技术风控","K02_企业":"北京中科盈泰科技发展有限公司","K03_监测开始日期":"2022-11-17","K11_高风险":0,"K12_警示":0,"K13_利好":0,"K14_提示":0,"K15_司法风险":0,"K16_工商风险":0,"K17_经营风险":0,"K18_经营状况":0},
{"K01_分组":"采购-低-技术风控","K02_企业":"北京中数智汇科技股份有限公司","K03_监测开始日期":"2022-11-17","K11_高风险":0,"K12_警示":0,"K13_利好":0,"K14_提示":0,"K15_司法风险":0,"K16_工商风险":0,"K17_经营风险":0,"K18_经营状况":0},
{"K01_分组":"采购-低-技术风控","K02_企业":"成都数联大有科技有限公司","K03_监测开始日期":"2022-11-17","K11_高风险":0,"K12_警示":0,"K13_利好":0,"K14_提示":0,"K15_司法风险":0,"K16_工商风险":0,"K17_经营风险":0,"K18_经营状况":0},
{"K01_分组":"采购-低-技术风控","K02_企业":"帆软软件有限公司","K03_监测开始日期":"2022-11-17","K11_高风险":0,"K12_警示":1,"K13_利好":0,"K14_提示":0,"K15_司法风险":1,"K16_工商风险":0,"K17_经营风险":0,"K18_经营状况":0},
{"K01_分组":"采购-低-技术风控","K02_企业":"福建永鸿兴融资担保有限公司","K03_监测开始日期":"2022-11-17","K11_高风险":0,"K12_警示":10,"K13_利好":0,"K14_提示":0,"K15_司法风险":10,"K16_工商风险":0,"K17_经营风险":0,"K18_经营状况":0},
{"K01_分组":"采购-低-技术风控","K02_企业":"富士胶片融资租赁（上海）有限公司","K03_监测开始日期":"2022-11-17","K11_高风险":0,"K12_警示":1,"K13_利好":0,"K14_提示":2,"K15_司法风险":1,"K16_工商风险":2,"K17_经营风险":0,"K18_经营状况":0},
{"K01_分组":"采购-低-技术风控","K02_企业":"广州科天视畅信息科技有限公司","K03_监测开始日期":"2022-11-17","K11_高风险":0,"K12_警示":0,"K13_利好":0,"K14_提示":0,"K15_司法风险":0,"K16_工商风险":0,"K17_经营风险":0,"K18_经营状况":0},
{"K01_分组":"采购-低-技术风控","K02_企业":"贵州白山云科技股份有限公司","K03_监测开始日期":"2022-11-17","K11_高风险":0,"K12_警示":0,"K13_利好":0,"K14_提示":0,"K15_司法风险":0,"K16_工商风险":0,"K17_经营风险":0,"K18_经营状况":0},
{"K01_分组":"采购-低-技术风控","K02_企业":"杭州尚尚签网络科技有限公司","K03_监测开始日期":"2022-11-17","K11_高风险":0,"K12_警示":0,"K13_利好":0,"K14_提示":0,"K15_司法风险":0,"K16_工商风险":0,"K17_经营风险":0,"K18_经营状况":0},
{"K01_分组":"采购-低-技术风控","K02_企业":"杭州微风企科技有限公司","K03_监测开始日期":"2022-11-17","K11_高风险":0,"K12_警示":0,"K13_利好":0,"K14_提示":1,"K15_司法风险":0,"K16_工商风险":1,"K17_经营风险":0,"K18_经营状况":0},
{"K01_分组":"采购-低-技术风控","K02_企业":"宏盛信安（北京）网络科技有限公司","K03_监测开始日期":"2022-11-17","K11_高风险":0,"K12_警示":0,"K13_利好":0,"K14_提示":1,"K15_司法风险":0,"K16_工商风险":0,"K17_经营风险":0,"K18_经营状况":1},
{"K01_分组":"采购-低-技术风控","K02_企业":"红关科技（北京）有限公司","K03_监测开始日期":"2022-11-17","K11_高风险":0,"K12_警示":0,"K13_利好":0,"K14_提示":0,"K15_司法风险":0,"K16_工商风险":0,"K17_经营风险":0,"K18_经营状况":0},
{"K01_分组":"采购-低-技术风控","K02_企业":"南京昆石网络技术有限公司","K03_监测开始日期":"2022-11-17","K11_高风险":0,"K12_警示":0,"K13_利好":0,"K14_提示":0,"K15_司法风险":0,"K16_工商风险":0,"K17_经营风险":0,"K18_经营状况":0},
{"K01_分组":"采购-低-技术风控","K02_企业":"南京三百云信息科技有限公司","K03_监测开始日期":"2022-11-17","K11_高风险":0,"K12_警示":0,"K13_利好":0,"K14_提示":1,"K15_司法风险":0,"K16_工商风险":0,"K17_经营风险":0,"K18_经营状况":1},
{"K01_分组":"采购-低-技术风控","K02_企业":"鹏博士大数据有限公司武汉分公司","K03_监测开始日期":"2022-11-17","K11_高风险":0,"K12_警示":0,"K13_利好":0,"K14_提示":0,"K15_司法风险":0,"K16_工商风险":0,"K17_经营风险":0,"K18_经营状况":0},
{"K01_分组":"采购-低-技术风控","K02_企业":"企查查科技有限公司","K03_监测开始日期":"2022-11-17","K11_高风险":0,"K12_警示":5,"K13_利好":0,"K14_提示":1,"K15_司法风险":5,"K16_工商风险":0,"K17_经营风险":0,"K18_经营状况":1},
{"K01_分组":"采购-低-技术风控","K02_企业":"青岛帆航洛克信息科技有限公司","K03_监测开始日期":"2022-11-17","K11_高风险":0,"K12_警示":0,"K13_利好":0,"K14_提示":0,"K15_司法风险":0,"K16_工商风险":0,"K17_经营风险":0,"K18_经营状况":0},
{"K01_分组":"采购-低-技术风控","K02_企业":"厦门市惟贝特电子有限公司","K03_监测开始日期":"2022-11-17","K11_高风险":0,"K12_警示":0,"K13_利好":0,"K14_提示":0,"K15_司法风险":0,"K16_工商风险":0,"K17_经营风险":0,"K18_经营状况":0},
{"K01_分组":"采购-低-技术风控","K02_企业":"厦门知信信息科技有限公司","K03_监测开始日期":"2022-11-17","K11_高风险":0,"K12_警示":0,"K13_利好":0,"K14_提示":0,"K15_司法风险":0,"K16_工商风险":0,"K17_经营风险":0,"K18_经营状况":0},
{"K01_分组":"采购-低-技术风控","K02_企业":"陕西联腾信息技术有限公司","K03_监测开始日期":"2022-11-17","K11_高风险":0,"K12_警示":0,"K13_利好":0,"K14_提示":2,"K15_司法风险":0,"K16_工商风险":2,"K17_经营风险":0,"K18_经营状况":0},
{"K01_分组":"采购-低-技术风控","K02_企业":"上海勃池信息技术有限公司","K03_监测开始日期":"2022-11-17","K11_高风险":0,"K12_警示":0,"K13_利好":0,"K14_提示":0,"K15_司法风险":0,"K16_工商风险":0,"K17_经营风险":0,"K18_经营状况":0},
{"K01_分组":"采购-低-技术风控","K02_企业":"上海端玛计算机科技有限公司","K03_监测开始日期":"2022-11-17","K11_高风险":0,"K12_警示":0,"K13_利好":0,"K14_提示":0,"K15_司法风险":0,"K16_工商风险":0,"K17_经营风险":0,"K18_经营状况":0},
{"K01_分组":"采购-低-技术风控","K02_企业":"上海弘人网络科技有限公司","K03_监测开始日期":"2022-11-17","K11_高风险":0,"K12_警示":0,"K13_利好":0,"K14_提示":0,"K15_司法风险":0,"K16_工商风险":0,"K17_经营风险":0,"K18_经营状况":0},
{"K01_分组":"采购-低-技术风控","K02_企业":"上海蜜度信息技术有限公司","K03_监测开始日期":"2022-11-17","K11_高风险":0,"K12_警示":0,"K13_利好":0,"K14_提示":0,"K15_司法风险":0,"K16_工商风险":0,"K17_经营风险":0,"K18_经营状况":0},
{"K01_分组":"采购-低-技术风控","K02_企业":"上海效科数字科技有限公司","K03_监测开始日期":"2022-11-17","K11_高风险":0,"K12_警示":0,"K13_利好":1,"K14_提示":0,"K15_司法风险":0,"K16_工商风险":0,"K17_经营风险":0,"K18_经营状况":1},
{"K01_分组":"采购-低-技术风控","K02_企业":"深圳法大大网络科技有限公司","K03_监测开始日期":"2022-11-17","K11_高风险":0,"K12_警示":0,"K13_利好":0,"K14_提示":0,"K15_司法风险":0,"K16_工商风险":0,"K17_经营风险":0,"K18_经营状况":0},
{"K01_分组":"采购-低-技术风控","K02_企业":"深圳市和讯华谷信息技术有限公司","K03_监测开始日期":"2022-11-17","K11_高风险":0,"K12_警示":1,"K13_利好":0,"K14_提示":0,"K15_司法风险":1,"K16_工商风险":0,"K17_经营风险":0,"K18_经营状况":0},
{"K01_分组":"采购-低-技术风控","K02_企业":"深圳市睿易通电子有限公司","K03_监测开始日期":"2022-11-17","K11_高风险":0,"K12_警示":0,"K13_利好":0,"K14_提示":0,"K15_司法风险":0,"K16_工商风险":0,"K17_经营风险":0,"K18_经营状况":0},
{"K01_分组":"采购-低-技术风控","K02_企业":"深圳市智语科技有限公司","K03_监测开始日期":"2022-11-17","K11_高风险":0,"K12_警示":0,"K13_利好":0,"K14_提示":0,"K15_司法风险":0,"K16_工商风险":0,"K17_经营风险":0,"K18_经营状况":0},
{"K01_分组":"采购-低-技术风控","K02_企业":"神州数码（中国）有限公司","K03_监测开始日期":"2022-11-17","K11_高风险":0,"K12_警示":1,"K13_利好":0,"K14_提示":0,"K15_司法风险":1,"K16_工商风险":0,"K17_经营风险":0,"K18_经营状况":0},
{"K01_分组":"采购-低-技术风控","K02_企业":"世唐云科（北京）科技有限公司","K03_监测开始日期":"2022-11-17","K11_高风险":0,"K12_警示":0,"K13_利好":0,"K14_提示":0,"K15_司法风险":0,"K16_工商风险":0,"K17_经营风险":0,"K18_经营状况":0},
{"K01_分组":"采购-低-技术风控","K02_企业":"算话智能科技有限公司","K03_监测开始日期":"2022-11-17","K11_高风险":0,"K12_警示":0,"K13_利好":0,"K14_提示":0,"K15_司法风险":0,"K16_工商风险":0,"K17_经营风险":0,"K18_经营状况":0},
{"K01_分组":"采购-低-技术风控","K02_企业":"腾讯云计算（北京）有限责任公司","K03_监测开始日期":"2022-11-17","K11_高风险":0,"K12_警示":2,"K13_利好":3,"K14_提示":0,"K15_司法风险":2,"K16_工商风险":0,"K17_经营风险":0,"K18_经营状况":3},
{"K01_分组":"采购-低-技术风控","K02_企业":"天冕信息技术（深圳）有限公司","K03_监测开始日期":"2022-11-17","K11_高风险":0,"K12_警示":0,"K13_利好":0,"K14_提示":0,"K15_司法风险":0,"K16_工商风险":0,"K17_经营风险":0,"K18_经营状况":0},
{"K01_分组":"采购-低-技术风控","K02_企业":"同盾网络科技有限公司","K03_监测开始日期":"2022-11-17","K11_高风险":0,"K12_警示":0,"K13_利好":0,"K14_提示":0,"K15_司法风险":0,"K16_工商风险":0,"K17_经营风险":0,"K18_经营状况":0},
{"K01_分组":"采购-低-技术风控","K02_企业":"信易搜（厦门）信用科技有限公司","K03_监测开始日期":"2022-11-17","K11_高风险":0,"K12_警示":0,"K13_利好":0,"K14_提示":0,"K15_司法风险":0,"K16_工商风险":0,"K17_经营风险":0,"K18_经营状况":0},
{"K01_分组":"采购-低-技术风控","K02_企业":"银联智策顾问（上海）有限公司","K03_监测开始日期":"2022-11-17","K11_高风险":0,"K12_警示":0,"K13_利好":0,"K14_提示":0,"K15_司法风险":0,"K16_工商风险":0,"K17_经营风险":0,"K18_经营状况":0},
{"K01_分组":"采购-低-技术风控","K02_企业":"元素征信有限责任公司","K03_监测开始日期":"2022-11-17","K11_高风险":0,"K12_警示":0,"K13_利好":0,"K14_提示":0,"K15_司法风险":0,"K16_工商风险":0,"K17_经营风险":0,"K18_经营状况":0},
{"K01_分组":"采购-低-技术风控","K02_企业":"云腾信通（北京）网络科技有限公司","K03_监测开始日期":"2022-11-17","K11_高风险":0,"K12_警示":0,"K13_利好":0,"K14_提示":0,"K15_司法风险":0,"K16_工商风险":0,"K17_经营风险":0,"K18_经营状况":0},
{"K01_分组":"采购-低-技术风控","K02_企业":"中国电信股份有限公司北京分公司","K03_监测开始日期":"2022-11-17","K11_高风险":0,"K12_警示":4,"K13_利好":0,"K14_提示":0,"K15_司法风险":4,"K16_工商风险":0,"K17_经营风险":0,"K18_经营状况":0},
{"K01_分组":"采购-低-技术风控","K02_企业":"中国电信股份有限公司武汉分公司","K03_监测开始日期":"2022-11-17","K11_高风险":0,"K12_警示":2,"K13_利好":0,"K14_提示":0,"K15_司法风险":2,"K16_工商风险":0,"K17_经营风险":0,"K18_经营状况":0},
{"K01_分组":"采购-低-技术风控","K02_企业":"中国联合网络通信有限公司武汉市分公司","K03_监测开始日期":"2022-11-17","K11_高风险":0,"K12_警示":1,"K13_利好":0,"K14_提示":0,"K15_司法风险":1,"K16_工商风险":0,"K17_经营风险":0,"K18_经营状况":0},
{"K01_分组":"采购-低-技术风控","K02_企业":"中国司法大数据研究院有限公司","K03_监测开始日期":"2022-11-17","K11_高风险":0,"K12_警示":0,"K13_利好":1,"K14_提示":0,"K15_司法风险":0,"K16_工商风险":0,"K17_经营风险":0,"K18_经营状况":1},
{"K01_分组":"采购-低-技术风控","K02_企业":"中金金融认证中心有限公司","K03_监测开始日期":"2022-11-17","K11_高风险":0,"K12_警示":0,"K13_利好":0,"K14_提示":4,"K15_司法风险":0,"K16_工商风险":4,"K17_经营风险":0,"K18_经营状况":0},
{"K01_分组":"采购-低-技术风控","K02_企业":"中科软科技股份有限公司","K03_监测开始日期":"2022-11-17","K11_高风险":0,"K12_警示":1,"K13_利好":0,"K14_提示":0,"K15_司法风险":1,"K16_工商风险":0,"K17_经营风险":0,"K18_经营状况":0},
{"K01_分组":"采购-低-技术风控","K02_企业":"重庆传显科技有限公司","K03_监测开始日期":"2022-11-17","K11_高风险":0,"K12_警示":0,"K13_利好":0,"K14_提示":0,"K15_司法风险":0,"K16_工商风险":0,"K17_经营风险":0,"K18_经营状况":0},
{"K01_分组":"采购-低-技术风控","K02_企业":"卓豪（中国）技术有限公司","K03_监测开始日期":"2022-11-17","K11_高风险":0,"K12_警示":0,"K13_利好":0,"K14_提示":0,"K15_司法风险":0,"K16_工商风险":0,"K17_经营风险":0,"K18_经营状况":0},
{"K01_分组":"采购-低-人力行政","K02_企业":"北京大侑可为数字科技有限公司","K03_监测开始日期":"2022-11-17","K11_高风险":0,"K12_警示":0,"K13_利好":0,"K14_提示":0,"K15_司法风险":0,"K16_工商风险":0,"K17_经营风险":0,"K18_经营状况":0},
{"K01_分组":"采购-低-人力行政","K02_企业":"北京海创恒源商贸有限公司","K03_监测开始日期":"2022-11-17","K11_高风险":0,"K12_警示":0,"K13_利好":0,"K14_提示":0,"K15_司法风险":0,"K16_工商风险":0,"K17_经营风险":0,"K18_经营状况":0},
{"K01_分组":"采购-低-人力行政","K02_企业":"北京华品博睿网络技术有限公司","K03_监测开始日期":"2022-11-17","K11_高风险":0,"K12_警示":1,"K13_利好":11,"K14_提示":0,"K15_司法风险":1,"K16_工商风险":0,"K17_经营风险":0,"K18_经营状况":11},
{"K01_分组":"采购-低-人力行政","K02_企业":"北京京彩奇观商贸有限公司","K03_监测开始日期":"2022-11-17","K11_高风险":0,"K12_警示":0,"K13_利好":0,"K14_提示":0,"K15_司法风险":0,"K16_工商风险":0,"K17_经营风险":0,"K18_经营状况":0},
{"K01_分组":"采购-低-人力行政","K02_企业":"北京立世律师事务所","K03_监测开始日期":"2022-11-17","K11_高风险":0,"K12_警示":0,"K13_利好":0,"K14_提示":0,"K15_司法风险":0,"K16_工商风险":0,"K17_经营风险":0,"K18_经营状况":0},
{"K01_分组":"采购-低-人力行政","K02_企业":"北京伟达园林绿化有限公司","K03_监测开始日期":"2022-11-17","K11_高风险":0,"K12_警示":0,"K13_利好":0,"K14_提示":0,"K15_司法风险":0,"K16_工商风险":0,"K17_经营风险":0,"K18_经营状况":0},
{"K01_分组":"采购-低-人力行政","K02_企业":"北京印客视觉图文设计制作中心","K03_监测开始日期":"2022-11-17","K11_高风险":0,"K12_警示":0,"K13_利好":0,"K14_提示":0,"K15_司法风险":0,"K16_工商风险":0,"K17_经营风险":0,"K18_经营状况":0},
{"K01_分组":"采购-低-人力行政","K02_企业":"颢赢（北京）管理咨询有限公司","K03_监测开始日期":"2022-11-17","K11_高风险":0,"K12_警示":0,"K13_利好":0,"K14_提示":1,"K15_司法风险":0,"K16_工商风险":1,"K17_经营风险":0,"K18_经营状况":0},
{"K01_分组":"采购-低-人力行政","K02_企业":"河南圆方物业管理有限公司","K03_监测开始日期":"2022-11-17","K11_高风险":0,"K12_警示":1,"K13_利好":0,"K14_提示":0,"K15_司法风险":1,"K16_工商风险":0,"K17_经营风险":0,"K18_经营状况":0},
{"K01_分组":"采购-低-人力行政","K02_企业":"江苏苏宁物流有限公司","K03_监测开始日期":"2022-11-17","K11_高风险":2,"K12_警示":7,"K13_利好":0,"K14_提示":0,"K15_司法风险":9,"K16_工商风险":0,"K17_经营风险":0,"K18_经营状况":0},
{"K01_分组":"采购-低-人力行政","K02_企业":"实时（北京）企业管理有限公司","K03_监测开始日期":"2022-11-17","K11_高风险":0,"K12_警示":0,"K13_利好":0,"K14_提示":0,"K15_司法风险":0,"K16_工商风险":0,"K17_经营风险":0,"K18_经营状况":0},
{"K01_分组":"采购-低-人力行政","K02_企业":"阳光惟诚（北京）企业管理有限公司","K03_监测开始日期":"2022-11-17","K11_高风险":0,"K12_警示":0,"K13_利好":0,"K14_提示":0,"K15_司法风险":0,"K16_工商风险":0,"K17_经营风险":0,"K18_经营状况":0},
{"K01_分组":"采购-低-人力行政","K02_企业":"壹佰分企业管理（北京）有限公司","K03_监测开始日期":"2022-11-17","K11_高风险":0,"K12_警示":0,"K13_利好":0,"K14_提示":0,"K15_司法风险":0,"K16_工商风险":0,"K17_经营风险":0,"K18_经营状况":0},
{"K01_分组":"采购-低-人力行政","K02_企业":"酉滋酉味（深圳）食品科技有限责任公司","K03_监测开始日期":"2022-11-17","K11_高风险":0,"K12_警示":0,"K13_利好":0,"K14_提示":0,"K15_司法风险":0,"K16_工商风险":0,"K17_经营风险":0,"K18_经营状况":0},
{"K01_分组":"采购-低-人力行政","K02_企业":"中国邮政集团有限公司北京市朝阳区呼家楼邮政支局","K03_监测开始日期":"2022-11-17","K11_高风险":0,"K12_警示":0,"K13_利好":0,"K14_提示":0,"K15_司法风险":0,"K16_工商风险":0,"K17_经营风险":0,"K18_经营状况":0},
{"K01_分组":"采购-低-市场推广","K02_企业":"安徽迅银科技有限公司","K03_监测开始日期":"2022-11-17","K11_高风险":0,"K12_警示":0,"K13_利好":0,"K14_提示":0,"K15_司法风险":0,"K16_工商风险":0,"K17_经营风险":0,"K18_经营状况":0},
{"K01_分组":"采购-低-市场推广","K02_企业":"北京保瑞东方文华文化发展有限公司","K03_监测开始日期":"2022-11-17","K11_高风险":0,"K12_警示":0,"K13_利好":0,"K14_提示":0,"K15_司法风险":0,"K16_工商风险":0,"K17_经营风险":0,"K18_经营状况":0},
{"K01_分组":"采购-低-市场推广","K02_企业":"北京布劳戈辰科技有限公司","K03_监测开始日期":"2022-11-17","K11_高风险":0,"K12_警示":0,"K13_利好":0,"K14_提示":0,"K15_司法风险":0,"K16_工商风险":0,"K17_经营风险":0,"K18_经营状况":0},
{"K01_分组":"采购-低-市场推广","K02_企业":"北京抖音信息服务有限公司","K03_监测开始日期":"2022-11-17","K11_高风险":0,"K12_警示":81,"K13_利好":0,"K14_提示":0,"K15_司法风险":81,"K16_工商风险":0,"K17_经营风险":0,"K18_经营状况":0},
{"K01_分组":"采购-低-市场推广","K02_企业":"北京恒亮盛业图文设计有限公司","K03_监测开始日期":"2022-11-17","K11_高风险":0,"K12_警示":0,"K13_利好":0,"K14_提示":0,"K15_司法风险":0,"K16_工商风险":0,"K17_经营风险":0,"K18_经营状况":0},
{"K01_分组":"采购-低-市场推广","K02_企业":"北京京唐国际商贸有限公司","K03_监测开始日期":"2022-11-17","K11_高风险":0,"K12_警示":0,"K13_利好":0,"K14_提示":0,"K15_司法风险":0,"K16_工商风险":0,"K17_经营风险":0,"K18_经营状况":0},
{"K01_分组":"采购-低-市场推广","K02_企业":"北京久惠网络科技有限公司","K03_监测开始日期":"2022-11-17","K11_高风险":0,"K12_警示":0,"K13_利好":0,"K14_提示":0,"K15_司法风险":0,"K16_工商风险":0,"K17_经营风险":0,"K18_经营状况":0},
{"K01_分组":"采购-低-市场推广","K02_企业":"北京明懿文化传媒有限公司","K03_监测开始日期":"2022-11-17","K11_高风险":0,"K12_警示":0,"K13_利好":0,"K14_提示":0,"K15_司法风险":0,"K16_工商风险":0,"K17_经营风险":0,"K18_经营状况":0},
{"K01_分组":"采购-低-市场推广","K02_企业":"北京南礼轩科技发展有限公司","K03_监测开始日期":"2022-11-17","K11_高风险":0,"K12_警示":0,"K13_利好":0,"K14_提示":0,"K15_司法风险":0,"K16_工商风险":0,"K17_经营风险":0,"K18_经营状况":0},
{"K01_分组":"采购-低-市场推广","K02_企业":"北京庆瑞骐商贸有限公司","K03_监测开始日期":"2022-11-17","K11_高风险":0,"K12_警示":0,"K13_利好":0,"K14_提示":0,"K15_司法风险":0,"K16_工商风险":0,"K17_经营风险":0,"K18_经营状况":0},
{"K01_分组":"采购-低-市场推广","K02_企业":"北京市地矿印刷有限公司","K03_监测开始日期":"2022-11-17","K11_高风险":0,"K12_警示":0,"K13_利好":0,"K14_提示":0,"K15_司法风险":0,"K16_工商风险":0,"K17_经营风险":0,"K18_经营状况":0},
{"K01_分组":"采购-低-市场推广","K02_企业":"北京微梦创科网络技术有限公司","K03_监测开始日期":"2022-11-17","K11_高风险":0,"K12_警示":117,"K13_利好":0,"K14_提示":0,"K15_司法风险":117,"K16_工商风险":0,"K17_经营风险":0,"K18_经营状况":0},
{"K01_分组":"采购-低-市场推广","K02_企业":"北京为盟信息科技有限公司","K03_监测开始日期":"2022-11-17","K11_高风险":0,"K12_警示":0,"K13_利好":0,"K14_提示":0,"K15_司法风险":0,"K16_工商风险":0,"K17_经营风险":0,"K18_经营状况":0},
{"K01_分组":"采购-低-市场推广","K02_企业":"北京五通信息技术有限公司","K03_监测开始日期":"2022-11-17","K11_高风险":0,"K12_警示":0,"K13_利好":0,"K14_提示":0,"K15_司法风险":0,"K16_工商风险":0,"K17_经营风险":0,"K18_经营状况":0},
{"K01_分组":"采购-低-市场推广","K02_企业":"北京易数科技有限公司","K03_监测开始日期":"2022-11-17","K11_高风险":0,"K12_警示":0,"K13_利好":0,"K14_提示":0,"K15_司法风险":0,"K16_工商风险":0,"K17_经营风险":0,"K18_经营状况":0},
{"K01_分组":"采购-低-市场推广","K02_企业":"北京雨澈科技有限公司","K03_监测开始日期":"2022-11-17","K11_高风险":0,"K12_警示":0,"K13_利好":1,"K14_提示":0,"K15_司法风险":0,"K16_工商风险":0,"K17_经营风险":0,"K18_经营状况":1},
{"K01_分组":"采购-低-市场推广","K02_企业":"北京中视幻彩数字科技有限公司","K03_监测开始日期":"2022-11-17","K11_高风险":0,"K12_警示":0,"K13_利好":0,"K14_提示":0,"K15_司法风险":0,"K16_工商风险":0,"K17_经营风险":0,"K18_经营状况":0},
{"K01_分组":"采购-低-市场推广","K02_企业":"北京助力引擎科技有限公司","K03_监测开始日期":"2022-11-17","K11_高风险":0,"K12_警示":0,"K13_利好":0,"K14_提示":0,"K15_司法风险":0,"K16_工商风险":0,"K17_经营风险":0,"K18_经营状况":0},
{"K01_分组":"采购-低-市场推广","K02_企业":"茶书网（北京）科技有限公司","K03_监测开始日期":"2022-11-17","K11_高风险":0,"K12_警示":0,"K13_利好":0,"K14_提示":0,"K15_司法风险":0,"K16_工商风险":0,"K17_经营风险":0,"K18_经营状况":0},
{"K01_分组":"采购-低-市场推广","K02_企业":"长沙市雨花区航盛文化用品商行","K03_监测开始日期":"2022-11-17","K11_高风险":0,"K12_警示":0,"K13_利好":0,"K14_提示":0,"K15_司法风险":0,"K16_工商风险":0,"K17_经营风险":0,"K18_经营状况":0},
{"K01_分组":"采购-低-市场推广","K02_企业":"成都锐尘科技有限公司","K03_监测开始日期":"2022-11-17","K11_高风险":0,"K12_警示":0,"K13_利好":0,"K14_提示":0,"K15_司法风险":0,"K16_工商风险":0,"K17_经营风险":0,"K18_经营状况":0},
{"K01_分组":"采购-低-市场推广","K02_企业":"成都友一包装材料有限公司","K03_监测开始日期":"2022-11-17","K11_高风险":0,"K12_警示":0,"K13_利好":0,"K14_提示":0,"K15_司法风险":0,"K16_工商风险":0,"K17_经营风险":0,"K18_经营状况":0},
{"K01_分组":"采购-低-市场推广","K02_企业":"芬泰克信息技术（北京）有限公司","K03_监测开始日期":"2022-11-17","K11_高风险":0,"K12_警示":0,"K13_利好":0,"K14_提示":0,"K15_司法风险":0,"K16_工商风险":0,"K17_经营风险":0,"K18_经营状况":0},
{"K01_分组":"采购-低-市场推广","K02_企业":"福建霖屹信息技术有限公司","K03_监测开始日期":"2022-11-17","K11_高风险":0,"K12_警示":0,"K13_利好":0,"K14_提示":0,"K15_司法风险":0,"K16_工商风险":0,"K17_经营风险":0,"K18_经营状况":0},
{"K01_分组":"采购-低-市场推广","K02_企业":"杭州煎饼网络技术有限公司","K03_监测开始日期":"2022-11-17","K11_高风险":0,"K12_警示":0,"K13_利好":0,"K14_提示":0,"K15_司法风险":0,"K16_工商风险":0,"K17_经营风险":0,"K18_经营状况":0},
{"K01_分组":"采购-低-市场推广","K02_企业":"杭州晶闪科技有限公司","K03_监测开始日期":"2022-11-17","K11_高风险":0,"K12_警示":0,"K13_利好":0,"K14_提示":1,"K15_司法风险":0,"K16_工商风险":0,"K17_经营风险":0,"K18_经营状况":1},
{"K01_分组":"采购-低-市场推广","K02_企业":"杭州闪零网络科技有限公司","K03_监测开始日期":"2022-11-17","K11_高风险":0,"K12_警示":0,"K13_利好":0,"K14_提示":0,"K15_司法风险":0,"K16_工商风险":0,"K17_经营风险":0,"K18_经营状况":0},
{"K01_分组":"采购-低-市场推广","K02_企业":"杭州昱胜信息科技有限公司","K03_监测开始日期":"2022-11-17","K11_高风险":0,"K12_警示":0,"K13_利好":0,"K14_提示":0,"K15_司法风险":0,"K16_工商风险":0,"K17_经营风险":0,"K18_经营状况":0},
{"K01_分组":"采购-低-市场推广","K02_企业":"湖南袁氏香米米业有限公司","K03_监测开始日期":"2022-11-17","K11_高风险":0,"K12_警示":0,"K13_利好":0,"K14_提示":0,"K15_司法风险":0,"K16_工商风险":0,"K17_经营风险":0,"K18_经营状况":0},
{"K01_分组":"采购-低-市场推广","K02_企业":"霍尔果斯网博信息科技有限公司","K03_监测开始日期":"2022-11-17","K11_高风险":0,"K12_警示":0,"K13_利好":0,"K14_提示":0,"K15_司法风险":0,"K16_工商风险":0,"K17_经营风险":0,"K18_经营状况":0},
{"K01_分组":"采购-低-市场推广","K02_企业":"极米科技股份有限公司","K03_监测开始日期":"2022-11-17","K11_高风险":0,"K12_警示":0,"K13_利好":0,"K14_提示":1,"K15_司法风险":0,"K16_工商风险":1,"K17_经营风险":0,"K18_经营状况":0},
{"K01_分组":"采购-低-市场推广","K02_企业":"江苏亚银网络科技有限公司","K03_监测开始日期":"2022-11-17","K11_高风险":0,"K12_警示":0,"K13_利好":0,"K14_提示":0,"K15_司法风险":0,"K16_工商风险":0,"K17_经营风险":0,"K18_经营状况":0},
{"K01_分组":"采购-低-市场推广","K02_企业":"江苏圆心惠保科技有限公司","K03_监测开始日期":"2022-11-17","K11_高风险":0,"K12_警示":0,"K13_利好":0,"K14_提示":0,"K15_司法风险":0,"K16_工商风险":0,"K17_经营风险":0,"K18_经营状况":0},
{"K01_分组":"采购-低-市场推广","K02_企业":"江西省宙超信息技术咨询服务有限公司","K03_监测开始日期":"2022-11-17","K11_高风险":0,"K12_警示":0,"K13_利好":0,"K14_提示":0,"K15_司法风险":0,"K16_工商风险":0,"K17_经营风险":0,"K18_经营状况":0},
{"K01_分组":"采购-低-市场推广","K02_企业":"九晓（上海）信息技术有限公司","K03_监测开始日期":"2022-11-17","K11_高风险":0,"K12_警示":1,"K13_利好":0,"K14_提示":0,"K15_司法风险":1,"K16_工商风险":0,"K17_经营风险":0,"K18_经营状况":0},
{"K01_分组":"采购-低-市场推广","K02_企业":"联华超市股份有限公司","K03_监测开始日期":"2022-11-17","K11_高风险":0,"K12_警示":0,"K13_利好":0,"K14_提示":0,"K15_司法风险":0,"K16_工商风险":0,"K17_经营风险":0,"K18_经营状况":0},
{"K01_分组":"采购-低-市场推广","K02_企业":"瑞祥商务服务有限公司","K03_监测开始日期":"2022-11-17","K11_高风险":0,"K12_警示":0,"K13_利好":0,"K14_提示":1,"K15_司法风险":0,"K16_工商风险":0,"K17_经营风险":0,"K18_经营状况":1},
{"K01_分组":"采购-低-市场推广","K02_企业":"厦门众联世纪股份有限公司","K03_监测开始日期":"2022-11-17","K11_高风险":0,"K12_警示":0,"K13_利好":0,"K14_提示":0,"K15_司法风险":0,"K16_工商风险":0,"K17_经营风险":0,"K18_经营状况":0},
{"K01_分组":"采购-低-市场推广","K02_企业":"山东鹏讯网络技术有限公司","K03_监测开始日期":"2022-11-17","K11_高风险":0,"K12_警示":0,"K13_利好":0,"K14_提示":0,"K15_司法风险":0,"K16_工商风险":0,"K17_经营风险":0,"K18_经营状况":0},
{"K01_分组":"采购-低-市场推广","K02_企业":"上海谷积数据科技有限公司","K03_监测开始日期":"2022-11-17","K11_高风险":0,"K12_警示":0,"K13_利好":0,"K14_提示":1,"K15_司法风险":0,"K16_工商风险":0,"K17_经营风险":0,"K18_经营状况":1},
{"K01_分组":"采购-低-市场推广","K02_企业":"上海巨潮信息技术有限公司","K03_监测开始日期":"2022-11-17","K11_高风险":0,"K12_警示":0,"K13_利好":0,"K14_提示":1,"K15_司法风险":0,"K16_工商风险":0,"K17_经营风险":0,"K18_经营状况":1},
{"K01_分组":"采购-低-市场推广","K02_企业":"上海马其文化创意有限公司","K03_监测开始日期":"2022-11-17","K11_高风险":0,"K12_警示":0,"K13_利好":0,"K14_提示":0,"K15_司法风险":0,"K16_工商风险":0,"K17_经营风险":0,"K18_经营状况":0},
{"K01_分组":"采购-低-市场推广","K02_企业":"上海星冰文化传媒有限公司","K03_监测开始日期":"2022-11-17","K11_高风险":0,"K12_警示":0,"K13_利好":0,"K14_提示":0,"K15_司法风险":0,"K16_工商风险":0,"K17_经营风险":0,"K18_经营状况":0},
{"K01_分组":"采购-低-市场推广","K02_企业":"深圳信合元科技有限公司","K03_监测开始日期":"2022-11-17","K11_高风险":0,"K12_警示":0,"K13_利好":0,"K14_提示":0,"K15_司法风险":0,"K16_工商风险":0,"K17_经营风险":0,"K18_经营状况":0},
{"K01_分组":"采购-低-市场推广","K02_企业":"神策网络科技（北京）有限公司","K03_监测开始日期":"2022-11-17","K11_高风险":0,"K12_警示":0,"K13_利好":0,"K14_提示":0,"K15_司法风险":0,"K16_工商风险":0,"K17_经营风险":0,"K18_经营状况":0},
{"K01_分组":"采购-低-市场推广","K02_企业":"十七（北京）文化传媒有限公司","K03_监测开始日期":"2022-11-17","K11_高风险":0,"K12_警示":0,"K13_利好":0,"K14_提示":0,"K15_司法风险":0,"K16_工商风险":0,"K17_经营风险":0,"K18_经营状况":0},
{"K01_分组":"采购-低-市场推广","K02_企业":"苏州老万年金银有限公司","K03_监测开始日期":"2022-11-17","K11_高风险":0,"K12_警示":0,"K13_利好":0,"K14_提示":0,"K15_司法风险":0,"K16_工商风险":0,"K17_经营风险":0,"K18_经营状况":0},
{"K01_分组":"采购-低-市场推广","K02_企业":"苏州蟹运来农业发展有限公司","K03_监测开始日期":"2022-11-17","K11_高风险":0,"K12_警示":0,"K13_利好":0,"K14_提示":0,"K15_司法风险":0,"K16_工商风险":0,"K17_经营风险":0,"K18_经营状况":0},
{"K01_分组":"采购-低-市场推广","K02_企业":"拓尔思信息技术股份有限公司","K03_监测开始日期":"2022-11-17","K11_高风险":0,"K12_警示":1,"K13_利好":0,"K14_提示":1,"K15_司法风险":1,"K16_工商风险":0,"K17_经营风险":0,"K18_经营状况":1},
{"K01_分组":"采购-低-市场推广","K02_企业":"腾讯科技（北京）有限公司","K03_监测开始日期":"2022-11-17","K11_高风险":0,"K12_警示":30,"K13_利好":3,"K14_提示":0,"K15_司法风险":30,"K16_工商风险":0,"K17_经营风险":0,"K18_经营状况":3},
{"K01_分组":"采购-低-市场推广","K02_企业":"天津达富科技有限公司","K03_监测开始日期":"2022-11-17","K11_高风险":0,"K12_警示":0,"K13_利好":0,"K14_提示":1,"K15_司法风险":0,"K16_工商风险":1,"K17_经营风险":0,"K18_经营状况":0},
{"K01_分组":"采购-低-市场推广","K02_企业":"潍坊企信传媒有限公司","K03_监测开始日期":"2022-11-17","K11_高风险":0,"K12_警示":0,"K13_利好":0,"K14_提示":0,"K15_司法风险":0,"K16_工商风险":0,"K17_经营风险":0,"K18_经营状况":0},
{"K01_分组":"采购-低-市场推广","K02_企业":"温州晨光集团有限公司","K03_监测开始日期":"2022-11-17","K11_高风险":0,"K12_警示":1,"K13_利好":0,"K14_提示":0,"K15_司法风险":1,"K16_工商风险":0,"K17_经营风险":0,"K18_经营状况":0},
{"K01_分组":"采购-低-市场推广","K02_企业":"武汉夜莺科技有限公司","K03_监测开始日期":"2022-11-17","K11_高风险":0,"K12_警示":0,"K13_利好":0,"K14_提示":0,"K15_司法风险":0,"K16_工商风险":0,"K17_经营风险":0,"K18_经营状况":0},
{"K01_分组":"采购-低-市场推广","K02_企业":"西安市高新区明达广告服务部","K03_监测开始日期":"2022-11-17","K11_高风险":0,"K12_警示":0,"K13_利好":0,"K14_提示":0,"K15_司法风险":0,"K16_工商风险":0,"K17_经营风险":0,"K18_经营状况":0},
{"K01_分组":"采购-低-市场推广","K02_企业":"亿动魔方（北京）科技有限公司","K03_监测开始日期":"2022-11-17","K11_高风险":0,"K12_警示":0,"K13_利好":0,"K14_提示":0,"K15_司法风险":0,"K16_工商风险":0,"K17_经营风险":0,"K18_经营状况":0},
{"K01_分组":"采购-低-市场推广","K02_企业":"浙江永辉超市有限公司","K03_监测开始日期":"2022-11-17","K11_高风险":0,"K12_警示":1,"K13_利好":0,"K14_提示":2,"K15_司法风险":1,"K16_工商风险":2,"K17_经营风险":0,"K18_经营状况":0},
{"K01_分组":"采购-低-市场推广","K02_企业":"众米科技（深圳）有限公司","K03_监测开始日期":"2022-11-17","K11_高风险":0,"K12_警示":0,"K13_利好":0,"K14_提示":0,"K15_司法风险":0,"K16_工商风险":0,"K17_经营风险":0,"K18_经营状况":0},
{"K01_分组":"采购-低-市场推广","K02_企业":"重庆琥珀茶油有限公司","K03_监测开始日期":"2022-11-17","K11_高风险":0,"K12_警示":0,"K13_利好":0,"K14_提示":0,"K15_司法风险":0,"K16_工商风险":0,"K17_经营风险":0,"K18_经营状况":0},
{"K01_分组":"采购-低-市场推广","K02_企业":"重庆市酉阳县花田乡何家岩村坞中客农村综合服务社有限公司","K03_监测开始日期":"2022-11-17","K11_高风险":0,"K12_警示":0,"K13_利好":0,"K14_提示":0,"K15_司法风险":0,"K16_工商风险":0,"K17_经营风险":0,"K18_经营状况":0},
{"K01_分组":"采购-高-供应链管理","K02_企业":"合肥美的智能科技有限公司","K03_监测开始日期":"2022-11-17","K11_高风险":0,"K12_警示":0,"K13_利好":0,"K14_提示":0,"K15_司法风险":0,"K16_工商风险":0,"K17_经营风险":0,"K18_经营状况":0},
{"K01_分组":"采购-高-市场推广","K02_企业":"百融云创科技股份有限公司","K03_监测开始日期":"2022-11-17","K11_高风险":0,"K12_警示":0,"K13_利好":0,"K14_提示":1,"K15_司法风险":0,"K16_工商风险":0,"K17_经营风险":0,"K18_经营状况":1},
{"K01_分组":"采购-高-市场推广","K02_企业":"北京智德天成信息技术有限公司","K03_监测开始日期":"2022-11-17","K11_高风险":0,"K12_警示":0,"K13_利好":0,"K14_提示":0,"K15_司法风险":0,"K16_工商风险":0,"K17_经营风险":0,"K18_经营状况":0},
{"K01_分组":"采购-高-市场推广","K02_企业":"比肩未来数字科技（北京）有限公司","K03_监测开始日期":"2022-11-17","K11_高风险":0,"K12_警示":0,"K13_利好":0,"K14_提示":1,"K15_司法风险":0,"K16_工商风险":0,"K17_经营风险":0,"K18_经营状况":1},
{"K01_分组":"采购-高-市场推广","K02_企业":"鼎越数科（深圳）信息技术有限公司","K03_监测开始日期":"2022-11-17","K11_高风险":0,"K12_警示":0,"K13_利好":0,"K14_提示":0,"K15_司法风险":0,"K16_工商风险":0,"K17_经营风险":0,"K18_经营状况":0},
{"K01_分组":"采购-高-市场推广","K02_企业":"上海弘嘉网络科技有限公司","K03_监测开始日期":"2022-11-17","K11_高风险":0,"K12_警示":0,"K13_利好":0,"K14_提示":0,"K15_司法风险":0,"K16_工商风险":0,"K17_经营风险":0,"K18_经营状况":0},
{"K01_分组":"采购-中-供应链管理","K02_企业":"北京大潭伟业科技有限公司","K03_监测开始日期":"2022-11-17","K11_高风险":0,"K12_警示":0,"K13_利好":0,"K14_提示":0,"K15_司法风险":0,"K16_工商风险":0,"K17_经营风险":0,"K18_经营状况":0},
{"K01_分组":"采购-中-供应链管理","K02_企业":"常熟市恒仕达电器有限公司","K03_监测开始日期":"2022-11-17","K11_高风险":0,"K12_警示":0,"K13_利好":0,"K14_提示":0,"K15_司法风险":0,"K16_工商风险":0,"K17_经营风险":0,"K18_经营状况":0},
{"K01_分组":"采购-中-技术风控","K02_企业":"北京国信金证网络有限公司","K03_监测开始日期":"2022-11-17","K11_高风险":0,"K12_警示":0,"K13_利好":0,"K14_提示":0,"K15_司法风险":0,"K16_工商风险":0,"K17_经营风险":0,"K18_经营状况":0},
{"K01_分组":"采购-中-技术风控","K02_企业":"北京华中恒泰网络科技有限公司","K03_监测开始日期":"2022-11-17","K11_高风险":0,"K12_警示":0,"K13_利好":0,"K14_提示":0,"K15_司法风险":0,"K16_工商风险":0,"K17_经营风险":0,"K18_经营状况":0},
{"K01_分组":"采购-中-技术风控","K02_企业":"北京精真估信息技术有限公司","K03_监测开始日期":"2022-11-17","K11_高风险":0,"K12_警示":0,"K13_利好":0,"K14_提示":0,"K15_司法风险":0,"K16_工商风险":0,"K17_经营风险":0,"K18_经营状况":0},
{"K01_分组":"采购-中-技术风控","K02_企业":"北京荣达天下信息科技有限公司","K03_监测开始日期":"2022-11-17","K11_高风险":0,"K12_警示":0,"K13_利好":0,"K14_提示":0,"K15_司法风险":0,"K16_工商风险":0,"K17_经营风险":0,"K18_经营状况":0},
{"K01_分组":"采购-中-技术风控","K02_企业":"北京适度信安科技有限公司","K03_监测开始日期":"2022-11-17","K11_高风险":0,"K12_警示":0,"K13_利好":0,"K14_提示":0,"K15_司法风险":0,"K16_工商风险":0,"K17_经营风险":0,"K18_经营状况":0},
{"K01_分组":"采购-中-技术风控","K02_企业":"北京腾云天下科技有限公司","K03_监测开始日期":"2022-11-17","K11_高风险":0,"K12_警示":0,"K13_利好":0,"K14_提示":0,"K15_司法风险":0,"K16_工商风险":0,"K17_经营风险":0,"K18_经营状况":0},
{"K01_分组":"采购-中-技术风控","K02_企业":"北京铜牛信息科技股份有限公司","K03_监测开始日期":"2022-11-17","K11_高风险":0,"K12_警示":0,"K13_利好":0,"K14_提示":0,"K15_司法风险":0,"K16_工商风险":0,"K17_经营风险":0,"K18_经营状况":0},
{"K01_分组":"采购-中-技术风控","K02_企业":"北京壹商在线科技有限公司","K03_监测开始日期":"2022-11-17","K11_高风险":0,"K12_警示":0,"K13_利好":0,"K14_提示":0,"K15_司法风险":0,"K16_工商风险":0,"K17_经营风险":0,"K18_经营状况":0},
{"K01_分组":"采购-中-技术风控","K02_企业":"北京银融致信科技有限公司","K03_监测开始日期":"2022-11-17","K11_高风险":0,"K12_警示":0,"K13_利好":0,"K14_提示":0,"K15_司法风险":0,"K16_工商风险":0,"K17_经营风险":0,"K18_经营状况":0},
{"K01_分组":"采购-中-技术风控","K02_企业":"北京裕阳创新科技有限公司","K03_监测开始日期":"2022-11-17","K11_高风险":0,"K12_警示":0,"K13_利好":0,"K14_提示":0,"K15_司法风险":0,"K16_工商风险":0,"K17_经营风险":0,"K18_经营状况":0},
{"K01_分组":"采购-中-技术风控","K02_企业":"戴尔（中国）有限公司","K03_监测开始日期":"2022-11-17","K11_高风险":0,"K12_警示":5,"K13_利好":0,"K14_提示":0,"K15_司法风险":5,"K16_工商风险":0,"K17_经营风险":0,"K18_经营状况":0},
{"K01_分组":"采购-中-技术风控","K02_企业":"费埃哲睿智信息技术（北京）有限公司","K03_监测开始日期":"2022-11-17","K11_高风险":0,"K12_警示":0,"K13_利好":0,"K14_提示":0,"K15_司法风险":0,"K16_工商风险":0,"K17_经营风险":0,"K18_经营状况":0},
{"K01_分组":"采购-中-技术风控","K02_企业":"福建极推科技有限公司","K03_监测开始日期":"2022-11-17","K11_高风险":0,"K12_警示":0,"K13_利好":0,"K14_提示":0,"K15_司法风险":0,"K16_工商风险":0,"K17_经营风险":0,"K18_经营状况":0},
{"K01_分组":"采购-中-技术风控","K02_企业":"佳能（中国）有限公司","K03_监测开始日期":"2022-11-17","K11_高风险":0,"K12_警示":0,"K13_利好":0,"K14_提示":0,"K15_司法风险":0,"K16_工商风险":0,"K17_经营风险":0,"K18_经营状况":0},
{"K01_分组":"采购-中-技术风控","K02_企业":"鹏博士大数据有限公司北京分公司","K03_监测开始日期":"2022-11-17","K11_高风险":0,"K12_警示":0,"K13_利好":0,"K14_提示":0,"K15_司法风险":0,"K16_工商风险":0,"K17_经营风险":0,"K18_经营状况":0},
{"K01_分组":"采购-中-技术风控","K02_企业":"融慧金科金融服务外包（北京）有限公司","K03_监测开始日期":"2022-11-17","K11_高风险":0,"K12_警示":0,"K13_利好":0,"K14_提示":0,"K15_司法风险":0,"K16_工商风险":0,"K17_经营风险":0,"K18_经营状况":0},
{"K01_分组":"采购-中-技术风控","K02_企业":"上海冰鉴信息科技有限公司","K03_监测开始日期":"2022-11-17","K11_高风险":0,"K12_警示":0,"K13_利好":0,"K14_提示":0,"K15_司法风险":0,"K16_工商风险":0,"K17_经营风险":0,"K18_经营状况":0},
{"K01_分组":"采购-中-技术风控","K02_企业":"天创信用服务有限公司","K03_监测开始日期":"2022-11-17","K11_高风险":0,"K12_警示":0,"K13_利好":0,"K14_提示":0,"K15_司法风险":0,"K16_工商风险":0,"K17_经营风险":0,"K18_经营状况":0},
{"K01_分组":"采购-中-人力行政","K02_企业":"北京福泽旭日汽车租赁有限公司","K03_监测开始日期":"2022-11-17","K11_高风险":0,"K12_警示":0,"K13_利好":0,"K14_提示":0,"K15_司法风险":0,"K16_工商风险":0,"K17_经营风险":0,"K18_经营状况":0},
{"K01_分组":"采购-中-市场推广","K02_企业":"北京京东世纪信息技术有限公司","K03_监测开始日期":"2022-11-17","K11_高风险":0,"K12_警示":18,"K13_利好":0,"K14_提示":0,"K15_司法风险":18,"K16_工商风险":0,"K17_经营风险":0,"K18_经营状况":0},
{"K01_分组":"采购-中-市场推广","K02_企业":"北京量化派科技有限公司","K03_监测开始日期":"2022-11-17","K11_高风险":0,"K12_警示":0,"K13_利好":0,"K14_提示":0,"K15_司法风险":0,"K16_工商风险":0,"K17_经营风险":0,"K18_经营状况":0},
{"K01_分组":"采购-中-市场推广","K02_企业":"北京热源汇盈网络科技有限公司","K03_监测开始日期":"2022-11-17","K11_高风险":0,"K12_警示":0,"K13_利好":0,"K14_提示":0,"K15_司法风险":0,"K16_工商风险":0,"K17_经营风险":0,"K18_经营状况":0},
{"K01_分组":"采购-中-市场推广","K02_企业":"北京融三六零信息技术有限公司","K03_监测开始日期":"2022-11-17","K11_高风险":0,"K12_警示":1,"K13_利好":3,"K14_提示":0,"K15_司法风险":1,"K16_工商风险":0,"K17_经营风险":0,"K18_经营状况":3},
{"K01_分组":"采购-中-市场推广","K02_企业":"北京世纪博品科贸有限公司","K03_监测开始日期":"2022-11-17","K11_高风险":0,"K12_警示":0,"K13_利好":0,"K14_提示":0,"K15_司法风险":0,"K16_工商风险":0,"K17_经营风险":0,"K18_经营状况":0},
{"K01_分组":"采购-中-市场推广","K02_企业":"长沙五八同城信息技术有限公司","K03_监测开始日期":"2022-11-17","K11_高风险":0,"K12_警示":0,"K13_利好":0,"K14_提示":0,"K15_司法风险":0,"K16_工商风险":0,"K17_经营风险":0,"K18_经营状况":0},
{"K01_分组":"采购-中-市场推广","K02_企业":"成都优卡数信信息科技有限公司","K03_监测开始日期":"2022-11-17","K11_高风险":0,"K12_警示":0,"K13_利好":0,"K14_提示":1,"K15_司法风险":0,"K16_工商风险":0,"K17_经营风险":0,"K18_经营状况":1},
{"K01_分组":"采购-中-市场推广","K02_企业":"杭州财航网络科技有限公司","K03_监测开始日期":"2022-11-17","K11_高风险":0,"K12_警示":0,"K13_利好":0,"K14_提示":0,"K15_司法风险":0,"K16_工商风险":0,"K17_经营风险":0,"K18_经营状况":0},
{"K01_分组":"采购-中-市场推广","K02_企业":"霍尔果斯云逸科技有限公司","K03_监测开始日期":"2022-11-17","K11_高风险":0,"K12_警示":0,"K13_利好":0,"K14_提示":0,"K15_司法风险":0,"K16_工商风险":0,"K17_经营风险":0,"K18_经营状况":0},
{"K01_分组":"采购-中-市场推广","K02_企业":"辽宁自贸试验区（营口片区）桔子数字科技有限公司","K03_监测开始日期":"2022-11-17","K11_高风险":0,"K12_警示":0,"K13_利好":0,"K14_提示":1,"K15_司法风险":0,"K16_工商风险":0,"K17_经营风险":0,"K18_经营状况":1},
{"K01_分组":"采购-中-市场推广","K02_企业":"民生易贷（珠海）互联网信息服务有限公司","K03_监测开始日期":"2022-11-17","K11_高风险":0,"K12_警示":0,"K13_利好":0,"K14_提示":0,"K15_司法风险":0,"K16_工商风险":0,"K17_经营风险":0,"K18_经营状况":0},
{"K01_分组":"采购-中-市场推广","K02_企业":"上海极牛科技有限公司","K03_监测开始日期":"2022-11-17","K11_高风险":0,"K12_警示":0,"K13_利好":0,"K14_提示":0,"K15_司法风险":0,"K16_工商风险":0,"K17_经营风险":0,"K18_经营状况":0},
{"K01_分组":"采购-中-市场推广","K02_企业":"上海维信荟智金融科技有限公司","K03_监测开始日期":"2022-11-17","K11_高风险":0,"K12_警示":2,"K13_利好":0,"K14_提示":0,"K15_司法风险":2,"K16_工商风险":0,"K17_经营风险":0,"K18_经营状况":0},
{"K01_分组":"采购-中-市场推广","K02_企业":"上海寻夏数据科技有限公司","K03_监测开始日期":"2022-11-17","K11_高风险":0,"K12_警示":0,"K13_利好":0,"K14_提示":0,"K15_司法风险":0,"K16_工商风险":0,"K17_经营风险":0,"K18_经营状况":0},
{"K01_分组":"采购-中-市场推广","K02_企业":"苏州闪淘数据科技有限公司","K03_监测开始日期":"2022-11-17","K11_高风险":0,"K12_警示":0,"K13_利好":0,"K14_提示":1,"K15_司法风险":0,"K16_工商风险":0,"K17_经营风险":0,"K18_经营状况":1},
{"K01_分组":"采购-中-市场推广","K02_企业":"晓花（上海）互联网科技有限公司","K03_监测开始日期":"2022-11-17","K11_高风险":0,"K12_警示":0,"K13_利好":0,"K14_提示":0,"K15_司法风险":0,"K16_工商风险":0,"K17_经营风险":0,"K18_经营状况":0}]}
