{"last_month":[{"K01_分组":"投后-基金管理人","K02_企业":"北京采思投资有限公司","K03_监测开始日期":"2021-11-30","K11_高风险":0,"K12_警示":0,"K13_利好":0,"K14_提示":0,"K15_司法风险":0,"K16_工商风险":0,"K17_经营风险":0,"K18_经营状况":0},
{"K01_分组":"投后-基金管理人","K02_企业":"北京晨晖创新投资管理有限公司","K03_监测开始日期":"2021-11-30","K11_高风险":0,"K12_警示":0,"K13_利好":0,"K14_提示":0,"K15_司法风险":0,"K16_工商风险":0,"K17_经营风险":0,"K18_经营状况":0},
{"K01_分组":"投后-基金管理人","K02_企业":"北京合一科文投资管理有限公司","K03_监测开始日期":"2021-11-30","K11_高风险":0,"K12_警示":0,"K13_利好":0,"K14_提示":0,"K15_司法风险":0,"K16_工商风险":0,"K17_经营风险":0,"K18_经营状况":0},
{"K01_分组":"投后-基金管理人","K02_企业":"北京华兴合利企业管理合伙企业（有限合伙）","K03_监测开始日期":"2021-11-30","K11_高风险":0,"K12_警示":0,"K13_利好":0,"K14_提示":0,"K15_司法风险":0,"K16_工商风险":0,"K17_经营风险":0,"K18_经营状况":0},
{"K01_分组":"投后-基金管理人","K02_企业":"北京凯旋恒业投资管理有限公司","K03_监测开始日期":"2021-11-30","K11_高风险":0,"K12_警示":0,"K13_利好":0,"K14_提示":0,"K15_司法风险":0,"K16_工商风险":0,"K17_经营风险":0,"K18_经营状况":0},
{"K01_分组":"投后-基金管理人","K02_企业":"北京启耀投资管理合伙企业（有限合伙）","K03_监测开始日期":"2021-11-30","K11_高风险":0,"K12_警示":0,"K13_利好":0,"K14_提示":0,"K15_司法风险":0,"K16_工商风险":0,"K17_经营风险":0,"K18_经营状况":0},
{"K01_分组":"投后-基金管理人","K02_企业":"北京榕华蓝拓投资管理有限公司","K03_监测开始日期":"2021-11-30","K11_高风险":0,"K12_警示":0,"K13_利好":0,"K14_提示":0,"K15_司法风险":0,"K16_工商风险":0,"K17_经营风险":0,"K18_经营状况":0},
{"K01_分组":"投后-基金管理人","K02_企业":"北京新鼎荣盛资本管理有限公司","K03_监测开始日期":"2021-11-30","K11_高风险":0,"K12_警示":1,"K13_利好":0,"K14_提示":0,"K15_司法风险":1,"K16_工商风险":0,"K17_经营风险":0,"K18_经营状况":0},
{"K01_分组":"投后-基金管理人","K02_企业":"北京信中利股权投资管理有限公司","K03_监测开始日期":"2021-11-30","K11_高风险":0,"K12_警示":2,"K13_利好":0,"K14_提示":0,"K15_司法风险":2,"K16_工商风险":0,"K17_经营风险":0,"K18_经营状况":0},
{"K01_分组":"投后-基金管理人","K02_企业":"北京信中利投资股份有限公司","K03_监测开始日期":"2021-11-30","K11_高风险":0,"K12_警示":1,"K13_利好":0,"K14_提示":0,"K15_司法风险":1,"K16_工商风险":0,"K17_经营风险":0,"K18_经营状况":0},
{"K01_分组":"投后-基金管理人","K02_企业":"北京雅惠资产管理有限公司","K03_监测开始日期":"2021-11-30","K11_高风险":0,"K12_警示":0,"K13_利好":0,"K14_提示":0,"K15_司法风险":0,"K16_工商风险":0,"K17_经营风险":0,"K18_经营状况":0},
{"K01_分组":"投后-基金管理人","K02_企业":"北京云和方圆私募基金管理有限公司","K03_监测开始日期":"2021-11-30","K11_高风险":0,"K12_警示":0,"K13_利好":0,"K14_提示":0,"K15_司法风险":0,"K16_工商风险":0,"K17_经营风险":0,"K18_经营状况":0},
{"K01_分组":"投后-基金管理人","K02_企业":"北京真格天成投资管理有限公司","K03_监测开始日期":"2021-11-30","K11_高风险":0,"K12_警示":0,"K13_利好":0,"K14_提示":0,"K15_司法风险":0,"K16_工商风险":0,"K17_经营风险":0,"K18_经营状况":0},
{"K01_分组":"投后-基金管理人","K02_企业":"北京中域嘉盛投资管理有限公司","K03_监测开始日期":"2021-11-30","K11_高风险":0,"K12_警示":0,"K13_利好":0,"K14_提示":0,"K15_司法风险":0,"K16_工商风险":0,"K17_经营风险":0,"K18_经营状况":0},
{"K01_分组":"投后-基金管理人","K02_企业":"盛世景资产管理集团股份有限公司","K03_监测开始日期":"2021-11-30","K11_高风险":0,"K12_警示":1,"K13_利好":0,"K14_提示":0,"K15_司法风险":1,"K16_工商风险":0,"K17_经营风险":0,"K18_经营状况":0},
{"K01_分组":"投后-基金管理人","K02_企业":"德同（上海）私募基金管理股份有限公司","K03_监测开始日期":"2021-11-30","K11_高风险":0,"K12_警示":0,"K13_利好":0,"K14_提示":0,"K15_司法风险":0,"K16_工商风险":0,"K17_经营风险":0,"K18_经营状况":0},
{"K01_分组":"投后-基金管理人","K02_企业":"高远（安吉）股权投资基金有限公司","K03_监测开始日期":"2021-11-30","K11_高风险":0,"K12_警示":0,"K13_利好":0,"K14_提示":0,"K15_司法风险":0,"K16_工商风险":0,"K17_经营风险":0,"K18_经营状况":0},
{"K01_分组":"投后-基金管理人","K02_企业":"戈壁（北京）投资管理有限公司","K03_监测开始日期":"2021-11-30","K11_高风险":0,"K12_警示":0,"K13_利好":0,"K14_提示":0,"K15_司法风险":0,"K16_工商风险":0,"K17_经营风险":0,"K18_经营状况":0},
{"K01_分组":"投后-基金管理人","K02_企业":"戈壁创赢（上海）创业投资管理有限公司","K03_监测开始日期":"2021-11-30","K11_高风险":0,"K12_警示":0,"K13_利好":0,"K14_提示":0,"K15_司法风险":0,"K16_工商风险":0,"K17_经营风险":0,"K18_经营状况":0},
{"K01_分组":"投后-基金管理人","K02_企业":"贵安新区择遇投资管理有限公司","K03_监测开始日期":"2021-11-30","K11_高风险":0,"K12_警示":0,"K13_利好":0,"K14_提示":0,"K15_司法风险":0,"K16_工商风险":0,"K17_经营风险":0,"K18_经营状况":0},
{"K01_分组":"投后-基金管理人","K02_企业":"海南沸点私募基金管理有限公司","K03_监测开始日期":"2021-11-30","K11_高风险":0,"K12_警示":0,"K13_利好":0,"K14_提示":0,"K15_司法风险":0,"K16_工商风险":0,"K17_经营风险":0,"K18_经营状况":0},
{"K01_分组":"投后-基金管理人","K02_企业":"杭州红土投发投资管理有限公司","K03_监测开始日期":"2021-11-30","K11_高风险":0,"K12_警示":0,"K13_利好":0,"K14_提示":0,"K15_司法风险":0,"K16_工商风险":0,"K17_经营风险":0,"K18_经营状况":0},
{"K01_分组":"投后-基金管理人","K02_企业":"杭州麦奇思投资合伙企业（有限合伙）","K03_监测开始日期":"2021-11-30","K11_高风险":0,"K12_警示":0,"K13_利好":0,"K14_提示":0,"K15_司法风险":0,"K16_工商风险":0,"K17_经营风险":0,"K18_经营状况":0},
{"K01_分组":"投后-基金管理人","K02_企业":"杭州同创伟业资产管理有限公司","K03_监测开始日期":"2021-11-30","K11_高风险":0,"K12_警示":0,"K13_利好":0,"K14_提示":0,"K15_司法风险":0,"K16_工商风险":0,"K17_经营风险":0,"K18_经营状况":0},
{"K01_分组":"投后-基金管理人","K02_企业":"杭州维思投资合伙企业（有限合伙）","K03_监测开始日期":"2021-11-30","K11_高风险":0,"K12_警示":0,"K13_利好":0,"K14_提示":0,"K15_司法风险":0,"K16_工商风险":0,"K17_经营风险":0,"K18_经营状况":0},
{"K01_分组":"投后-基金管理人","K02_企业":"横琴未来智慧基金管理有限公司","K03_监测开始日期":"2021-11-30","K11_高风险":0,"K12_警示":0,"K13_利好":0,"K14_提示":0,"K15_司法风险":0,"K16_工商风险":0,"K17_经营风险":0,"K18_经营状况":0},
{"K01_分组":"投后-基金管理人","K02_企业":"湖北金沙江股权投资管理有限公司","K03_监测开始日期":"2021-11-30","K11_高风险":0,"K12_警示":0,"K13_利好":0,"K14_提示":0,"K15_司法风险":0,"K16_工商风险":0,"K17_经营风险":0,"K18_经营状况":0},
{"K01_分组":"投后-基金管理人","K02_企业":"湖州赛泽基业私募基金管理有限公司","K03_监测开始日期":"2021-11-30","K11_高风险":0,"K12_警示":0,"K13_利好":0,"K14_提示":0,"K15_司法风险":0,"K16_工商风险":0,"K17_经营风险":0,"K18_经营状况":0},
{"K01_分组":"投后-基金管理人","K02_企业":"华盖创业投资管理（北京）有限公司","K03_监测开始日期":"2021-11-30","K11_高风险":0,"K12_警示":0,"K13_利好":0,"K14_提示":0,"K15_司法风险":0,"K16_工商风险":0,"K17_经营风险":0,"K18_经营状况":0},
{"K01_分组":"投后-基金管理人","K02_企业":"华盖医疗投资管理（北京）有限公司","K03_监测开始日期":"2021-11-30","K11_高风险":0,"K12_警示":0,"K13_利好":0,"K14_提示":0,"K15_司法风险":0,"K16_工商风险":0,"K17_经营风险":0,"K18_经营状况":0},
{"K01_分组":"投后-基金管理人","K02_企业":"华盖资本有限责任公司","K03_监测开始日期":"2021-11-30","K11_高风险":0,"K12_警示":0,"K13_利好":0,"K14_提示":0,"K15_司法风险":0,"K16_工商风险":0,"K17_经营风险":0,"K18_经营状况":0},
{"K01_分组":"投后-基金管理人","K02_企业":"惠每颐康（天津）投资管理合伙企业（有限合伙）","K03_监测开始日期":"2021-11-30","K11_高风险":0,"K12_警示":0,"K13_利好":0,"K14_提示":0,"K15_司法风险":0,"K16_工商风险":0,"K17_经营风险":0,"K18_经营状况":0},
{"K01_分组":"投后-基金管理人","K02_企业":"嘉兴蓝驰投资管理有限公司","K03_监测开始日期":"2021-11-30","K11_高风险":0,"K12_警示":0,"K13_利好":0,"K14_提示":0,"K15_司法风险":0,"K16_工商风险":0,"K17_经营风险":0,"K18_经营状况":0},
{"K01_分组":"投后-基金管理人","K02_企业":"嘉兴蓝驰新维投资管理有限公司","K03_监测开始日期":"2021-11-30","K11_高风险":0,"K12_警示":0,"K13_利好":0,"K14_提示":0,"K15_司法风险":0,"K16_工商风险":0,"K17_经营风险":0,"K18_经营状况":0},
{"K01_分组":"投后-基金管理人","K02_企业":"经纬创投（北京）投资管理顾问有限公司","K03_监测开始日期":"2021-11-30","K11_高风险":0,"K12_警示":0,"K13_利好":0,"K14_提示":0,"K15_司法风险":0,"K16_工商风险":0,"K17_经营风险":0,"K18_经营状况":0},
{"K01_分组":"投后-基金管理人","K02_企业":"九合摩宝投资管理（北京）有限公司","K03_监测开始日期":"2021-11-30","K11_高风险":0,"K12_警示":0,"K13_利好":0,"K14_提示":0,"K15_司法风险":0,"K16_工商风险":0,"K17_经营风险":0,"K18_经营状况":0},
{"K01_分组":"投后-基金管理人","K02_企业":"凯旋通（北京）投资顾问有限公司","K03_监测开始日期":"2021-11-30","K11_高风险":0,"K12_警示":0,"K13_利好":0,"K14_提示":0,"K15_司法风险":0,"K16_工商风险":0,"K17_经营风险":0,"K18_经营状况":0},
{"K01_分组":"投后-基金管理人","K02_企业":"蓝图创新投资管理（北京）有限公司","K03_监测开始日期":"2021-11-30","K11_高风险":0,"K12_警示":0,"K13_利好":0,"K14_提示":0,"K15_司法风险":0,"K16_工商风险":0,"K17_经营风险":0,"K18_经营状况":0},
{"K01_分组":"投后-基金管理人","K02_企业":"南京高特佳医疗投资企业（有限合伙）","K03_监测开始日期":"2021-11-30","K11_高风险":0,"K12_警示":0,"K13_利好":0,"K14_提示":0,"K15_司法风险":0,"K16_工商风险":0,"K17_经营风险":0,"K18_经营状况":0},
{"K01_分组":"投后-基金管理人","K02_企业":"南京经纬江创投资管理合伙企业（有限合伙）","K03_监测开始日期":"2021-11-30","K11_高风险":0,"K12_警示":0,"K13_利好":0,"K14_提示":0,"K15_司法风险":0,"K16_工商风险":0,"K17_经营风险":0,"K18_经营状况":0},
{"K01_分组":"投后-基金管理人","K02_企业":"南京钟鼎远辉创业投资合伙企业（有限合伙）","K03_监测开始日期":"2021-11-30","K11_高风险":0,"K12_警示":0,"K13_利好":0,"K14_提示":2,"K15_司法风险":0,"K16_工商风险":0,"K17_经营风险":0,"K18_经营状况":2},
{"K01_分组":"投后-基金管理人","K02_企业":"宁波高成清源股权投资管理有限公司","K03_监测开始日期":"2021-11-30","K11_高风险":0,"K12_警示":0,"K13_利好":0,"K14_提示":0,"K15_司法风险":0,"K16_工商风险":0,"K17_经营风险":0,"K18_经营状况":0},
{"K01_分组":"投后-基金管理人","K02_企业":"宁波梅花天使投资管理有限公司","K03_监测开始日期":"2021-11-30","K11_高风险":0,"K12_警示":0,"K13_利好":0,"K14_提示":0,"K15_司法风险":0,"K16_工商风险":0,"K17_经营风险":0,"K18_经营状况":0},
{"K01_分组":"投后-基金管理人","K02_企业":"宁波梅山保税港区曜祥股权投资合伙企业（有限合伙）","K03_监测开始日期":"2021-11-30","K11_高风险":0,"K12_警示":0,"K13_利好":0,"K14_提示":0,"K15_司法风险":0,"K16_工商风险":0,"K17_经营风险":0,"K18_经营状况":0},
{"K01_分组":"投后-基金管理人","K02_企业":"宁波梅山保税港区真成致诺投资管理有限公司","K03_监测开始日期":"2021-11-30","K11_高风险":0,"K12_警示":0,"K13_利好":0,"K14_提示":0,"K15_司法风险":0,"K16_工商风险":0,"K17_经营风险":0,"K18_经营状况":0},
{"K01_分组":"投后-基金管理人","K02_企业":"宁波梅山保税港区真开成元投资管理有限公司","K03_监测开始日期":"2021-11-30","K11_高风险":0,"K12_警示":0,"K13_利好":0,"K14_提示":0,"K15_司法风险":0,"K16_工商风险":0,"K17_经营风险":0,"K18_经营状况":0},
{"K01_分组":"投后-基金管理人","K02_企业":"宁波梅山保税港区执一创见投资管理有限公司","K03_监测开始日期":"2021-11-30","K11_高风险":0,"K12_警示":0,"K13_利好":0,"K14_提示":0,"K15_司法风险":0,"K16_工商风险":0,"K17_经营风险":0,"K18_经营状况":0},
{"K01_分组":"投后-基金管理人","K02_企业":"宁波清流和盛投资管理有限公司","K03_监测开始日期":"2021-11-30","K11_高风险":0,"K12_警示":0,"K13_利好":0,"K14_提示":0,"K15_司法风险":0,"K16_工商风险":0,"K17_经营风险":0,"K18_经营状况":0},
{"K01_分组":"投后-基金管理人","K02_企业":"启明维创创业投资管理（北京）有限公司","K03_监测开始日期":"2021-11-30","K11_高风险":0,"K12_警示":0,"K13_利好":0,"K14_提示":0,"K15_司法风险":0,"K16_工商风险":0,"K17_经营风险":0,"K18_经营状况":0},
{"K01_分组":"投后-基金管理人","K02_企业":"清流（北京）投资咨询有限公司","K03_监测开始日期":"2021-11-30","K11_高风险":0,"K12_警示":0,"K13_利好":0,"K14_提示":0,"K15_司法风险":0,"K16_工商风险":0,"K17_经营风险":0,"K18_经营状况":0},
{"K01_分组":"投后-基金管理人","K02_企业":"赛伯乐投资集团有限公司","K03_监测开始日期":"2021-11-30","K11_高风险":0,"K12_警示":1,"K13_利好":0,"K14_提示":0,"K15_司法风险":1,"K16_工商风险":0,"K17_经营风险":0,"K18_经营状况":0},
{"K01_分组":"投后-基金管理人","K02_企业":"赛富投资管理咨询（上海）有限公司","K03_监测开始日期":"2021-11-30","K11_高风险":0,"K12_警示":0,"K13_利好":0,"K14_提示":0,"K15_司法风险":0,"K16_工商风险":0,"K17_经营风险":0,"K18_经营状况":0},
{"K01_分组":"投后-基金管理人","K02_企业":"上海不惑私募基金管理有限公司","K03_监测开始日期":"2021-11-30","K11_高风险":0,"K12_警示":0,"K13_利好":0,"K14_提示":0,"K15_司法风险":0,"K16_工商风险":0,"K17_经营风险":0,"K18_经营状况":0},
{"K01_分组":"投后-基金管理人","K02_企业":"上海捷宝投资有限公司","K03_监测开始日期":"2021-11-30","K11_高风险":0,"K12_警示":0,"K13_利好":0,"K14_提示":0,"K15_司法风险":0,"K16_工商风险":0,"K17_经营风险":0,"K18_经营状况":0},
{"K01_分组":"投后-基金管理人","K02_企业":"上海旌卓投资管理有限公司","K03_监测开始日期":"2021-11-30","K11_高风险":0,"K12_警示":0,"K13_利好":0,"K14_提示":0,"K15_司法风险":0,"K16_工商风险":0,"K17_经营风险":0,"K18_经营状况":0},
{"K01_分组":"投后-基金管理人","K02_企业":"上海荣正利保投资管理有限公司","K03_监测开始日期":"2021-11-30","K11_高风险":0,"K12_警示":0,"K13_利好":0,"K14_提示":0,"K15_司法风险":0,"K16_工商风险":0,"K17_经营风险":0,"K18_经营状况":0},
{"K01_分组":"投后-基金管理人","K02_企业":"上海曜为投资管理有限公司","K03_监测开始日期":"2021-11-30","K11_高风险":0,"K12_警示":0,"K13_利好":0,"K14_提示":0,"K15_司法风险":0,"K16_工商风险":0,"K17_经营风险":0,"K18_经营状况":0},
{"K01_分组":"投后-基金管理人","K02_企业":"上海有为至临投资管理有限公司","K03_监测开始日期":"2021-11-30","K11_高风险":0,"K12_警示":0,"K13_利好":0,"K14_提示":0,"K15_司法风险":0,"K16_工商风险":0,"K17_经营风险":0,"K18_经营状况":0},
{"K01_分组":"投后-基金管理人","K02_企业":"深创投红土私募股权投资基金管理（深圳）有限公司","K03_监测开始日期":"2021-11-30","K11_高风险":0,"K12_警示":0,"K13_利好":0,"K14_提示":1,"K15_司法风险":0,"K16_工商风险":0,"K17_经营风险":0,"K18_经营状况":1},
{"K01_分组":"投后-基金管理人","K02_企业":"深圳市创新投资集团有限公司","K03_监测开始日期":"2021-11-30","K11_高风险":0,"K12_警示":4,"K13_利好":0,"K14_提示":8,"K15_司法风险":4,"K16_工商风险":0,"K17_经营风险":0,"K18_经营状况":8},
{"K01_分组":"投后-基金管理人","K02_企业":"深圳市东方富海创业投资管理有限公司","K03_监测开始日期":"2021-11-30","K11_高风险":0,"K12_警示":0,"K13_利好":0,"K14_提示":1,"K15_司法风险":0,"K16_工商风险":0,"K17_经营风险":0,"K18_经营状况":1},
{"K01_分组":"投后-基金管理人","K02_企业":"深圳市高特佳投资集团有限公司","K03_监测开始日期":"2021-11-30","K11_高风险":0,"K12_警示":0,"K13_利好":0,"K14_提示":0,"K15_司法风险":0,"K16_工商风险":0,"K17_经营风险":0,"K18_经营状况":0},
{"K01_分组":"投后-基金管理人","K02_企业":"深圳市前海德弘联信投资管理有限公司","K03_监测开始日期":"2021-11-30","K11_高风险":0,"K12_警示":0,"K13_利好":0,"K14_提示":2,"K15_司法风险":0,"K16_工商风险":2,"K17_经营风险":0,"K18_经营状况":0},
{"K01_分组":"投后-基金管理人","K02_企业":"深圳市前海青松创业投资基金管理企业（有限合伙）","K03_监测开始日期":"2021-11-30","K11_高风险":0,"K12_警示":0,"K13_利好":0,"K14_提示":0,"K15_司法风险":0,"K16_工商风险":0,"K17_经营风险":0,"K18_经营状况":0},
{"K01_分组":"投后-基金管理人","K02_企业":"深圳市融创投资顾问有限公司","K03_监测开始日期":"2021-11-30","K11_高风险":0,"K12_警示":0,"K13_利好":0,"K14_提示":0,"K15_司法风险":0,"K16_工商风险":0,"K17_经营风险":0,"K18_经营状况":0},
{"K01_分组":"投后-基金管理人","K02_企业":"深圳同创锦绣资产管理有限公司","K03_监测开始日期":"2021-11-30","K11_高风险":0,"K12_警示":0,"K13_利好":0,"K14_提示":0,"K15_司法风险":0,"K16_工商风险":0,"K17_经营风险":0,"K18_经营状况":0},
{"K01_分组":"投后-基金管理人","K02_企业":"深圳同创伟业资产管理股份有限公司","K03_监测开始日期":"2021-11-30","K11_高风险":0,"K12_警示":0,"K13_利好":0,"K14_提示":0,"K15_司法风险":0,"K16_工商风险":0,"K17_经营风险":0,"K18_经营状况":0},
{"K01_分组":"投后-基金管理人","K02_企业":"深圳英诺厚德基金管理有限公司","K03_监测开始日期":"2021-11-30","K11_高风险":0,"K12_警示":0,"K13_利好":0,"K14_提示":0,"K15_司法风险":0,"K16_工商风险":0,"K17_经营风险":0,"K18_经营状况":0},
{"K01_分组":"投后-基金管理人","K02_企业":"苏州启慧投资管理合伙企业（有限合伙）","K03_监测开始日期":"2021-11-30","K11_高风险":0,"K12_警示":0,"K13_利好":0,"K14_提示":0,"K15_司法风险":0,"K16_工商风险":0,"K17_经营风险":0,"K18_经营状况":0},
{"K01_分组":"投后-基金管理人","K02_企业":"苏州启平投资管理合伙企业（有限合伙）","K03_监测开始日期":"2021-11-30","K11_高风险":0,"K12_警示":0,"K13_利好":0,"K14_提示":0,"K15_司法风险":0,"K16_工商风险":0,"K17_经营风险":0,"K18_经营状况":0},
{"K01_分组":"投后-基金管理人","K02_企业":"天津华清企业管理咨询有限公司","K03_监测开始日期":"2021-11-30","K11_高风险":0,"K12_警示":0,"K13_利好":0,"K14_提示":0,"K15_司法风险":0,"K16_工商风险":0,"K17_经营风险":0,"K18_经营状况":0},
{"K01_分组":"投后-基金管理人","K02_企业":"天津赛富盛元投资管理中心（有限合伙）","K03_监测开始日期":"2021-11-30","K11_高风险":0,"K12_警示":0,"K13_利好":0,"K14_提示":0,"K15_司法风险":0,"K16_工商风险":0,"K17_经营风险":0,"K18_经营状况":0},
{"K01_分组":"投后-基金管理人","K02_企业":"乌鲁木齐凤凰基石股权投资管理有限合伙企业","K03_监测开始日期":"2021-11-30","K11_高风险":0,"K12_警示":0,"K13_利好":0,"K14_提示":0,"K15_司法风险":0,"K16_工商风险":0,"K17_经营风险":0,"K18_经营状况":0},
{"K01_分组":"投后-基金管理人","K02_企业":"西藏达孜真格天祥投资管理有限公司","K03_监测开始日期":"2021-11-30","K11_高风险":0,"K12_警示":0,"K13_利好":0,"K14_提示":0,"K15_司法风险":0,"K16_工商风险":0,"K17_经营风险":0,"K18_经营状况":0},
{"K01_分组":"投后-基金管理人","K02_企业":"西藏险峰长晴创业投资管理有限公司","K03_监测开始日期":"2021-11-30","K11_高风险":0,"K12_警示":0,"K13_利好":0,"K14_提示":0,"K15_司法风险":0,"K16_工商风险":0,"K17_经营风险":0,"K18_经营状况":0},
{"K01_分组":"投后-基金管理人","K02_企业":"新华联润石（北京）股权投资基金管理有限公司","K03_监测开始日期":"2021-11-30","K11_高风险":0,"K12_警示":0,"K13_利好":0,"K14_提示":0,"K15_司法风险":0,"K16_工商风险":0,"K17_经营风险":0,"K18_经营状况":0},
{"K01_分组":"投后-基金管理人","K02_企业":"英诺融科（北京）投资管理有限公司","K03_监测开始日期":"2021-11-30","K11_高风险":0,"K12_警示":0,"K13_利好":0,"K14_提示":0,"K15_司法风险":0,"K16_工商风险":0,"K17_经营风险":0,"K18_经营状况":0},
{"K01_分组":"投后-基金管理人","K02_企业":"中文在线（天津）文化教育产业私募基金投资管理有限公司","K03_监测开始日期":"2021-11-30","K11_高风险":0,"K12_警示":0,"K13_利好":0,"K14_提示":0,"K15_司法风险":0,"K16_工商风险":0,"K17_经营风险":0,"K18_经营状况":0},
{"K01_分组":"投后-投资企业","K02_企业":"艾棣维欣（苏州）生物制品有限公司","K03_监测开始日期":"2021-10-13","K11_高风险":0,"K12_警示":0,"K13_利好":2,"K14_提示":1,"K15_司法风险":0,"K16_工商风险":0,"K17_经营风险":0,"K18_经营状况":3},
{"K01_分组":"投后-投资企业","K02_企业":"邦尔骨科医院集团股份有限公司","K03_监测开始日期":"2021-10-13","K11_高风险":0,"K12_警示":0,"K13_利好":1,"K14_提示":0,"K15_司法风险":0,"K16_工商风险":0,"K17_经营风险":0,"K18_经营状况":1},
{"K01_分组":"投后-投资企业","K02_企业":"北京泊远网络科技有限公司","K03_监测开始日期":"2021-10-13","K11_高风险":0,"K12_警示":0,"K13_利好":0,"K14_提示":0,"K15_司法风险":0,"K16_工商风险":0,"K17_经营风险":0,"K18_经营状况":0},
{"K01_分组":"投后-投资企业","K02_企业":"北京长亭科技有限公司","K03_监测开始日期":"2021-10-13","K11_高风险":0,"K12_警示":0,"K13_利好":0,"K14_提示":19,"K15_司法风险":0,"K16_工商风险":0,"K17_经营风险":0,"K18_经营状况":19},
{"K01_分组":"投后-投资企业","K02_企业":"北京动因体育科技有限公司","K03_监测开始日期":"2021-10-13","K11_高风险":0,"K12_警示":0,"K13_利好":0,"K14_提示":0,"K15_司法风险":0,"K16_工商风险":0,"K17_经营风险":0,"K18_经营状况":0},
{"K01_分组":"投后-投资企业","K02_企业":"北京公瑾科技有限公司","K03_监测开始日期":"2021-10-13","K11_高风险":0,"K12_警示":0,"K13_利好":0,"K14_提示":0,"K15_司法风险":0,"K16_工商风险":0,"K17_经营风险":0,"K18_经营状况":0},
{"K01_分组":"投后-投资企业","K02_企业":"北京六合宁远医药科技股份有限公司","K03_监测开始日期":"2021-10-13","K11_高风险":0,"K12_警示":0,"K13_利好":0,"K14_提示":0,"K15_司法风险":0,"K16_工商风险":0,"K17_经营风险":0,"K18_经营状况":0},
{"K01_分组":"投后-投资企业","K02_企业":"北京麻辣诱惑食品有限公司","K03_监测开始日期":"2021-10-13","K11_高风险":0,"K12_警示":1,"K13_利好":0,"K14_提示":0,"K15_司法风险":1,"K16_工商风险":0,"K17_经营风险":0,"K18_经营状况":0},
{"K01_分组":"投后-投资企业","K02_企业":"北京赛德阳光医院管理集团有限公司","K03_监测开始日期":"2021-10-13","K11_高风险":0,"K12_警示":1,"K13_利好":0,"K14_提示":0,"K15_司法风险":1,"K16_工商风险":0,"K17_经营风险":0,"K18_经营状况":0},
{"K01_分组":"投后-投资企业","K02_企业":"北京泰迪熊移动科技有限公司","K03_监测开始日期":"2021-10-13","K11_高风险":0,"K12_警示":0,"K13_利好":3,"K14_提示":0,"K15_司法风险":0,"K16_工商风险":0,"K17_经营风险":0,"K18_经营状况":3},
{"K01_分组":"投后-投资企业","K02_企业":"北京小熊博望科技有限公司","K03_监测开始日期":"2021-10-13","K11_高风险":0,"K12_警示":0,"K13_利好":0,"K14_提示":0,"K15_司法风险":0,"K16_工商风险":0,"K17_经营风险":0,"K18_经营状况":0},
{"K01_分组":"投后-投资企业","K02_企业":"北京星际荣耀空间科技股份有限公司","K03_监测开始日期":"2021-10-13","K11_高风险":0,"K12_警示":0,"K13_利好":9,"K14_提示":0,"K15_司法风险":0,"K16_工商风险":0,"K17_经营风险":0,"K18_经营状况":9},
{"K01_分组":"投后-投资企业","K02_企业":"北京一览群智数据科技有限责任公司","K03_监测开始日期":"2021-10-13","K11_高风险":0,"K12_警示":0,"K13_利好":0,"K14_提示":0,"K15_司法风险":0,"K16_工商风险":0,"K17_经营风险":0,"K18_经营状况":0},
{"K01_分组":"投后-投资企业","K02_企业":"北京影谱科技股份有限公司","K03_监测开始日期":"2021-10-13","K11_高风险":0,"K12_警示":0,"K13_利好":2,"K14_提示":0,"K15_司法风险":0,"K16_工商风险":0,"K17_经营风险":0,"K18_经营状况":2},
{"K01_分组":"投后-投资企业","K02_企业":"北京圆心科技集团股份有限公司","K03_监测开始日期":"2021-10-13","K11_高风险":0,"K12_警示":0,"K13_利好":0,"K14_提示":2,"K15_司法风险":0,"K16_工商风险":0,"K17_经营风险":0,"K18_经营状况":2},
{"K01_分组":"投后-投资企业","K02_企业":"北京昭衍生物技术有限公司","K03_监测开始日期":"2021-10-13","K11_高风险":0,"K12_警示":0,"K13_利好":0,"K14_提示":1,"K15_司法风险":0,"K16_工商风险":0,"K17_经营风险":0,"K18_经营状况":1},
{"K01_分组":"投后-投资企业","K02_企业":"北京指掌易科技有限公司","K03_监测开始日期":"2021-10-13","K11_高风险":0,"K12_警示":1,"K13_利好":4,"K14_提示":3,"K15_司法风险":1,"K16_工商风险":0,"K17_经营风险":0,"K18_经营状况":7},
{"K01_分组":"投后-投资企业","K02_企业":"博纳影业集团股份有限公司","K03_监测开始日期":"2021-10-13","K11_高风险":0,"K12_警示":0,"K13_利好":0,"K14_提示":0,"K15_司法风险":0,"K16_工商风险":0,"K17_经营风险":0,"K18_经营状况":0},
{"K01_分组":"投后-投资企业","K02_企业":"长光卫星技术股份有限公司","K03_监测开始日期":"2021-10-13","K11_高风险":0,"K12_警示":0,"K13_利好":21,"K14_提示":7,"K15_司法风险":0,"K16_工商风险":0,"K17_经营风险":0,"K18_经营状况":28},
{"K01_分组":"投后-投资企业","K02_企业":"成都二十三魔方生物科技有限公司","K03_监测开始日期":"2021-10-13","K11_高风险":0,"K12_警示":0,"K13_利好":0,"K14_提示":0,"K15_司法风险":0,"K16_工商风险":0,"K17_经营风险":0,"K18_经营状况":0},
{"K01_分组":"投后-投资企业","K02_企业":"盛时钟表集团股份有限公司","K03_监测开始日期":"2021-10-13","K11_高风险":0,"K12_警示":0,"K13_利好":0,"K14_提示":0,"K15_司法风险":0,"K16_工商风险":0,"K17_经营风险":0,"K18_经营状况":0},
{"K01_分组":"投后-投资企业","K02_企业":"春华景禧（天津）投资中心（有限合伙）","K03_监测开始日期":"2021-10-13","K11_高风险":0,"K12_警示":0,"K13_利好":0,"K14_提示":0,"K15_司法风险":0,"K16_工商风险":0,"K17_经营风险":0,"K18_经营状况":0},
{"K01_分组":"投后-投资企业","K02_企业":"地上铁租车（深圳）有限公司","K03_监测开始日期":"2021-10-13","K11_高风险":0,"K12_警示":7,"K13_利好":8,"K14_提示":1,"K15_司法风险":7,"K16_工商风险":0,"K17_经营风险":0,"K18_经营状况":9},
{"K01_分组":"投后-投资企业","K02_企业":"第四范式（北京）技术有限公司","K03_监测开始日期":"2021-10-13","K11_高风险":0,"K12_警示":0,"K13_利好":10,"K14_提示":11,"K15_司法风险":0,"K16_工商风险":0,"K17_经营风险":0,"K18_经营状况":21},
{"K01_分组":"投后-投资企业","K02_企业":"飞昂创新科技南通有限公司","K03_监测开始日期":"2021-10-13","K11_高风险":0,"K12_警示":0,"K13_利好":0,"K14_提示":0,"K15_司法风险":0,"K16_工商风险":0,"K17_经营风险":0,"K18_经营状况":0},
{"K01_分组":"投后-投资企业","K02_企业":"福建和瑞基因科技有限公司","K03_监测开始日期":"2021-10-13","K11_高风险":0,"K12_警示":0,"K13_利好":1,"K14_提示":0,"K15_司法风险":0,"K16_工商风险":0,"K17_经营风险":0,"K18_经营状况":1},
{"K01_分组":"投后-投资企业","K02_企业":"广东凯金新能源科技股份有限公司","K03_监测开始日期":"2021-10-13","K11_高风险":0,"K12_警示":0,"K13_利好":7,"K14_提示":0,"K15_司法风险":0,"K16_工商风险":0,"K17_经营风险":0,"K18_经营状况":7},
{"K01_分组":"投后-投资企业","K02_企业":"广东快客电子商务有限公司","K03_监测开始日期":"2021-10-13","K11_高风险":0,"K12_警示":1,"K13_利好":0,"K14_提示":1,"K15_司法风险":1,"K16_工商风险":1,"K17_经营风险":0,"K18_经营状况":0},
{"K01_分组":"投后-投资企业","K02_企业":"广东香蜜闺秀科技有限公司","K03_监测开始日期":"2021-10-13","K11_高风险":0,"K12_警示":0,"K13_利好":0,"K14_提示":0,"K15_司法风险":0,"K16_工商风险":0,"K17_经营风险":0,"K18_经营状况":0},
{"K01_分组":"投后-投资企业","K02_企业":"广东云徙智能科技有限公司","K03_监测开始日期":"2021-10-13","K11_高风险":0,"K12_警示":0,"K13_利好":1,"K14_提示":0,"K15_司法风险":0,"K16_工商风险":0,"K17_经营风险":0,"K18_经营状况":1},
{"K01_分组":"投后-投资企业","K02_企业":"广州七乐康数字健康医疗科技有限公司","K03_监测开始日期":"2021-10-13","K11_高风险":1,"K12_警示":3,"K13_利好":0,"K14_提示":0,"K15_司法风险":4,"K16_工商风险":0,"K17_经营风险":0,"K18_经营状况":0},
{"K01_分组":"投后-投资企业","K02_企业":"广州市钱大妈农产品有限公司","K03_监测开始日期":"2021-10-13","K11_高风险":0,"K12_警示":0,"K13_利好":3,"K14_提示":0,"K15_司法风险":0,"K16_工商风险":0,"K17_经营风险":0,"K18_经营状况":3},
{"K01_分组":"投后-投资企业","K02_企业":"广州思迈特软件有限公司","K03_监测开始日期":"2021-10-13","K11_高风险":0,"K12_警示":0,"K13_利好":3,"K14_提示":5,"K15_司法风险":0,"K16_工商风险":0,"K17_经营风险":0,"K18_经营状况":8},
{"K01_分组":"投后-投资企业","K02_企业":"国能汽车技术开发有限责任公司","K03_监测开始日期":"2021-10-13","K11_高风险":0,"K12_警示":0,"K13_利好":0,"K14_提示":0,"K15_司法风险":0,"K16_工商风险":0,"K17_经营风险":0,"K18_经营状况":0},
{"K01_分组":"投后-投资企业","K02_企业":"国药健康在线有限公司","K03_监测开始日期":"2021-10-13","K11_高风险":0,"K12_警示":0,"K13_利好":0,"K14_提示":0,"K15_司法风险":0,"K16_工商风险":0,"K17_经营风险":0,"K18_经营状况":0},
{"K01_分组":"投后-投资企业","K02_企业":"汉朔科技股份有限公司","K03_监测开始日期":"2021-10-13","K11_高风险":0,"K12_警示":0,"K13_利好":2,"K14_提示":1,"K15_司法风险":0,"K16_工商风险":0,"K17_经营风险":0,"K18_经营状况":3},
{"K01_分组":"投后-投资企业","K02_企业":"杭州阿诺生物医药科技有限公司","K03_监测开始日期":"2021-09-22","K11_高风险":0,"K12_警示":0,"K13_利好":0,"K14_提示":0,"K15_司法风险":0,"K16_工商风险":0,"K17_经营风险":0,"K18_经营状况":0},
{"K01_分组":"投后-投资企业","K02_企业":"杭州英涉时装有限公司","K03_监测开始日期":"2021-10-13","K11_高风险":0,"K12_警示":0,"K13_利好":0,"K14_提示":0,"K15_司法风险":0,"K16_工商风险":0,"K17_经营风险":0,"K18_经营状况":0},
{"K01_分组":"投后-投资企业","K02_企业":"湖南珂信健康产业集团有限公司","K03_监测开始日期":"2021-10-13","K11_高风险":0,"K12_警示":0,"K13_利好":0,"K14_提示":0,"K15_司法风险":0,"K16_工商风险":0,"K17_经营风险":0,"K18_经营状况":0},
{"K01_分组":"投后-投资企业","K02_企业":"华韩医疗科学技术股份有限公司","K03_监测开始日期":"2021-10-13","K11_高风险":0,"K12_警示":0,"K13_利好":0,"K14_提示":0,"K15_司法风险":0,"K16_工商风险":0,"K17_经营风险":0,"K18_经营状况":0},
{"K01_分组":"投后-投资企业","K02_企业":"辉大（上海）生物科技有限公司","K03_监测开始日期":"2021-09-22","K11_高风险":0,"K12_警示":0,"K13_利好":2,"K14_提示":0,"K15_司法风险":0,"K16_工商风险":0,"K17_经营风险":0,"K18_经营状况":2},
{"K01_分组":"投后-投资企业","K02_企业":"嘉和美康（北京）科技股份有限公司","K03_监测开始日期":"2021-09-22","K11_高风险":0,"K12_警示":0,"K13_利好":0,"K14_提示":12,"K15_司法风险":0,"K16_工商风险":12,"K17_经营风险":0,"K18_经营状况":0},
{"K01_分组":"投后-投资企业","K02_企业":"江苏群立投资集团有限公司","K03_监测开始日期":"2022-08-26","K11_高风险":0,"K12_警示":0,"K13_利好":0,"K14_提示":0,"K15_司法风险":0,"K16_工商风险":0,"K17_经营风险":0,"K18_经营状况":0},
{"K01_分组":"投后-投资企业","K02_企业":"江苏银承网络科技股份有限公司","K03_监测开始日期":"2021-10-13","K11_高风险":0,"K12_警示":0,"K13_利好":4,"K14_提示":0,"K15_司法风险":0,"K16_工商风险":0,"K17_经营风险":0,"K18_经营状况":4},
{"K01_分组":"投后-投资企业","K02_企业":"江苏中慧元通生物科技股份有限公司","K03_监测开始日期":"2021-10-13","K11_高风险":0,"K12_警示":0,"K13_利好":2,"K14_提示":0,"K15_司法风险":0,"K16_工商风险":0,"K17_经营风险":0,"K18_经营状况":2},
{"K01_分组":"投后-投资企业","K02_企业":"凯泰铭科技（北京）有限公司","K03_监测开始日期":"2021-10-13","K11_高风险":0,"K12_警示":0,"K13_利好":0,"K14_提示":0,"K15_司法风险":0,"K16_工商风险":0,"K17_经营风险":0,"K18_经营状况":0},
{"K01_分组":"投后-投资企业","K02_企业":"科亚医疗科技股份有限公司","K03_监测开始日期":"2021-10-13","K11_高风险":0,"K12_警示":0,"K13_利好":1,"K14_提示":0,"K15_司法风险":0,"K16_工商风险":0,"K17_经营风险":0,"K18_经营状况":1},
{"K01_分组":"投后-投资企业","K02_企业":"蓝箭航天空间科技股份有限公司","K03_监测开始日期":"2021-10-13","K11_高风险":0,"K12_警示":2,"K13_利好":4,"K14_提示":0,"K15_司法风险":2,"K16_工商风险":0,"K17_经营风险":0,"K18_经营状况":4},
{"K01_分组":"投后-投资企业","K02_企业":"礼进生物医药科技（上海）有限公司","K03_监测开始日期":"2021-10-13","K11_高风险":0,"K12_警示":0,"K13_利好":0,"K14_提示":0,"K15_司法风险":0,"K16_工商风险":0,"K17_经营风险":0,"K18_经营状况":0},
{"K01_分组":"投后-投资企业","K02_企业":"罗益（无锡）生物制药有限公司","K03_监测开始日期":"2021-10-13","K11_高风险":0,"K12_警示":0,"K13_利好":1,"K14_提示":4,"K15_司法风险":0,"K16_工商风险":0,"K17_经营风险":0,"K18_经营状况":5},
{"K01_分组":"投后-投资企业","K02_企业":"绿晶半导体科技（北京）有限公司","K03_监测开始日期":"2021-10-13","K11_高风险":0,"K12_警示":0,"K13_利好":0,"K14_提示":2,"K15_司法风险":0,"K16_工商风险":2,"K17_经营风险":0,"K18_经营状况":0},
{"K01_分组":"投后-投资企业","K02_企业":"南京岚煜生物科技有限公司","K03_监测开始日期":"2021-10-13","K11_高风险":0,"K12_警示":0,"K13_利好":4,"K14_提示":1,"K15_司法风险":0,"K16_工商风险":0,"K17_经营风险":0,"K18_经营状况":5},
{"K01_分组":"投后-投资企业","K02_企业":"南京英锐创电子科技有限公司","K03_监测开始日期":"2021-10-13","K11_高风险":0,"K12_警示":0,"K13_利好":5,"K14_提示":0,"K15_司法风险":0,"K16_工商风险":0,"K17_经营风险":0,"K18_经营状况":5},
{"K01_分组":"投后-投资企业","K02_企业":"宁波三生生物科技股份有限公司","K03_监测开始日期":"2021-10-13","K11_高风险":0,"K12_警示":0,"K13_利好":6,"K14_提示":0,"K15_司法风险":0,"K16_工商风险":0,"K17_经营风险":0,"K18_经营状况":6},
{"K01_分组":"投后-投资企业","K02_企业":"鹏城金云科技有限公司","K03_监测开始日期":"2021-10-13","K11_高风险":0,"K12_警示":0,"K13_利好":0,"K14_提示":0,"K15_司法风险":0,"K16_工商风险":0,"K17_经营风险":0,"K18_经营状况":0},
{"K01_分组":"投后-投资企业","K02_企业":"朴诚乳业（集团）有限公司","K03_监测开始日期":"2021-10-13","K11_高风险":0,"K12_警示":0,"K13_利好":1,"K14_提示":0,"K15_司法风险":0,"K16_工商风险":0,"K17_经营风险":0,"K18_经营状况":1},
{"K01_分组":"投后-投资企业","K02_企业":"普源精电科技股份有限公司","K03_监测开始日期":"2021-10-13","K11_高风险":0,"K12_警示":0,"K13_利好":18,"K14_提示":3,"K15_司法风险":0,"K16_工商风险":0,"K17_经营风险":0,"K18_经营状况":21},
{"K01_分组":"投后-投资企业","K02_企业":"赛伯乐国际控股有限公司","K03_监测开始日期":"2021-10-13","K11_高风险":0,"K12_警示":0,"K13_利好":0,"K14_提示":0,"K15_司法风险":0,"K16_工商风险":0,"K17_经营风险":0,"K18_经营状况":0},
{"K01_分组":"投后-投资企业","K02_企业":"上海海和药物研究开发有限公司","K03_监测开始日期":"2021-10-13","K11_高风险":0,"K12_警示":0,"K13_利好":0,"K14_提示":0,"K15_司法风险":0,"K16_工商风险":0,"K17_经营风险":0,"K18_经营状况":0},
{"K01_分组":"投后-投资企业","K02_企业":"上海花桥餐饮管理有限公司","K03_监测开始日期":"2021-09-22","K11_高风险":0,"K12_警示":0,"K13_利好":0,"K14_提示":0,"K15_司法风险":0,"K16_工商风险":0,"K17_经营风险":0,"K18_经营状况":0},
{"K01_分组":"投后-投资企业","K02_企业":"上海盟科药业股份有限公司","K03_监测开始日期":"2021-10-13","K11_高风险":0,"K12_警示":0,"K13_利好":1,"K14_提示":0,"K15_司法风险":0,"K16_工商风险":0,"K17_经营风险":0,"K18_经营状况":1},
{"K01_分组":"投后-投资企业","K02_企业":"上海妙一生物科技有限公司","K03_监测开始日期":"2021-10-13","K11_高风险":0,"K12_警示":0,"K13_利好":1,"K14_提示":0,"K15_司法风险":0,"K16_工商风险":0,"K17_经营风险":0,"K18_经营状况":1},
{"K01_分组":"投后-投资企业","K02_企业":"上海拿森汽车电子有限公司","K03_监测开始日期":"2021-10-13","K11_高风险":0,"K12_警示":0,"K13_利好":5,"K14_提示":0,"K15_司法风险":0,"K16_工商风险":0,"K17_经营风险":0,"K18_经营状况":5},
{"K01_分组":"投后-投资企业","K02_企业":"上海微云实业集团有限公司","K03_监测开始日期":"2021-09-22","K11_高风险":0,"K12_警示":0,"K13_利好":4,"K14_提示":0,"K15_司法风险":0,"K16_工商风险":0,"K17_经营风险":0,"K18_经营状况":4},
{"K01_分组":"投后-投资企业","K02_企业":"上海依图网络科技有限公司","K03_监测开始日期":"2021-10-13","K11_高风险":0,"K12_警示":3,"K13_利好":1,"K14_提示":1,"K15_司法风险":3,"K16_工商风险":0,"K17_经营风险":0,"K18_经营状况":2},
{"K01_分组":"投后-投资企业","K02_企业":"上海有个机器人有限公司","K03_监测开始日期":"2021-10-13","K11_高风险":0,"K12_警示":0,"K13_利好":13,"K14_提示":0,"K15_司法风险":0,"K16_工商风险":0,"K17_经营风险":0,"K18_经营状况":13},
{"K01_分组":"投后-投资企业","K02_企业":"上海找钢网信息科技股份有限公司","K03_监测开始日期":"2021-09-22","K11_高风险":0,"K12_警示":8,"K13_利好":2,"K14_提示":0,"K15_司法风险":8,"K16_工商风险":0,"K17_经营风险":0,"K18_经营状况":2},
{"K01_分组":"投后-投资企业","K02_企业":"深圳华大智造科技股份有限公司","K03_监测开始日期":"2021-10-13","K11_高风险":0,"K12_警示":0,"K13_利好":14,"K14_提示":1,"K15_司法风险":0,"K16_工商风险":0,"K17_经营风险":0,"K18_经营状况":15},
{"K01_分组":"投后-投资企业","K02_企业":"深圳市联新移动医疗科技有限公司","K03_监测开始日期":"2021-10-13","K11_高风险":0,"K12_警示":0,"K13_利好":9,"K14_提示":5,"K15_司法风险":0,"K16_工商风险":0,"K17_经营风险":0,"K18_经营状况":14},
{"K01_分组":"投后-投资企业","K02_企业":"深圳市锐凌无线技术有限公司","K03_监测开始日期":"2021-10-13","K11_高风险":0,"K12_警示":0,"K13_利好":0,"K14_提示":1,"K15_司法风险":0,"K16_工商风险":1,"K17_经营风险":0,"K18_经营状况":0},
{"K01_分组":"投后-投资企业","K02_企业":"深圳市亦诺微医药科技有限公司","K03_监测开始日期":"2021-10-13","K11_高风险":0,"K12_警示":0,"K13_利好":0,"K14_提示":0,"K15_司法风险":0,"K16_工商风险":0,"K17_经营风险":0,"K18_经营状况":0},
{"K01_分组":"投后-投资企业","K02_企业":"深圳市云杉医疗管理有限公司","K03_监测开始日期":"2021-10-13","K11_高风险":0,"K12_警示":0,"K13_利好":0,"K14_提示":1,"K15_司法风险":0,"K16_工商风险":0,"K17_经营风险":0,"K18_经营状况":1},
{"K01_分组":"投后-投资企业","K02_企业":"苏州盖雅信息技术有限公司","K03_监测开始日期":"2021-10-13","K11_高风险":0,"K12_警示":1,"K13_利好":2,"K14_提示":1,"K15_司法风险":1,"K16_工商风险":0,"K17_经营风险":0,"K18_经营状况":3},
{"K01_分组":"投后-投资企业","K02_企业":"泰凌微电子（上海）股份有限公司","K03_监测开始日期":"2021-10-13","K11_高风险":0,"K12_警示":0,"K13_利好":2,"K14_提示":0,"K15_司法风险":0,"K16_工商风险":0,"K17_经营风险":0,"K18_经营状况":2},
{"K01_分组":"投后-投资企业","K02_企业":"无锡臻和生物科技有限公司","K03_监测开始日期":"2021-10-13","K11_高风险":0,"K12_警示":0,"K13_利好":0,"K14_提示":0,"K15_司法风险":0,"K16_工商风险":0,"K17_经营风险":0,"K18_经营状况":0},
{"K01_分组":"投后-投资企业","K02_企业":"壹米滴答供应链集团有限公司","K03_监测开始日期":"2021-09-22","K11_高风险":0,"K12_警示":5,"K13_利好":0,"K14_提示":1,"K15_司法风险":5,"K16_工商风险":0,"K17_经营风险":0,"K18_经营状况":1},
{"K01_分组":"投后-投资企业","K02_企业":"银联商务股份有限公司","K03_监测开始日期":"2021-10-13","K11_高风险":0,"K12_警示":2,"K13_利好":11,"K14_提示":44,"K15_司法风险":2,"K16_工商风险":0,"K17_经营风险":0,"K18_经营状况":55},
{"K01_分组":"投后-投资企业","K02_企业":"浙江护童人体工学科技股份有限公司","K03_监测开始日期":"2021-10-13","K11_高风险":0,"K12_警示":0,"K13_利好":2,"K14_提示":0,"K15_司法风险":0,"K16_工商风险":0,"K17_经营风险":0,"K18_经营状况":2},
{"K01_分组":"投后-投资企业","K02_企业":"浙江凯乐士科技集团股份有限公司","K03_监测开始日期":"2021-10-13","K11_高风险":0,"K12_警示":0,"K13_利好":9,"K14_提示":6,"K15_司法风险":0,"K16_工商风险":1,"K17_经营风险":0,"K18_经营状况":14},
{"K01_分组":"投后-投资企业","K02_企业":"浙江盘石信息技术股份有限公司","K03_监测开始日期":"2021-10-13","K11_高风险":0,"K12_警示":1,"K13_利好":0,"K14_提示":0,"K15_司法风险":1,"K16_工商风险":0,"K17_经营风险":0,"K18_经营状况":0},
{"K01_分组":"投后-投资企业","K02_企业":"浙江太美医疗科技股份有限公司","K03_监测开始日期":"2021-10-13","K11_高风险":0,"K12_警示":0,"K13_利好":3,"K14_提示":4,"K15_司法风险":0,"K16_工商风险":0,"K17_经营风险":0,"K18_经营状况":7},
{"K01_分组":"投后-投资企业","K02_企业":"中创新航科技股份有限公司","K03_监测开始日期":"2022-08-19","K11_高风险":0,"K12_警示":0,"K13_利好":177,"K14_提示":0,"K15_司法风险":0,"K16_工商风险":0,"K17_经营风险":0,"K18_经营状况":177},
{"K01_分组":"投后-投资企业","K02_企业":"中冶美利云产业投资股份有限公司","K03_监测开始日期":"2021-10-13","K11_高风险":0,"K12_警示":3,"K13_利好":0,"K14_提示":3,"K15_司法风险":3,"K16_工商风险":0,"K17_经营风险":0,"K18_经营状况":3},
{"K01_分组":"投后-投资企业","K02_企业":"猪八戒股份有限公司","K03_监测开始日期":"2021-10-13","K11_高风险":0,"K12_警示":2,"K13_利好":0,"K14_提示":0,"K15_司法风险":2,"K16_工商风险":0,"K17_经营风险":0,"K18_经营状况":0},
{"K01_分组":"投后-投资企业","K02_企业":"珠海必要工业科技股份有限公司","K03_监测开始日期":"2021-10-13","K11_高风险":0,"K12_警示":1,"K13_利好":16,"K14_提示":0,"K15_司法风险":1,"K16_工商风险":0,"K17_经营风险":0,"K18_经营状况":16},
{"K01_分组":"投后-投资企业","K02_企业":"珠海精实测控技术股份有限公司","K03_监测开始日期":"2021-10-13","K11_高风险":0,"K12_警示":0,"K13_利好":13,"K14_提示":2,"K15_司法风险":0,"K16_工商风险":0,"K17_经营风险":0,"K18_经营状况":15}]}
