[{"group":"投后-all","source_30":[["date","2022-11-03","2022-11-04","2022-11-05","2022-11-06","2022-11-07","2022-11-08","2022-11-09","2022-11-10","2022-11-11","2022-11-12","2022-11-13","2022-11-14","2022-11-15","2022-11-16","2022-11-17","2022-11-18","2022-11-19","2022-11-20","2022-11-21","2022-11-22","2022-11-23","2022-11-24","2022-11-25","2022-11-26","2022-11-27","2022-11-28","2022-11-29","2022-11-30","2022-12-01","2022-12-02"],["提示",6,2,1,1,6,6,7,8,10,0,0,5,8,5,5,9,2,1,4,12,5,8,6,2,0,8,5,10,16,0],["利好",0,33,0,0,1,5,0,0,0,0,0,2,44,0,1,147,20,1,0,43,9,2,28,5,1,1,33,2,2,30],["警示",3,0,2,0,2,1,3,2,1,0,1,1,1,1,2,1,0,0,2,9,7,0,4,1,2,0,0,0,2,4],["高风险",0,0,0,0,0,0,0,0,0,0,0,0,0,0,0,0,0,0,1,0,0,0,0,0,0,0,0,0,0,0]]},
{"group":"投后-all","source_7":[["date","2022-11-25","2022-11-26","2022-11-27","2022-11-28","2022-11-29","2022-11-30","2022-12-01","2022-12-02"],["提示",6,2,0,8,5,10,16,0],["利好",28,5,1,1,33,2,2,30],["警示",4,1,2,0,0,0,2,4],["高风险",0,0,0,0,0,0,0,0]]},
{"group":"投后-all","info_30":[{"name":"专利信息","value":347},{"name":"招投标","value":129},{"name":"商标信息","value":49},{"name":"法律诉讼","value":30},{"name":"主要人员变更","value":15},{"name":"开庭公告","value":15},{"name":"软件著作权","value":14},{"name":"投资事件","value":6},{"name":"法院公告","value":6},{"name":"法定代表人变更","value":2},{"name":"对外投资","value":2},{"name":"注册资本变更","value":1},{"name":"限制消费令","value":1},{"name":"司法协助","value":1},{"name":"经营范围变更","value":1},{"name":"电信许可","value":1},{"name":"抽查检查","value":1}]},
{"group":"投后-all","info_7":[{"name":"专利信息","value":89},{"name":"招投标","value":31},{"name":"主要人员变更","value":14},{"name":"软件著作权","value":7},{"name":"商标信息","value":6},{"name":"法律诉讼","value":6},{"name":"开庭公告","value":4},{"name":"法院公告","value":3},{"name":"注册资本变更","value":1},{"name":"投资事件","value":1}]},
{"group":"投后-基金管理人","source_30":[["date","2022-11-03","2022-11-04","2022-11-05","2022-11-06","2022-11-07","2022-11-08","2022-11-09","2022-11-10","2022-11-11","2022-11-12","2022-11-13","2022-11-14","2022-11-15","2022-11-16","2022-11-17","2022-11-18","2022-11-19","2022-11-20","2022-11-21","2022-11-22","2022-11-23","2022-11-24","2022-11-25","2022-11-26","2022-11-27","2022-11-28","2022-11-29","2022-11-30","2022-12-01","2022-12-02"],["提示",2,0,0,0,0,0,1,1,1,0,0,0,1,0,1,1,0,0,2,2,0,1,0,0,0,1,0,0,0,0],["利好",0,0,0,0,0,0,0,0,0,0,0,0,0,0,0,0,0,0,0,0,0,0,0,0,0,0,0,0,0,0],["警示",2,0,1,0,0,0,0,1,1,0,0,0,0,0,1,1,0,0,1,0,0,0,1,0,0,0,0,0,0,1],["高风险",0,0,0,0,0,0,0,0,0,0,0,0,0,0,0,0,0,0,0,0,0,0,0,0,0,0,0,0,0,0]]},
{"group":"投后-基金管理人","source_7":[["date","2022-11-25","2022-11-26","2022-11-27","2022-11-28","2022-11-29","2022-11-30","2022-12-01","2022-12-02"],["提示",0,0,0,1,0,0,0,0],["利好",0,0,0,0,0,0,0,0],["警示",1,0,0,0,0,0,0,1],["高风险",0,0,0,0,0,0,0,0]]},
{"group":"投后-基金管理人","info_30":[{"name":"法律诉讼","value":7},{"name":"投资事件","value":6},{"name":"招投标","value":4},{"name":"法院公告","value":2},{"name":"对外投资","value":2},{"name":"主要人员变更","value":1},{"name":"开庭公告","value":1},{"name":"法定代表人变更","value":1}]},
{"group":"投后-基金管理人","info_7":[{"name":"投资事件","value":1},{"name":"法院公告","value":1},{"name":"法律诉讼","value":1}]},
{"group":"投后-投资企业","source_30":[["date","2022-11-03","2022-11-04","2022-11-05","2022-11-06","2022-11-07","2022-11-08","2022-11-09","2022-11-10","2022-11-11","2022-11-12","2022-11-13","2022-11-14","2022-11-15","2022-11-16","2022-11-17","2022-11-18","2022-11-19","2022-11-20","2022-11-21","2022-11-22","2022-11-23","2022-11-24","2022-11-25","2022-11-26","2022-11-27","2022-11-28","2022-11-29","2022-11-30","2022-12-01","2022-12-02"],["提示",4,2,1,1,6,6,6,7,9,0,0,5,7,5,4,8,2,1,2,10,5,7,6,2,0,7,5,10,16,0],["利好",0,33,0,0,1,5,0,0,0,0,0,2,44,0,1,147,20,1,0,43,9,2,28,5,1,1,33,2,2,30],["警示",1,0,1,0,2,1,3,1,0,0,1,1,1,1,1,0,0,0,1,9,7,0,3,1,2,0,0,0,2,3],["高风险",0,0,0,0,0,0,0,0,0,0,0,0,0,0,0,0,0,0,1,0,0,0,0,0,0,0,0,0,0,0]]},
{"group":"投后-投资企业","source_7":[["date","2022-11-25","2022-11-26","2022-11-27","2022-11-28","2022-11-29","2022-11-30","2022-12-01","2022-12-02"],["提示",6,2,0,7,5,10,16,0],["利好",28,5,1,1,33,2,2,30],["警示",3,1,2,0,0,0,2,3],["高风险",0,0,0,0,0,0,0,0]]},
{"group":"投后-投资企业","info_30":[{"name":"专利信息","value":347},{"name":"招投标","value":125},{"name":"商标信息","value":49},{"name":"法律诉讼","value":23},{"name":"主要人员变更","value":14},{"name":"软件著作权","value":14},{"name":"开庭公告","value":14},{"name":"法院公告","value":4},{"name":"注册资本变更","value":1},{"name":"限制消费令","value":1},{"name":"司法协助","value":1},{"name":"经营范围变更","value":1},{"name":"法定代表人变更","value":1},{"name":"电信许可","value":1},{"name":"抽查检查","value":1}]},
{"group":"投后-投资企业","info_7":[{"name":"专利信息","value":89},{"name":"招投标","value":31},{"name":"主要人员变更","value":14},{"name":"软件著作权","value":7},{"name":"商标信息","value":6},{"name":"法律诉讼","value":5},{"name":"开庭公告","value":4},{"name":"法院公告","value":2},{"name":"注册资本变更","value":1}]}]
