{"last_month":[{"K01_分组":"人法动态","K02_企业":"安徽中投华西股权投资有限公司","K03_监测开始日期":"2022-10-19","K11_高风险":0,"K12_警示":0,"K13_利好":0,"K14_提示":0,"K15_司法风险":0,"K16_工商风险":0,"K17_经营风险":0,"K18_经营状况":0},
{"K01_分组":"人法动态","K02_企业":"北京艾菲因科技有限公司","K03_监测开始日期":"2022-07-01","K11_高风险":0,"K12_警示":0,"K13_利好":0,"K14_提示":1,"K15_司法风险":0,"K16_工商风险":0,"K17_经营风险":0,"K18_经营状况":1},
{"K01_分组":"人法动态","K02_企业":"北京昌联佳创投资有限公司","K03_监测开始日期":"2021-11-17","K11_高风险":0,"K12_警示":0,"K13_利好":0,"K14_提示":0,"K15_司法风险":0,"K16_工商风险":0,"K17_经营风险":0,"K18_经营状况":0},
{"K01_分组":"人法动态","K02_企业":"北京昌联健康管理有限公司","K03_监测开始日期":"2021-11-17","K11_高风险":0,"K12_警示":0,"K13_利好":0,"K14_提示":0,"K15_司法风险":0,"K16_工商风险":0,"K17_经营风险":0,"K18_经营状况":0},
{"K01_分组":"人法动态","K02_企业":"北京昌联咨询服务有限公司","K03_监测开始日期":"2022-07-01","K11_高风险":0,"K12_警示":0,"K13_利好":0,"K14_提示":0,"K15_司法风险":0,"K16_工商风险":0,"K17_经营风险":0,"K18_经营状况":0},
{"K01_分组":"人法动态","K02_企业":"北京昌融小额贷款有限公司","K03_监测开始日期":"2021-11-17","K11_高风险":0,"K12_警示":0,"K13_利好":0,"K14_提示":0,"K15_司法风险":0,"K16_工商风险":0,"K17_经营风险":0,"K18_经营状况":0},
{"K01_分组":"人法动态","K02_企业":"北京昌信普惠金融信息服务有限公司","K03_监测开始日期":"2022-10-19","K11_高风险":0,"K12_警示":0,"K13_利好":0,"K14_提示":0,"K15_司法风险":0,"K16_工商风险":0,"K17_经营风险":0,"K18_经营状况":0},
{"K01_分组":"人法动态","K02_企业":"北京长效投资管理有限公司","K03_监测开始日期":"2022-07-01","K11_高风险":0,"K12_警示":0,"K13_利好":0,"K14_提示":1,"K15_司法风险":0,"K16_工商风险":1,"K17_经营风险":0,"K18_经营状况":0},
{"K01_分组":"人法动态","K02_企业":"北京畅快天下家族信息咨询有限公司","K03_监测开始日期":"2022-10-19","K11_高风险":0,"K12_警示":0,"K13_利好":0,"K14_提示":0,"K15_司法风险":0,"K16_工商风险":0,"K17_经营风险":0,"K18_经营状况":0},
{"K01_分组":"人法动态","K02_企业":"北京超悦世纪科技有限公司","K03_监测开始日期":"2022-10-19","K11_高风险":0,"K12_警示":0,"K13_利好":0,"K14_提示":0,"K15_司法风险":0,"K16_工商风险":0,"K17_经营风险":0,"K18_经营状况":0},
{"K01_分组":"人法动态","K02_企业":"北京鼎盛嘉业非融资性担保有限公司","K03_监测开始日期":"2022-07-01","K11_高风险":0,"K12_警示":0,"K13_利好":0,"K14_提示":0,"K15_司法风险":0,"K16_工商风险":0,"K17_经营风险":0,"K18_经营状况":0},
{"K01_分组":"人法动态","K02_企业":"北京多乐金融信息服务有限公司","K03_监测开始日期":"2022-07-01","K11_高风险":0,"K12_警示":0,"K13_利好":0,"K14_提示":0,"K15_司法风险":0,"K16_工商风险":0,"K17_经营风险":0,"K18_经营状况":0},
{"K01_分组":"人法动态","K02_企业":"北京多乐易科技有限公司","K03_监测开始日期":"2022-07-01","K11_高风险":0,"K12_警示":0,"K13_利好":0,"K14_提示":0,"K15_司法风险":0,"K16_工商风险":0,"K17_经营风险":0,"K18_经营状况":0},
{"K01_分组":"人法动态","K02_企业":"北京范德运通商贸有限公司","K03_监测开始日期":"2022-10-19","K11_高风险":0,"K12_警示":0,"K13_利好":0,"K14_提示":0,"K15_司法风险":0,"K16_工商风险":0,"K17_经营风险":0,"K18_经营状况":0},
{"K01_分组":"人法动态","K02_企业":"北京丰联金茂投资管理有限公司","K03_监测开始日期":"2022-07-01","K11_高风险":0,"K12_警示":0,"K13_利好":0,"K14_提示":0,"K15_司法风险":0,"K16_工商风险":0,"K17_经营风险":0,"K18_经营状况":0},
{"K01_分组":"人法动态","K02_企业":"北京广发鑫源投资管理有限公司","K03_监测开始日期":"2022-10-19","K11_高风险":0,"K12_警示":0,"K13_利好":0,"K14_提示":0,"K15_司法风险":0,"K16_工商风险":0,"K17_经营风险":0,"K18_经营状况":0},
{"K01_分组":"人法动态","K02_企业":"北京恒昌德盛信用管理有限公司","K03_监测开始日期":"2021-11-17","K11_高风险":1,"K12_警示":2,"K13_利好":0,"K14_提示":1,"K15_司法风险":3,"K16_工商风险":1,"K17_经营风险":0,"K18_经营状况":0},
{"K01_分组":"人法动态","K02_企业":"北京恒昌格莱珉信息技术有限公司","K03_监测开始日期":"2022-07-01","K11_高风险":0,"K12_警示":0,"K13_利好":0,"K14_提示":0,"K15_司法风险":0,"K16_工商风险":0,"K17_经营风险":0,"K18_经营状况":0},
{"K01_分组":"人法动态","K02_企业":"北京恒昌公益基金会","K03_监测开始日期":"2022-07-01","K11_高风险":0,"K12_警示":0,"K13_利好":0,"K14_提示":0,"K15_司法风险":0,"K16_工商风险":0,"K17_经营风险":0,"K18_经营状况":0},
{"K01_分组":"人法动态","K02_企业":"北京恒昌好车电子商务股份有限公司","K03_监测开始日期":"2022-10-19","K11_高风险":0,"K12_警示":0,"K13_利好":0,"K14_提示":0,"K15_司法风险":0,"K16_工商风险":0,"K17_经营风险":0,"K18_经营状况":0},
{"K01_分组":"人法动态","K02_企业":"北京恒昌惠诚信息咨询有限公司","K03_监测开始日期":"2021-11-17","K11_高风险":0,"K12_警示":4,"K13_利好":0,"K14_提示":0,"K15_司法风险":4,"K16_工商风险":0,"K17_经营风险":0,"K18_经营状况":0},
{"K01_分组":"人法动态","K02_企业":"北京恒昌汇财投资管理有限公司","K03_监测开始日期":"2021-11-17","K11_高风险":1,"K12_警示":1,"K13_利好":0,"K14_提示":0,"K15_司法风险":2,"K16_工商风险":0,"K17_经营风险":0,"K18_经营状况":0},
{"K01_分组":"人法动态","K02_企业":"北京恒昌汇财投资管理有限公司第八营业部","K03_监测开始日期":"2022-10-19","K11_高风险":0,"K12_警示":0,"K13_利好":0,"K14_提示":0,"K15_司法风险":0,"K16_工商风险":0,"K17_经营风险":0,"K18_经营状况":0},
{"K01_分组":"人法动态","K02_企业":"北京恒昌聚兴信息技术咨询有限公司","K03_监测开始日期":"2022-07-01","K11_高风险":0,"K12_警示":0,"K13_利好":0,"K14_提示":0,"K15_司法风险":0,"K16_工商风险":0,"K17_经营风险":0,"K18_经营状况":0},
{"K01_分组":"人法动态","K02_企业":"北京恒昌利通投资管理有限公司","K03_监测开始日期":"2021-11-17","K11_高风险":0,"K12_警示":2,"K13_利好":0,"K14_提示":0,"K15_司法风险":2,"K16_工商风险":0,"K17_经营风险":0,"K18_经营状况":0},
{"K01_分组":"人法动态","K02_企业":"北京恒诚千里征信有限公司","K03_监测开始日期":"2022-04-29","K11_高风险":0,"K12_警示":0,"K13_利好":0,"K14_提示":0,"K15_司法风险":0,"K16_工商风险":0,"K17_经营风险":0,"K18_经营状况":0},
{"K01_分组":"人法动态","K02_企业":"北京恒荣汇彬保险代理有限责任公司","K03_监测开始日期":"2022-01-06","K11_高风险":0,"K12_警示":0,"K13_利好":1,"K14_提示":0,"K15_司法风险":0,"K16_工商风险":0,"K17_经营风险":0,"K18_经营状况":1},
{"K01_分组":"人法动态","K02_企业":"北京恒盈昌投资管理中心（有限合伙）","K03_监测开始日期":"2022-07-01","K11_高风险":0,"K12_警示":0,"K13_利好":0,"K14_提示":0,"K15_司法风险":0,"K16_工商风险":0,"K17_经营风险":0,"K18_经营状况":0},
{"K01_分组":"人法动态","K02_企业":"北京恒钰投资管理有限公司","K03_监测开始日期":"2022-10-19","K11_高风险":0,"K12_警示":0,"K13_利好":0,"K14_提示":0,"K15_司法风险":0,"K16_工商风险":0,"K17_经营风险":0,"K18_经营状况":0},
{"K01_分组":"人法动态","K02_企业":"北京宏祥畅远通讯器材有限公司","K03_监测开始日期":"2022-07-01","K11_高风险":0,"K12_警示":0,"K13_利好":0,"K14_提示":0,"K15_司法风险":0,"K16_工商风险":0,"K17_经营风险":0,"K18_经营状况":0},
{"K01_分组":"人法动态","K02_企业":"北京华信拓金科技有限公司","K03_监测开始日期":"2022-10-19","K11_高风险":0,"K12_警示":0,"K13_利好":0,"K14_提示":0,"K15_司法风险":0,"K16_工商风险":0,"K17_经营风险":0,"K18_经营状况":0},
{"K01_分组":"人法动态","K02_企业":"北京环球嘉年华融达投资管理有限公司","K03_监测开始日期":"2022-07-01","K11_高风险":0,"K12_警示":0,"K13_利好":0,"K14_提示":1,"K15_司法风险":0,"K16_工商风险":1,"K17_经营风险":0,"K18_经营状况":0},
{"K01_分组":"人法动态","K02_企业":"北京惠众旭腾科技有限公司","K03_监测开始日期":"2022-07-01","K11_高风险":0,"K12_警示":0,"K13_利好":0,"K14_提示":0,"K15_司法风险":0,"K16_工商风险":0,"K17_经营风险":0,"K18_经营状况":0},
{"K01_分组":"人法动态","K02_企业":"北京汇耀资产管理有限公司","K03_监测开始日期":"2022-07-01","K11_高风险":0,"K12_警示":0,"K13_利好":0,"K14_提示":0,"K15_司法风险":0,"K16_工商风险":0,"K17_经营风险":0,"K18_经营状况":0},
{"K01_分组":"人法动态","K02_企业":"北京金成希达贸易有限公司","K03_监测开始日期":"2022-10-19","K11_高风险":0,"K12_警示":0,"K13_利好":0,"K14_提示":1,"K15_司法风险":0,"K16_工商风险":0,"K17_经营风险":0,"K18_经营状况":1},
{"K01_分组":"人法动态","K02_企业":"北京金诚府商务服务有限公司","K03_监测开始日期":"2022-07-01","K11_高风险":0,"K12_警示":0,"K13_利好":0,"K14_提示":0,"K15_司法风险":0,"K16_工商风险":0,"K17_经营风险":0,"K18_经营状况":0},
{"K01_分组":"人法动态","K02_企业":"北京金海嘉禾科技有限公司","K03_监测开始日期":"2022-07-01","K11_高风险":0,"K12_警示":0,"K13_利好":0,"K14_提示":0,"K15_司法风险":0,"K16_工商风险":0,"K17_经营风险":0,"K18_经营状况":0},
{"K01_分组":"人法动态","K02_企业":"北京京鹤企业管理有限责任公司","K03_监测开始日期":"2022-10-19","K11_高风险":0,"K12_警示":0,"K13_利好":0,"K14_提示":0,"K15_司法风险":0,"K16_工商风险":0,"K17_经营风险":0,"K18_经营状况":0},
{"K01_分组":"人法动态","K02_企业":"北京京信典当有限公司","K03_监测开始日期":"2022-10-19","K11_高风险":0,"K12_警示":0,"K13_利好":0,"K14_提示":0,"K15_司法风险":0,"K16_工商风险":0,"K17_经营风险":0,"K18_经营状况":0},
{"K01_分组":"人法动态","K02_企业":"北京久恒融资担保有限公司","K03_监测开始日期":"2022-10-14","K11_高风险":0,"K12_警示":1,"K13_利好":0,"K14_提示":0,"K15_司法风险":1,"K16_工商风险":0,"K17_经营风险":0,"K18_经营状况":0},
{"K01_分组":"人法动态","K02_企业":"北京君航微金信息科技有限公司","K03_监测开始日期":"2022-07-01","K11_高风险":0,"K12_警示":0,"K13_利好":0,"K14_提示":0,"K15_司法风险":0,"K16_工商风险":0,"K17_经营风险":0,"K18_经营状况":0},
{"K01_分组":"人法动态","K02_企业":"北京君豪信德投资管理有限公司","K03_监测开始日期":"2022-07-01","K11_高风险":0,"K12_警示":0,"K13_利好":0,"K14_提示":0,"K15_司法风险":0,"K16_工商风险":0,"K17_经营风险":0,"K18_经营状况":0},
{"K01_分组":"人法动态","K02_企业":"北京君禾世纪科技有限公司","K03_监测开始日期":"2022-07-01","K11_高风险":0,"K12_警示":0,"K13_利好":0,"K14_提示":0,"K15_司法风险":0,"K16_工商风险":0,"K17_经营风险":0,"K18_经营状况":0},
{"K01_分组":"人法动态","K02_企业":"北京坤融资产管理有限公司","K03_监测开始日期":"2022-07-01","K11_高风险":0,"K12_警示":0,"K13_利好":0,"K14_提示":0,"K15_司法风险":0,"K16_工商风险":0,"K17_经营风险":0,"K18_经营状况":0},
{"K01_分组":"人法动态","K02_企业":"北京坤元亨通投资中心（有限合伙）","K03_监测开始日期":"2022-10-19","K11_高风险":0,"K12_警示":0,"K13_利好":0,"K14_提示":0,"K15_司法风险":0,"K16_工商风险":0,"K17_经营风险":0,"K18_经营状况":0},
{"K01_分组":"人法动态","K02_企业":"北京坤元基金销售有限公司","K03_监测开始日期":"2021-11-17","K11_高风险":0,"K12_警示":0,"K13_利好":0,"K14_提示":0,"K15_司法风险":0,"K16_工商风险":0,"K17_经营风险":0,"K18_经营状况":0},
{"K01_分组":"人法动态","K02_企业":"北京坤元隆盛投资管理中心（有限合伙）","K03_监测开始日期":"2022-10-19","K11_高风险":0,"K12_警示":0,"K13_利好":0,"K14_提示":0,"K15_司法风险":0,"K16_工商风险":0,"K17_经营风险":0,"K18_经营状况":0},
{"K01_分组":"人法动态","K02_企业":"北京坤元隆丰投资管理中心（有限合伙）","K03_监测开始日期":"2022-10-19","K11_高风险":0,"K12_警示":0,"K13_利好":0,"K14_提示":0,"K15_司法风险":0,"K16_工商风险":0,"K17_经营风险":0,"K18_经营状况":0},
{"K01_分组":"人法动态","K02_企业":"北京坤元隆运投资管理中心（有限合伙）","K03_监测开始日期":"2022-10-19","K11_高风险":0,"K12_警示":0,"K13_利好":0,"K14_提示":0,"K15_司法风险":0,"K16_工商风险":0,"K17_经营风险":0,"K18_经营状况":0},
{"K01_分组":"人法动态","K02_企业":"北京蓝枫投资基金管理有限公司","K03_监测开始日期":"2021-09-22","K11_高风险":0,"K12_警示":1,"K13_利好":0,"K14_提示":0,"K15_司法风险":1,"K16_工商风险":0,"K17_经营风险":0,"K18_经营状况":0},
{"K01_分组":"人法动态","K02_企业":"北京乐享无限科技有限公司","K03_监测开始日期":"2022-07-01","K11_高风险":0,"K12_警示":0,"K13_利好":0,"K14_提示":0,"K15_司法风险":0,"K16_工商风险":0,"K17_经营风险":0,"K18_经营状况":0},
{"K01_分组":"人法动态","K02_企业":"北京隆惠通管理顾问中心（有限合伙）","K03_监测开始日期":"2022-10-19","K11_高风险":0,"K12_警示":0,"K13_利好":0,"K14_提示":0,"K15_司法风险":0,"K16_工商风险":0,"K17_经营风险":0,"K18_经营状况":0},
{"K01_分组":"人法动态","K02_企业":"北京美壮成贸易有限公司","K03_监测开始日期":"2022-07-01","K11_高风险":0,"K12_警示":0,"K13_利好":0,"K14_提示":0,"K15_司法风险":0,"K16_工商风险":0,"K17_经营风险":0,"K18_经营状况":0},
{"K01_分组":"人法动态","K02_企业":"北京企盾网投资管理有限公司","K03_监测开始日期":"2022-07-01","K11_高风险":0,"K12_警示":0,"K13_利好":0,"K14_提示":0,"K15_司法风险":0,"K16_工商风险":0,"K17_经营风险":0,"K18_经营状况":0},
{"K01_分组":"人法动态","K02_企业":"北京日起网络科技有限公司","K03_监测开始日期":"2021-11-17","K11_高风险":0,"K12_警示":0,"K13_利好":0,"K14_提示":0,"K15_司法风险":0,"K16_工商风险":0,"K17_经营风险":0,"K18_经营状况":0},
{"K01_分组":"人法动态","K02_企业":"北京荣达顺安科技有限公司","K03_监测开始日期":"2022-07-01","K11_高风险":0,"K12_警示":0,"K13_利好":0,"K14_提示":0,"K15_司法风险":0,"K16_工商风险":0,"K17_经营风险":0,"K18_经营状况":0},
{"K01_分组":"人法动态","K02_企业":"北京融华创投投资管理有限公司","K03_监测开始日期":"2022-07-01","K11_高风险":0,"K12_警示":0,"K13_利好":0,"K14_提示":0,"K15_司法风险":0,"K16_工商风险":0,"K17_经营风险":0,"K18_经营状况":0},
{"K01_分组":"人法动态","K02_企业":"北京融金育才教育科技有限公司","K03_监测开始日期":"2022-07-01","K11_高风险":0,"K12_警示":0,"K13_利好":0,"K14_提示":0,"K15_司法风险":0,"K16_工商风险":0,"K17_经营风险":0,"K18_经营状况":0},
{"K01_分组":"人法动态","K02_企业":"北京瑞达盛世城镇建设投资管理有限公司","K03_监测开始日期":"2022-07-01","K11_高风险":0,"K12_警示":0,"K13_利好":0,"K14_提示":0,"K15_司法风险":0,"K16_工商风险":0,"K17_经营风险":0,"K18_经营状况":0},
{"K01_分组":"人法动态","K02_企业":"北京三寿新传科技有限公司","K03_监测开始日期":"2022-10-19","K11_高风险":0,"K12_警示":0,"K13_利好":0,"K14_提示":0,"K15_司法风险":0,"K16_工商风险":0,"K17_经营风险":0,"K18_经营状况":0},
{"K01_分组":"人法动态","K02_企业":"北京商银信联电子支付技术有限公司","K03_监测开始日期":"2022-07-01","K11_高风险":0,"K12_警示":0,"K13_利好":0,"K14_提示":0,"K15_司法风险":0,"K16_工商风险":0,"K17_经营风险":0,"K18_经营状况":0},
{"K01_分组":"人法动态","K02_企业":"北京商银信联企业管理服务有限公司","K03_监测开始日期":"2022-07-01","K11_高风险":0,"K12_警示":0,"K13_利好":0,"K14_提示":0,"K15_司法风险":0,"K16_工商风险":0,"K17_经营风险":0,"K18_经营状况":0},
{"K01_分组":"人法动态","K02_企业":"北京势腾技术服务有限公司","K03_监测开始日期":"2022-07-01","K11_高风险":0,"K12_警示":0,"K13_利好":0,"K14_提示":6,"K15_司法风险":0,"K16_工商风险":6,"K17_经营风险":0,"K18_经营状况":0},
{"K01_分组":"人法动态","K02_企业":"北京顺元金联科技有限公司","K03_监测开始日期":"2022-07-01","K11_高风险":0,"K12_警示":0,"K13_利好":0,"K14_提示":0,"K15_司法风险":0,"K16_工商风险":0,"K17_经营风险":0,"K18_经营状况":0},
{"K01_分组":"人法动态","K02_企业":"北京顺元金联咨询有限公司","K03_监测开始日期":"2022-07-01","K11_高风险":0,"K12_警示":0,"K13_利好":0,"K14_提示":0,"K15_司法风险":0,"K16_工商风险":0,"K17_经营风险":0,"K18_经营状况":0},
{"K01_分组":"人法动态","K02_企业":"北京天晟龙投资管理有限公司","K03_监测开始日期":"2022-07-01","K11_高风险":0,"K12_警示":0,"K13_利好":0,"K14_提示":0,"K15_司法风险":0,"K16_工商风险":0,"K17_经营风险":0,"K18_经营状况":0},
{"K01_分组":"人法动态","K02_企业":"北京天立世纪投资有限公司","K03_监测开始日期":"2022-10-19","K11_高风险":0,"K12_警示":0,"K13_利好":0,"K14_提示":0,"K15_司法风险":0,"K16_工商风险":0,"K17_经营风险":0,"K18_经营状况":0},
{"K01_分组":"人法动态","K02_企业":"北京天壹玖丰信息科技有限公司","K03_监测开始日期":"2022-10-19","K11_高风险":0,"K12_警示":0,"K13_利好":0,"K14_提示":0,"K15_司法风险":0,"K16_工商风险":0,"K17_经营风险":0,"K18_经营状况":0},
{"K01_分组":"人法动态","K02_企业":"北京通金财富投资管理有限公司","K03_监测开始日期":"2022-07-01","K11_高风险":0,"K12_警示":0,"K13_利好":0,"K14_提示":0,"K15_司法风险":0,"K16_工商风险":0,"K17_经营风险":0,"K18_经营状况":0},
{"K01_分组":"人法动态","K02_企业":"北京网众共创科技有限公司","K03_监测开始日期":"2021-11-17","K11_高风险":0,"K12_警示":3,"K13_利好":0,"K14_提示":0,"K15_司法风险":3,"K16_工商风险":0,"K17_经营风险":0,"K18_经营状况":0},
{"K01_分组":"人法动态","K02_企业":"北京小宝车科技发展有限公司","K03_监测开始日期":"2022-07-01","K11_高风险":0,"K12_警示":0,"K13_利好":0,"K14_提示":0,"K15_司法风险":0,"K16_工商风险":0,"K17_经营风险":0,"K18_经营状况":0},
{"K01_分组":"人法动态","K02_企业":"北京一花一田科技有限公司","K03_监测开始日期":"2022-10-19","K11_高风险":0,"K12_警示":0,"K13_利好":0,"K14_提示":0,"K15_司法风险":0,"K16_工商风险":0,"K17_经营风险":0,"K18_经营状况":0},
{"K01_分组":"人法动态","K02_企业":"北京一花一田商贸有限责任公司","K03_监测开始日期":"2022-10-19","K11_高风险":0,"K12_警示":0,"K13_利好":0,"K14_提示":0,"K15_司法风险":0,"K16_工商风险":0,"K17_经营风险":0,"K18_经营状况":0},
{"K01_分组":"人法动态","K02_企业":"北京一起拼网络科技有限公司","K03_监测开始日期":"2022-07-01","K11_高风险":0,"K12_警示":0,"K13_利好":0,"K14_提示":0,"K15_司法风险":0,"K16_工商风险":0,"K17_经营风险":0,"K18_经营状况":0},
{"K01_分组":"人法动态","K02_企业":"北京亦和新港投资管理有限公司","K03_监测开始日期":"2022-07-01","K11_高风险":0,"K12_警示":0,"K13_利好":0,"K14_提示":0,"K15_司法风险":0,"K16_工商风险":0,"K17_经营风险":0,"K18_经营状况":0},
{"K01_分组":"人法动态","K02_企业":"北京亿涛普科技有限公司","K03_监测开始日期":"2022-10-19","K11_高风险":0,"K12_警示":0,"K13_利好":0,"K14_提示":0,"K15_司法风险":0,"K16_工商风险":0,"K17_经营风险":0,"K18_经营状况":0},
{"K01_分组":"人法动态","K02_企业":"北京永昌鑫留学服务有限公司","K03_监测开始日期":"2022-07-01","K11_高风险":0,"K12_警示":0,"K13_利好":0,"K14_提示":0,"K15_司法风险":0,"K16_工商风险":0,"K17_经营风险":0,"K18_经营状况":0},
{"K01_分组":"人法动态","K02_企业":"北京永乐康投资管理有限责任公司","K03_监测开始日期":"2022-07-01","K11_高风险":0,"K12_警示":0,"K13_利好":0,"K14_提示":0,"K15_司法风险":0,"K16_工商风险":0,"K17_经营风险":0,"K18_经营状况":0},
{"K01_分组":"人法动态","K02_企业":"北京优禾鼎盛股权投资管理有限公司","K03_监测开始日期":"2022-10-14","K11_高风险":0,"K12_警示":0,"K13_利好":0,"K14_提示":0,"K15_司法风险":0,"K16_工商风险":0,"K17_经营风险":0,"K18_经营状况":0},
{"K01_分组":"人法动态","K02_企业":"北京云旅商务服务有限公司","K03_监测开始日期":"2022-10-19","K11_高风险":0,"K12_警示":0,"K13_利好":0,"K14_提示":0,"K15_司法风险":0,"K16_工商风险":0,"K17_经营风险":0,"K18_经营状况":0},
{"K01_分组":"人法动态","K02_企业":"北京咋买科技有限公司","K03_监测开始日期":"2022-10-19","K11_高风险":0,"K12_警示":0,"K13_利好":0,"K14_提示":0,"K15_司法风险":0,"K16_工商风险":0,"K17_经营风险":0,"K18_经营状况":0},
{"K01_分组":"人法动态","K02_企业":"北京张舟怡帆网络技术有限公司","K03_监测开始日期":"2021-11-17","K11_高风险":0,"K12_警示":1,"K13_利好":0,"K14_提示":0,"K15_司法风险":1,"K16_工商风险":0,"K17_经营风险":0,"K18_经营状况":0},
{"K01_分组":"人法动态","K02_企业":"北京整裕科技有限责任公司","K03_监测开始日期":"2022-10-19","K11_高风险":0,"K12_警示":0,"K13_利好":0,"K14_提示":0,"K15_司法风险":0,"K16_工商风险":0,"K17_经营风险":0,"K18_经营状况":0},
{"K01_分组":"人法动态","K02_企业":"北京中明保险公估有限公司","K03_监测开始日期":"2022-10-13","K11_高风险":0,"K12_警示":0,"K13_利好":0,"K14_提示":0,"K15_司法风险":0,"K16_工商风险":0,"K17_经营风险":0,"K18_经营状况":0},
{"K01_分组":"人法动态","K02_企业":"北京中能达科技股份有限公司","K03_监测开始日期":"2021-11-17","K11_高风险":0,"K12_警示":0,"K13_利好":1,"K14_提示":0,"K15_司法风险":0,"K16_工商风险":0,"K17_经营风险":0,"K18_经营状况":1},
{"K01_分组":"人法动态","K02_企业":"北京中顺汇远科技有限公司","K03_监测开始日期":"2022-07-01","K11_高风险":0,"K12_警示":0,"K13_利好":0,"K14_提示":0,"K15_司法风险":0,"K16_工商风险":0,"K17_经营风险":0,"K18_经营状况":0},
{"K01_分组":"人法动态","K02_企业":"长春市钱隆小额贷款有限责任公司","K03_监测开始日期":"2021-11-17","K11_高风险":0,"K12_警示":0,"K13_利好":0,"K14_提示":0,"K15_司法风险":0,"K16_工商风险":0,"K17_经营风险":0,"K18_经营状况":0},
{"K01_分组":"人法动态","K02_企业":"长沙市明哲网络科技有限公司","K03_监测开始日期":"2022-07-01","K11_高风险":0,"K12_警示":0,"K13_利好":0,"K14_提示":0,"K15_司法风险":0,"K16_工商风险":0,"K17_经营风险":0,"K18_经营状况":0},
{"K01_分组":"人法动态","K02_企业":"长沙市三寿信息咨询有限公司","K03_监测开始日期":"2022-10-13","K11_高风险":0,"K12_警示":0,"K13_利好":0,"K14_提示":1,"K15_司法风险":0,"K16_工商风险":1,"K17_经营风险":0,"K18_经营状况":0},
{"K01_分组":"人法动态","K02_企业":"诚洲联盈（辽宁省）投资管理有限公司","K03_监测开始日期":"2022-07-01","K11_高风险":0,"K12_警示":0,"K13_利好":0,"K14_提示":0,"K15_司法风险":0,"K16_工商风险":0,"K17_经营风险":0,"K18_经营状况":0},
{"K01_分组":"人法动态","K02_企业":"东莞铂一商贸有限公司","K03_监测开始日期":"2022-07-01","K11_高风险":0,"K12_警示":0,"K13_利好":0,"K14_提示":0,"K15_司法风险":0,"K16_工商风险":0,"K17_经营风险":0,"K18_经营状况":0},
{"K01_分组":"人法动态","K02_企业":"东莞钿潮信息科技有限公司","K03_监测开始日期":"2022-07-01","K11_高风险":0,"K12_警示":0,"K13_利好":0,"K14_提示":0,"K15_司法风险":0,"K16_工商风险":0,"K17_经营风险":0,"K18_经营状况":0},
{"K01_分组":"人法动态","K02_企业":"东莞资润企业咨询有限公司","K03_监测开始日期":"2022-07-01","K11_高风险":0,"K12_警示":0,"K13_利好":0,"K14_提示":0,"K15_司法风险":0,"K16_工商风险":0,"K17_经营风险":0,"K18_经营状况":0},
{"K01_分组":"人法动态","K02_企业":"佛山坤元盛通股权投资合伙企业（有限合伙）","K03_监测开始日期":"2022-10-19","K11_高风险":0,"K12_警示":0,"K13_利好":0,"K14_提示":0,"K15_司法风险":0,"K16_工商风险":0,"K17_经营风险":0,"K18_经营状况":0},
{"K01_分组":"人法动态","K02_企业":"佛山坤元欣通股权投资合伙企业（有限合伙）","K03_监测开始日期":"2022-10-19","K11_高风险":0,"K12_警示":0,"K13_利好":0,"K14_提示":0,"K15_司法风险":0,"K16_工商风险":0,"K17_经营风险":0,"K18_经营状况":0},
{"K01_分组":"人法动态","K02_企业":"佛山坤元盈通股权投资合伙企业（有限合伙）","K03_监测开始日期":"2022-10-19","K11_高风险":0,"K12_警示":0,"K13_利好":0,"K14_提示":0,"K15_司法风险":0,"K16_工商风险":0,"K17_经营风险":0,"K18_经营状况":0},
{"K01_分组":"人法动态","K02_企业":"高诚（北京）投资管理有限公司","K03_监测开始日期":"2022-07-01","K11_高风险":0,"K12_警示":0,"K13_利好":0,"K14_提示":0,"K15_司法风险":0,"K16_工商风险":0,"K17_经营风险":0,"K18_经营状况":0},
{"K01_分组":"人法动态","K02_企业":"共青城坤元吉通投资合伙企业（有限合伙）","K03_监测开始日期":"2022-10-19","K11_高风险":0,"K12_警示":0,"K13_利好":0,"K14_提示":0,"K15_司法风险":0,"K16_工商风险":0,"K17_经营风险":0,"K18_经营状况":0},
{"K01_分组":"人法动态","K02_企业":"共青城坤元卫通投资合伙企业（有限合伙）","K03_监测开始日期":"2022-10-19","K11_高风险":0,"K12_警示":0,"K13_利好":0,"K14_提示":0,"K15_司法风险":0,"K16_工商风险":0,"K17_经营风险":0,"K18_经营状况":0},
{"K01_分组":"人法动态","K02_企业":"贵阳华威金安企业管理有限公司","K03_监测开始日期":"2022-10-19","K11_高风险":0,"K12_警示":0,"K13_利好":0,"K14_提示":0,"K15_司法风险":0,"K16_工商风险":0,"K17_经营风险":0,"K18_经营状况":0},
{"K01_分组":"人法动态","K02_企业":"贵州坤元亨通产业投资中心（有限合伙）","K03_监测开始日期":"2022-10-19","K11_高风险":0,"K12_警示":0,"K13_利好":0,"K14_提示":0,"K15_司法风险":0,"K16_工商风险":0,"K17_经营风险":0,"K18_经营状况":0},
{"K01_分组":"人法动态","K02_企业":"贵州坤元泓通产业投资中心（有限合伙）","K03_监测开始日期":"2022-10-19","K11_高风险":0,"K12_警示":0,"K13_利好":0,"K14_提示":0,"K15_司法风险":0,"K16_工商风险":0,"K17_经营风险":0,"K18_经营状况":0},
{"K01_分组":"人法动态","K02_企业":"贵州坤元睿通产业投资中心（有限合伙）","K03_监测开始日期":"2022-10-19","K11_高风险":0,"K12_警示":0,"K13_利好":0,"K14_提示":0,"K15_司法风险":0,"K16_工商风险":0,"K17_经营风险":0,"K18_经营状况":0},
{"K01_分组":"人法动态","K02_企业":"贵州坤元资产管理有限公司","K03_监测开始日期":"2022-10-13","K11_高风险":0,"K12_警示":0,"K13_利好":0,"K14_提示":0,"K15_司法风险":0,"K16_工商风险":0,"K17_经营风险":0,"K18_经营状况":0},
{"K01_分组":"人法动态","K02_企业":"贵州微源仕浩投资有限公司","K03_监测开始日期":"2022-10-19","K11_高风险":0,"K12_警示":0,"K13_利好":0,"K14_提示":0,"K15_司法风险":0,"K16_工商风险":0,"K17_经营风险":0,"K18_经营状况":0},
{"K01_分组":"人法动态","K02_企业":"贵州宇耀诚铭投资有限公司","K03_监测开始日期":"2022-10-19","K11_高风险":0,"K12_警示":0,"K13_利好":0,"K14_提示":0,"K15_司法风险":0,"K16_工商风险":0,"K17_经营风险":0,"K18_经营状况":0},
{"K01_分组":"人法动态","K02_企业":"国华康泰保险经纪有限公司","K03_监测开始日期":"2022-10-13","K11_高风险":0,"K12_警示":0,"K13_利好":0,"K14_提示":0,"K15_司法风险":0,"K16_工商风险":0,"K17_经营风险":0,"K18_经营状况":0},
{"K01_分组":"人法动态","K02_企业":"国君储信控股（深圳）有限公司","K03_监测开始日期":"2022-10-19","K11_高风险":0,"K12_警示":0,"K13_利好":0,"K14_提示":0,"K15_司法风险":0,"K16_工商风险":0,"K17_经营风险":0,"K18_经营状况":0},
{"K01_分组":"人法动态","K02_企业":"国尚投资基金管理（北京）有限公司","K03_监测开始日期":"2022-10-19","K11_高风险":0,"K12_警示":0,"K13_利好":0,"K14_提示":0,"K15_司法风险":0,"K16_工商风险":0,"K17_经营风险":0,"K18_经营状况":0},
{"K01_分组":"人法动态","K02_企业":"哈尔滨瑞盈国耀投资有限公司","K03_监测开始日期":"2022-10-19","K11_高风险":0,"K12_警示":0,"K13_利好":0,"K14_提示":0,"K15_司法风险":0,"K16_工商风险":0,"K17_经营风险":0,"K18_经营状况":0},
{"K01_分组":"人法动态","K02_企业":"哈尔滨盈诚裕美投资有限公司","K03_监测开始日期":"2022-10-19","K11_高风险":0,"K12_警示":0,"K13_利好":0,"K14_提示":0,"K15_司法风险":0,"K16_工商风险":0,"K17_经营风险":0,"K18_经营状况":0},
{"K01_分组":"人法动态","K02_企业":"海南昌华利世投资控股有限公司","K03_监测开始日期":"2022-10-26","K11_高风险":0,"K12_警示":0,"K13_利好":0,"K14_提示":0,"K15_司法风险":0,"K16_工商风险":0,"K17_经营风险":0,"K18_经营状况":0},
{"K01_分组":"人法动态","K02_企业":"海南汇融裕元科技有限公司","K03_监测开始日期":"2022-07-01","K11_高风险":0,"K12_警示":0,"K13_利好":0,"K14_提示":0,"K15_司法风险":0,"K16_工商风险":0,"K17_经营风险":0,"K18_经营状况":0},
{"K01_分组":"人法动态","K02_企业":"海南榛致松诚企业管理有限公司","K03_监测开始日期":"2022-10-19","K11_高风险":0,"K12_警示":0,"K13_利好":0,"K14_提示":0,"K15_司法风险":0,"K16_工商风险":0,"K17_经营风险":0,"K18_经营状况":0},
{"K01_分组":"人法动态","K02_企业":"杭州昌元商务咨询有限公司","K03_监测开始日期":"2022-07-01","K11_高风险":0,"K12_警示":0,"K13_利好":0,"K14_提示":0,"K15_司法风险":0,"K16_工商风险":0,"K17_经营风险":0,"K18_经营状况":0},
{"K01_分组":"人法动态","K02_企业":"杭州中创典当有限责任公司","K03_监测开始日期":"2022-10-19","K11_高风险":0,"K12_警示":0,"K13_利好":0,"K14_提示":0,"K15_司法风险":0,"K16_工商风险":0,"K17_经营风险":0,"K18_经营状况":0},
{"K01_分组":"人法动态","K02_企业":"河南恒昌润泽电子科技有限公司","K03_监测开始日期":"2022-10-19","K11_高风险":0,"K12_警示":0,"K13_利好":0,"K14_提示":0,"K15_司法风险":0,"K16_工商风险":0,"K17_经营风险":0,"K18_经营状况":0},
{"K01_分组":"人法动态","K02_企业":"河南启中资产管理有限公司","K03_监测开始日期":"2022-07-01","K11_高风险":0,"K12_警示":0,"K13_利好":0,"K14_提示":0,"K15_司法风险":0,"K16_工商风险":0,"K17_经营风险":0,"K18_经营状况":0},
{"K01_分组":"人法动态","K02_企业":"恒昌投资（香港）国际有限公司","K03_监测开始日期":"2022-07-01","K11_高风险":0,"K12_警示":0,"K13_利好":0,"K14_提示":0,"K15_司法风险":0,"K16_工商风险":0,"K17_经营风险":0,"K18_经营状况":0},
{"K01_分组":"人法动态","K02_企业":"恒昌众鼎融资租赁有限公司","K03_监测开始日期":"2021-11-17","K11_高风险":0,"K12_警示":72,"K13_利好":0,"K14_提示":0,"K15_司法风险":72,"K16_工商风险":0,"K17_经营风险":0,"K18_经营状况":0},
{"K01_分组":"人法动态","K02_企业":"恒盛致远（北京）金融信息服务有限公司","K03_监测开始日期":"2021-11-17","K11_高风险":0,"K12_警示":0,"K13_利好":0,"K14_提示":0,"K15_司法风险":0,"K16_工商风险":0,"K17_经营风险":0,"K18_经营状况":0},
{"K01_分组":"人法动态","K02_企业":"恒纳宏世（辽宁省）投资管理有限公司","K03_监测开始日期":"2022-07-01","K11_高风险":0,"K12_警示":0,"K13_利好":0,"K14_提示":0,"K15_司法风险":0,"K16_工商风险":0,"K17_经营风险":0,"K18_经营状况":0},
{"K01_分组":"人法动态","K02_企业":"湖南晨瑞典当有限公司","K03_监测开始日期":"2022-10-19","K11_高风险":0,"K12_警示":1,"K13_利好":0,"K14_提示":0,"K15_司法风险":1,"K16_工商风险":0,"K17_经营风险":0,"K18_经营状况":0},
{"K01_分组":"人法动态","K02_企业":"湖南恒润益昌投资有限公司","K03_监测开始日期":"2022-10-19","K11_高风险":0,"K12_警示":0,"K13_利好":0,"K14_提示":0,"K15_司法风险":0,"K16_工商风险":0,"K17_经营风险":0,"K18_经营状况":0},
{"K01_分组":"人法动态","K02_企业":"湖南华威金安企业管理有限公司","K03_监测开始日期":"2021-11-17","K11_高风险":0,"K12_警示":0,"K13_利好":0,"K14_提示":3,"K15_司法风险":0,"K16_工商风险":2,"K17_经营风险":0,"K18_经营状况":1},
{"K01_分组":"人法动态","K02_企业":"湖南金禾不良资产处置有限公司","K03_监测开始日期":"2022-07-01","K11_高风险":0,"K12_警示":0,"K13_利好":0,"K14_提示":0,"K15_司法风险":0,"K16_工商风险":0,"K17_经营风险":0,"K18_经营状况":0},
{"K01_分组":"人法动态","K02_企业":"湖南金宏亿昊资产经营管理有限公司","K03_监测开始日期":"2022-10-19","K11_高风险":0,"K12_警示":0,"K13_利好":0,"K14_提示":0,"K15_司法风险":0,"K16_工商风险":0,"K17_经营风险":0,"K18_经营状况":0},
{"K01_分组":"人法动态","K02_企业":"湖南中鸿不良资产处置有限公司","K03_监测开始日期":"2022-07-01","K11_高风险":0,"K12_警示":0,"K13_利好":0,"K14_提示":0,"K15_司法风险":0,"K16_工商风险":0,"K17_经营风险":0,"K18_经营状况":0},
{"K01_分组":"人法动态","K02_企业":"华夏国鼎（北京）商贸有限公司","K03_监测开始日期":"2022-10-13","K11_高风险":0,"K12_警示":0,"K13_利好":0,"K14_提示":0,"K15_司法风险":0,"K16_工商风险":0,"K17_经营风险":0,"K18_经营状况":0},
{"K01_分组":"人法动态","K02_企业":"济南宝瑞迪健康管理服务有限公司","K03_监测开始日期":"2022-07-01","K11_高风险":0,"K12_警示":0,"K13_利好":0,"K14_提示":0,"K15_司法风险":0,"K16_工商风险":0,"K17_经营风险":0,"K18_经营状况":0},
{"K01_分组":"人法动态","K02_企业":"嘉兴坤通惟礼投资合伙企业（有限合伙）","K03_监测开始日期":"2022-10-19","K11_高风险":0,"K12_警示":0,"K13_利好":0,"K14_提示":0,"K15_司法风险":0,"K16_工商风险":0,"K17_经营风险":0,"K18_经营状况":0},
{"K01_分组":"人法动态","K02_企业":"嘉兴坤通惟仁投资合伙企业（有限合伙）","K03_监测开始日期":"2022-10-19","K11_高风险":0,"K12_警示":0,"K13_利好":0,"K14_提示":0,"K15_司法风险":0,"K16_工商风险":0,"K17_经营风险":0,"K18_经营状况":0},
{"K01_分组":"人法动态","K02_企业":"嘉兴坤通惟信投资合伙企业（有限合伙）","K03_监测开始日期":"2022-10-19","K11_高风险":0,"K12_警示":0,"K13_利好":0,"K14_提示":0,"K15_司法风险":0,"K16_工商风险":0,"K17_经营风险":0,"K18_经营状况":0},
{"K01_分组":"人法动态","K02_企业":"嘉兴坤通惟义投资合伙企业（有限合伙）","K03_监测开始日期":"2022-10-19","K11_高风险":0,"K12_警示":0,"K13_利好":0,"K14_提示":0,"K15_司法风险":0,"K16_工商风险":0,"K17_经营风险":0,"K18_经营状况":0},
{"K01_分组":"人法动态","K02_企业":"嘉兴坤通惟智投资合伙企业（有限合伙）","K03_监测开始日期":"2022-10-19","K11_高风险":0,"K12_警示":0,"K13_利好":0,"K14_提示":0,"K15_司法风险":0,"K16_工商风险":0,"K17_经营风险":0,"K18_经营状况":0},
{"K01_分组":"人法动态","K02_企业":"江西金灏资产管理有限公司","K03_监测开始日期":"2022-10-19","K11_高风险":0,"K12_警示":0,"K13_利好":0,"K14_提示":0,"K15_司法风险":0,"K16_工商风险":0,"K17_经营风险":0,"K18_经营状况":0},
{"K01_分组":"人法动态","K02_企业":"君富科技（北京）有限公司","K03_监测开始日期":"2022-10-19","K11_高风险":0,"K12_警示":0,"K13_利好":0,"K14_提示":0,"K15_司法风险":0,"K16_工商风险":0,"K17_经营风险":0,"K18_经营状况":0},
{"K01_分组":"人法动态","K02_企业":"坤厚（青岛）资产管理有限公司","K03_监测开始日期":"2022-10-13","K11_高风险":0,"K12_警示":0,"K13_利好":0,"K14_提示":0,"K15_司法风险":0,"K16_工商风险":0,"K17_经营风险":0,"K18_经营状况":0},
{"K01_分组":"人法动态","K02_企业":"坤元（宁波）资产管理有限公司","K03_监测开始日期":"2022-10-13","K11_高风险":0,"K12_警示":0,"K13_利好":0,"K14_提示":0,"K15_司法风险":0,"K16_工商风险":0,"K17_经营风险":0,"K18_经营状况":0},
{"K01_分组":"人法动态","K02_企业":"坤元资产管理有限公司","K03_监测开始日期":"2021-11-17","K11_高风险":0,"K12_警示":0,"K13_利好":0,"K14_提示":0,"K15_司法风险":0,"K16_工商风险":0,"K17_经营风险":0,"K18_经营状况":0},
{"K01_分组":"人法动态","K02_企业":"南京车淘淘汽车科技有限公司","K03_监测开始日期":"2022-10-19","K11_高风险":0,"K12_警示":0,"K13_利好":0,"K14_提示":0,"K15_司法风险":0,"K16_工商风险":0,"K17_经营风险":0,"K18_经营状况":0},
{"K01_分组":"人法动态","K02_企业":"南京宁创信息咨询有限责任公司","K03_监测开始日期":"2022-07-01","K11_高风险":0,"K12_警示":0,"K13_利好":0,"K14_提示":1,"K15_司法风险":0,"K16_工商风险":1,"K17_经营风险":0,"K18_经营状况":0},
{"K01_分组":"人法动态","K02_企业":"南京赛孚信息咨询有限责任公司","K03_监测开始日期":"2022-10-19","K11_高风险":0,"K12_警示":0,"K13_利好":0,"K14_提示":0,"K15_司法风险":0,"K16_工商风险":0,"K17_经营风险":0,"K18_经营状况":0},
{"K01_分组":"人法动态","K02_企业":"南京天弘睿诚咨询管理有限公司","K03_监测开始日期":"2022-10-19","K11_高风险":0,"K12_警示":0,"K13_利好":0,"K14_提示":0,"K15_司法风险":0,"K16_工商风险":0,"K17_经营风险":0,"K18_经营状况":0},
{"K01_分组":"人法动态","K02_企业":"南通易惠信息咨询有限公司","K03_监测开始日期":"2022-07-01","K11_高风险":0,"K12_警示":0,"K13_利好":0,"K14_提示":0,"K15_司法风险":0,"K16_工商风险":0,"K17_经营风险":0,"K18_经营状况":0},
{"K01_分组":"人法动态","K02_企业":"宁波保税区晨新创新股权投资合伙企业（有限合伙）","K03_监测开始日期":"2022-10-19","K11_高风险":0,"K12_警示":0,"K13_利好":0,"K14_提示":0,"K15_司法风险":0,"K16_工商风险":0,"K17_经营风险":0,"K18_经营状况":0},
{"K01_分组":"人法动态","K02_企业":"宁波保税区晨真天瀚股权投资合伙企业（有限合伙）","K03_监测开始日期":"2022-10-19","K11_高风险":0,"K12_警示":0,"K13_利好":0,"K14_提示":0,"K15_司法风险":0,"K16_工商风险":0,"K17_经营风险":0,"K18_经营状况":0},
{"K01_分组":"人法动态","K02_企业":"宁波保税区晨致诺远股权投资合伙企业（有限合伙）","K03_监测开始日期":"2022-10-19","K11_高风险":0,"K12_警示":0,"K13_利好":0,"K14_提示":0,"K15_司法风险":0,"K16_工商风险":0,"K17_经营风险":0,"K18_经营状况":0},
{"K01_分组":"人法动态","K02_企业":"宁波保税区金琨股权投资合伙企业（有限合伙）","K03_监测开始日期":"2022-10-19","K11_高风险":0,"K12_警示":0,"K13_利好":0,"K14_提示":0,"K15_司法风险":0,"K16_工商风险":0,"K17_经营风险":0,"K18_经营状况":0},
{"K01_分组":"人法动态","K02_企业":"宁波保税区蓝桦投资合伙企业（有限合伙）","K03_监测开始日期":"2022-10-19","K11_高风险":0,"K12_警示":0,"K13_利好":0,"K14_提示":0,"K15_司法风险":0,"K16_工商风险":0,"K17_经营风险":0,"K18_经营状况":0},
{"K01_分组":"人法动态","K02_企业":"宁波保税区蓝柳投资合伙企业（有限合伙）","K03_监测开始日期":"2022-10-19","K11_高风险":0,"K12_警示":0,"K13_利好":0,"K14_提示":0,"K15_司法风险":0,"K16_工商风险":0,"K17_经营风险":0,"K18_经营状况":0},
{"K01_分组":"人法动态","K02_企业":"宁波保税区蓝松投资合伙企业（有限合伙）","K03_监测开始日期":"2022-10-19","K11_高风险":0,"K12_警示":0,"K13_利好":0,"K14_提示":0,"K15_司法风险":0,"K16_工商风险":0,"K17_经营风险":0,"K18_经营状况":0},
{"K01_分组":"人法动态","K02_企业":"宁波保税区蓝橡投资合伙企业（有限合伙）","K03_监测开始日期":"2022-10-19","K11_高风险":0,"K12_警示":0,"K13_利好":0,"K14_提示":0,"K15_司法风险":0,"K16_工商风险":0,"K17_经营风险":0,"K18_经营状况":0},
{"K01_分组":"人法动态","K02_企业":"宁波保税区蓝杨投资合伙企业（有限合伙）","K03_监测开始日期":"2022-10-19","K11_高风险":0,"K12_警示":0,"K13_利好":0,"K14_提示":0,"K15_司法风险":0,"K16_工商风险":0,"K17_经营风险":0,"K18_经营状况":0},
{"K01_分组":"人法动态","K02_企业":"宁波坤元盛通投资合伙企业（有限合伙）","K03_监测开始日期":"2022-10-19","K11_高风险":0,"K12_警示":0,"K13_利好":0,"K14_提示":0,"K15_司法风险":0,"K16_工商风险":0,"K17_经营风险":0,"K18_经营状况":0},
{"K01_分组":"人法动态","K02_企业":"宁波坤元道盛投资合伙企业（有限合伙）","K03_监测开始日期":"2022-10-19","K11_高风险":0,"K12_警示":0,"K13_利好":0,"K14_提示":0,"K15_司法风险":0,"K16_工商风险":0,"K17_经营风险":0,"K18_经营状况":0},
{"K01_分组":"人法动态","K02_企业":"宁波坤元道广投资合伙企业（有限合伙）","K03_监测开始日期":"2022-10-19","K11_高风险":0,"K12_警示":0,"K13_利好":0,"K14_提示":0,"K15_司法风险":0,"K16_工商风险":0,"K17_经营风险":0,"K18_经营状况":0},
{"K01_分组":"人法动态","K02_企业":"宁波坤元道和投资合伙企业（有限合伙）","K03_监测开始日期":"2022-10-19","K11_高风险":0,"K12_警示":0,"K13_利好":0,"K14_提示":0,"K15_司法风险":0,"K16_工商风险":0,"K17_经营风险":0,"K18_经营状况":0},
{"K01_分组":"人法动态","K02_企业":"宁波坤元道华投资合伙企业（有限合伙）","K03_监测开始日期":"2022-10-19","K11_高风险":0,"K12_警示":0,"K13_利好":0,"K14_提示":0,"K15_司法风险":0,"K16_工商风险":0,"K17_经营风险":0,"K18_经营状况":0},
{"K01_分组":"人法动态","K02_企业":"宁波坤元道晖投资合伙企业（有限合伙）","K03_监测开始日期":"2022-10-19","K11_高风险":0,"K12_警示":0,"K13_利好":0,"K14_提示":0,"K15_司法风险":0,"K16_工商风险":0,"K17_经营风险":0,"K18_经营状况":0},
{"K01_分组":"人法动态","K02_企业":"宁波坤元道吉投资合伙企业（有限合伙）","K03_监测开始日期":"2022-10-19","K11_高风险":0,"K12_警示":0,"K13_利好":0,"K14_提示":0,"K15_司法风险":0,"K16_工商风险":0,"K17_经营风险":0,"K18_经营状况":0},
{"K01_分组":"人法动态","K02_企业":"宁波坤元道朴投资合伙企业（有限合伙）","K03_监测开始日期":"2022-10-19","K11_高风险":0,"K12_警示":0,"K13_利好":0,"K14_提示":0,"K15_司法风险":0,"K16_工商风险":0,"K17_经营风险":0,"K18_经营状况":0},
{"K01_分组":"人法动态","K02_企业":"宁波坤元道平投资合伙企业（有限合伙）","K03_监测开始日期":"2022-10-19","K11_高风险":0,"K12_警示":0,"K13_利好":0,"K14_提示":0,"K15_司法风险":0,"K16_工商风险":0,"K17_经营风险":0,"K18_经营状况":0},
{"K01_分组":"人法动态","K02_企业":"宁波坤元道杉投资合伙企业（有限合伙）","K03_监测开始日期":"2022-10-19","K11_高风险":0,"K12_警示":0,"K13_利好":0,"K14_提示":0,"K15_司法风险":0,"K16_工商风险":0,"K17_经营风险":0,"K18_经营状况":0},
{"K01_分组":"人法动态","K02_企业":"宁波坤元道升投资合伙企业（有限合伙）","K03_监测开始日期":"2022-10-19","K11_高风险":0,"K12_警示":0,"K13_利好":0,"K14_提示":0,"K15_司法风险":0,"K16_工商风险":0,"K17_经营风险":0,"K18_经营状况":0},
{"K01_分组":"人法动态","K02_企业":"宁波坤元道雅投资合伙企业（有限合伙）","K03_监测开始日期":"2022-10-19","K11_高风险":0,"K12_警示":0,"K13_利好":0,"K14_提示":0,"K15_司法风险":0,"K16_工商风险":0,"K17_经营风险":0,"K18_经营状况":0},
{"K01_分组":"人法动态","K02_企业":"宁波坤元道业投资合伙企业（有限合伙）","K03_监测开始日期":"2022-10-19","K11_高风险":0,"K12_警示":0,"K13_利好":0,"K14_提示":0,"K15_司法风险":0,"K16_工商风险":0,"K17_经营风险":0,"K18_经营状况":0},
{"K01_分组":"人法动态","K02_企业":"宁波坤元道永投资合伙企业（有限合伙）","K03_监测开始日期":"2022-10-19","K11_高风险":0,"K12_警示":0,"K13_利好":0,"K14_提示":0,"K15_司法风险":0,"K16_工商风险":0,"K17_经营风险":0,"K18_经营状况":0},
{"K01_分组":"人法动态","K02_企业":"宁波坤元道贞投资合伙企业（有限合伙）","K03_监测开始日期":"2022-10-19","K11_高风险":0,"K12_警示":0,"K13_利好":0,"K14_提示":0,"K15_司法风险":0,"K16_工商风险":0,"K17_经营风险":0,"K18_经营状况":0},
{"K01_分组":"人法动态","K02_企业":"宁波坤元道尊投资合伙企业（有限合伙）","K03_监测开始日期":"2022-10-19","K11_高风险":0,"K12_警示":0,"K13_利好":0,"K14_提示":0,"K15_司法风险":0,"K16_工商风险":0,"K17_经营风险":0,"K18_经营状况":0},
{"K01_分组":"人法动态","K02_企业":"宁波坤元泓通投资合伙企业（有限合伙）","K03_监测开始日期":"2022-10-19","K11_高风险":0,"K12_警示":0,"K13_利好":0,"K14_提示":0,"K15_司法风险":0,"K16_工商风险":0,"K17_经营风险":0,"K18_经营状况":0},
{"K01_分组":"人法动态","K02_企业":"宁波坤元康僖投资合伙企业（有限合伙）","K03_监测开始日期":"2022-10-19","K11_高风险":0,"K12_警示":0,"K13_利好":0,"K14_提示":0,"K15_司法风险":0,"K16_工商风险":0,"K17_经营风险":0,"K18_经营状况":0},
{"K01_分组":"人法动态","K02_企业":"宁波坤元康奚投资合伙企业（有限合伙）","K03_监测开始日期":"2022-10-19","K11_高风险":0,"K12_警示":0,"K13_利好":0,"K14_提示":0,"K15_司法风险":0,"K16_工商风险":0,"K17_经营风险":0,"K18_经营状况":0},
{"K01_分组":"人法动态","K02_企业":"宁波坤元康希投资合伙企业（有限合伙）","K03_监测开始日期":"2022-10-19","K11_高风险":0,"K12_警示":0,"K13_利好":0,"K14_提示":0,"K15_司法风险":0,"K16_工商风险":0,"K17_经营风险":0,"K18_经营状况":0},
{"K01_分组":"人法动态","K02_企业":"宁波坤元康惜投资合伙企业（有限合伙）","K03_监测开始日期":"2022-10-19","K11_高风险":0,"K12_警示":0,"K13_利好":0,"K14_提示":0,"K15_司法风险":0,"K16_工商风险":0,"K17_经营风险":0,"K18_经营状况":0},
{"K01_分组":"人法动态","K02_企业":"宁波坤元康晞投资合伙企业（有限合伙）","K03_监测开始日期":"2022-10-19","K11_高风险":0,"K12_警示":0,"K13_利好":0,"K14_提示":0,"K15_司法风险":0,"K16_工商风险":0,"K17_经营风险":0,"K18_经营状况":0},
{"K01_分组":"人法动态","K02_企业":"宁波坤元康曦投资合伙企业（有限合伙）","K03_监测开始日期":"2022-10-19","K11_高风险":0,"K12_警示":0,"K13_利好":0,"K14_提示":0,"K15_司法风险":0,"K16_工商风险":0,"K17_经营风险":0,"K18_经营状况":0},
{"K01_分组":"人法动态","K02_企业":"宁波坤元康熹投资合伙企业（有限合伙）","K03_监测开始日期":"2022-10-19","K11_高风险":0,"K12_警示":0,"K13_利好":0,"K14_提示":0,"K15_司法风险":0,"K16_工商风险":0,"K17_经营风险":0,"K18_经营状况":0},
{"K01_分组":"人法动态","K02_企业":"宁波坤元康锡投资合伙企业（有限合伙）","K03_监测开始日期":"2022-10-19","K11_高风险":0,"K12_警示":0,"K13_利好":0,"K14_提示":0,"K15_司法风险":0,"K16_工商风险":0,"K17_经营风险":0,"K18_经营状况":0},
{"K01_分组":"人法动态","K02_企业":"宁波坤元康玺投资合伙企业（有限合伙）","K03_监测开始日期":"2022-10-19","K11_高风险":0,"K12_警示":0,"K13_利好":0,"K14_提示":0,"K15_司法风险":0,"K16_工商风险":0,"K17_经营风险":0,"K18_经营状况":0},
{"K01_分组":"人法动态","K02_企业":"宁波坤元康禧投资合伙企业（有限合伙）","K03_监测开始日期":"2022-10-19","K11_高风险":0,"K12_警示":0,"K13_利好":0,"K14_提示":0,"K15_司法风险":0,"K16_工商风险":0,"K17_经营风险":0,"K18_经营状况":0},
{"K01_分组":"人法动态","K02_企业":"宁波坤元睿通投资合伙企业（有限合伙）","K03_监测开始日期":"2022-10-19","K11_高风险":0,"K12_警示":0,"K13_利好":0,"K14_提示":0,"K15_司法风险":0,"K16_工商风险":0,"K17_经营风险":0,"K18_经营状况":0},
{"K01_分组":"人法动态","K02_企业":"宁波坤元欣通投资合伙企业（有限合伙）","K03_监测开始日期":"2022-10-19","K11_高风险":0,"K12_警示":0,"K13_利好":0,"K14_提示":0,"K15_司法风险":0,"K16_工商风险":0,"K17_经营风险":0,"K18_经营状况":0},
{"K01_分组":"人法动态","K02_企业":"宁波坤元盈通投资合伙企业（有限合伙）","K03_监测开始日期":"2022-10-19","K11_高风险":0,"K12_警示":0,"K13_利好":0,"K14_提示":0,"K15_司法风险":0,"K16_工商风险":0,"K17_经营风险":0,"K18_经营状况":0},
{"K01_分组":"人法动态","K02_企业":"宁波蓝枫投资管理中心（有限合伙）","K03_监测开始日期":"2022-10-19","K11_高风险":0,"K12_警示":0,"K13_利好":0,"K14_提示":0,"K15_司法风险":0,"K16_工商风险":0,"K17_经营风险":0,"K18_经营状况":0},
{"K01_分组":"人法动态","K02_企业":"宁波梅山保税港区汇钬股权投资合伙企业（有限合伙）","K03_监测开始日期":"2022-10-19","K11_高风险":0,"K12_警示":0,"K13_利好":0,"K14_提示":0,"K15_司法风险":0,"K16_工商风险":0,"K17_经营风险":0,"K18_经营状况":0},
{"K01_分组":"人法动态","K02_企业":"宁波梅山保税港区汇淼股权投资合伙企业（有限合伙）","K03_监测开始日期":"2022-10-19","K11_高风险":0,"K12_警示":0,"K13_利好":0,"K14_提示":0,"K15_司法风险":0,"K16_工商风险":0,"K17_经营风险":0,"K18_经营状况":0},
{"K01_分组":"人法动态","K02_企业":"宁波梅山保税港区汇锐股权投资合伙企业（有限合伙）","K03_监测开始日期":"2022-10-19","K11_高风险":0,"K12_警示":0,"K13_利好":0,"K14_提示":0,"K15_司法风险":0,"K16_工商风险":0,"K17_经营风险":0,"K18_经营状况":0},
{"K01_分组":"人法动态","K02_企业":"宁波梅山保税港区汇垚股权投资合伙企业（有限合伙）","K03_监测开始日期":"2022-10-19","K11_高风险":0,"K12_警示":0,"K13_利好":0,"K14_提示":0,"K15_司法风险":0,"K16_工商风险":0,"K17_经营风险":0,"K18_经营状况":0},
{"K01_分组":"人法动态","K02_企业":"宁波梅山保税港区汇铮股权投资合伙企业（有限合伙）","K03_监测开始日期":"2022-10-19","K11_高风险":0,"K12_警示":0,"K13_利好":0,"K14_提示":0,"K15_司法风险":0,"K16_工商风险":0,"K17_经营风险":0,"K18_经营状况":0},
{"K01_分组":"人法动态","K02_企业":"平潭合力洪晖股权投资合伙企业（有限合伙）","K03_监测开始日期":"2022-10-19","K11_高风险":0,"K12_警示":0,"K13_利好":0,"K14_提示":0,"K15_司法风险":0,"K16_工商风险":0,"K17_经营风险":0,"K18_经营状况":0},
{"K01_分组":"人法动态","K02_企业":"平潭合力洪凯股权投资合伙企业（有限合伙）","K03_监测开始日期":"2022-10-19","K11_高风险":0,"K12_警示":0,"K13_利好":0,"K14_提示":0,"K15_司法风险":0,"K16_工商风险":0,"K17_经营风险":0,"K18_经营状况":0},
{"K01_分组":"人法动态","K02_企业":"平潭合力洪铭股权投资合伙企业（有限合伙）","K03_监测开始日期":"2022-10-19","K11_高风险":0,"K12_警示":0,"K13_利好":0,"K14_提示":0,"K15_司法风险":0,"K16_工商风险":0,"K17_经营风险":0,"K18_经营状况":0},
{"K01_分组":"人法动态","K02_企业":"平潭坤盛鼎兴股权投资基金合伙企业（有限合伙）","K03_监测开始日期":"2022-10-19","K11_高风险":0,"K12_警示":0,"K13_利好":0,"K14_提示":0,"K15_司法风险":0,"K16_工商风险":0,"K17_经营风险":0,"K18_经营状况":0},
{"K01_分组":"人法动态","K02_企业":"平潭坤盛鼎赢股权投资基金合伙企业（有限合伙）","K03_监测开始日期":"2022-10-19","K11_高风险":0,"K12_警示":0,"K13_利好":0,"K14_提示":0,"K15_司法风险":0,"K16_工商风险":0,"K17_经营风险":0,"K18_经营状况":0},
{"K01_分组":"人法动态","K02_企业":"平潭坤盛峰锐股权投资基金合伙企业（有限合伙）","K03_监测开始日期":"2022-10-19","K11_高风险":0,"K12_警示":0,"K13_利好":0,"K14_提示":0,"K15_司法风险":0,"K16_工商风险":0,"K17_经营风险":0,"K18_经营状况":0},
{"K01_分组":"人法动态","K02_企业":"平潭坤盛峰耀股权投资基金合伙企业（有限合伙）","K03_监测开始日期":"2022-10-19","K11_高风险":0,"K12_警示":0,"K13_利好":0,"K14_提示":0,"K15_司法风险":0,"K16_工商风险":0,"K17_经营风险":0,"K18_经营状况":0},
{"K01_分组":"人法动态","K02_企业":"平潭坤盛嘉世股权投资基金合伙企业（有限合伙）","K03_监测开始日期":"2022-10-19","K11_高风险":1,"K12_警示":0,"K13_利好":0,"K14_提示":0,"K15_司法风险":0,"K16_工商风险":0,"K17_经营风险":1,"K18_经营状况":0},
{"K01_分组":"人法动态","K02_企业":"平潭坤盛嘉佑股权投资基金合伙企业（有限合伙）","K03_监测开始日期":"2022-10-19","K11_高风险":0,"K12_警示":0,"K13_利好":0,"K14_提示":0,"K15_司法风险":0,"K16_工商风险":0,"K17_经营风险":0,"K18_经营状况":0},
{"K01_分组":"人法动态","K02_企业":"平潭坤盛嘉泽股权投资基金合伙企业（有限合伙）","K03_监测开始日期":"2022-10-19","K11_高风险":0,"K12_警示":0,"K13_利好":0,"K14_提示":0,"K15_司法风险":0,"K16_工商风险":0,"K17_经营风险":0,"K18_经营状况":0},
{"K01_分组":"人法动态","K02_企业":"平潭坤盛金泉股权投资基金合伙企业（有限合伙）","K03_监测开始日期":"2022-10-19","K11_高风险":0,"K12_警示":0,"K13_利好":0,"K14_提示":0,"K15_司法风险":0,"K16_工商风险":0,"K17_经营风险":0,"K18_经营状况":0},
{"K01_分组":"人法动态","K02_企业":"平潭坤盛锐赢股权投资基金合伙企业（有限合伙）","K03_监测开始日期":"2022-10-19","K11_高风险":0,"K12_警示":0,"K13_利好":0,"K14_提示":0,"K15_司法风险":0,"K16_工商风险":0,"K17_经营风险":0,"K18_经营状况":0},
{"K01_分组":"人法动态","K02_企业":"平潭坤盛使命股权投资基金合伙企业（有限合伙）","K03_监测开始日期":"2022-10-19","K11_高风险":0,"K12_警示":0,"K13_利好":0,"K14_提示":0,"K15_司法风险":0,"K16_工商风险":0,"K17_经营风险":0,"K18_经营状况":0},
{"K01_分组":"人法动态","K02_企业":"平潭坤盛通赢股权投资基金合伙企业（有限合伙）","K03_监测开始日期":"2022-10-19","K11_高风险":0,"K12_警示":0,"K13_利好":0,"K14_提示":0,"K15_司法风险":0,"K16_工商风险":0,"K17_经营风险":0,"K18_经营状况":0},
{"K01_分组":"人法动态","K02_企业":"平潭坤盛耀世股权投资基金合伙企业（有限合伙）","K03_监测开始日期":"2022-10-19","K11_高风险":0,"K12_警示":0,"K13_利好":0,"K14_提示":0,"K15_司法风险":0,"K16_工商风险":0,"K17_经营风险":0,"K18_经营状况":0},
{"K01_分组":"人法动态","K02_企业":"平潭坤盛众赢股权投资基金合伙企业（有限合伙）","K03_监测开始日期":"2022-10-19","K11_高风险":0,"K12_警示":0,"K13_利好":0,"K14_提示":0,"K15_司法风险":0,"K16_工商风险":0,"K17_经营风险":0,"K18_经营状况":0},
{"K01_分组":"人法动态","K02_企业":"萍乡市国信汇融结算服务有限公司","K03_监测开始日期":"2022-10-19","K11_高风险":0,"K12_警示":0,"K13_利好":0,"K14_提示":0,"K15_司法风险":0,"K16_工商风险":0,"K17_经营风险":0,"K18_经营状况":0},
{"K01_分组":"人法动态","K02_企业":"启浩商业保理有限公司","K03_监测开始日期":"2021-11-17","K11_高风险":0,"K12_警示":1,"K13_利好":0,"K14_提示":0,"K15_司法风险":1,"K16_工商风险":0,"K17_经营风险":0,"K18_经营状况":0},
{"K01_分组":"人法动态","K02_企业":"青岛盛景泓乾投资咨询有限公司","K03_监测开始日期":"2022-10-19","K11_高风险":0,"K12_警示":0,"K13_利好":0,"K14_提示":0,"K15_司法风险":0,"K16_工商风险":0,"K17_经营风险":0,"K18_经营状况":0},
{"K01_分组":"人法动态","K02_企业":"青岛合力洪达投资企业（有限合伙）","K03_监测开始日期":"2022-10-19","K11_高风险":0,"K12_警示":0,"K13_利好":0,"K14_提示":0,"K15_司法风险":0,"K16_工商风险":0,"K17_经营风险":0,"K18_经营状况":0},
{"K01_分组":"人法动态","K02_企业":"青岛合力洪经投资企业（有限合伙）","K03_监测开始日期":"2022-10-19","K11_高风险":0,"K12_警示":0,"K13_利好":0,"K14_提示":0,"K15_司法风险":0,"K16_工商风险":0,"K17_经营风险":0,"K18_经营状况":0},
{"K01_分组":"人法动态","K02_企业":"青岛合力洪纬投资企业（有限合伙）","K03_监测开始日期":"2022-10-19","K11_高风险":0,"K12_警示":0,"K13_利好":0,"K14_提示":0,"K15_司法风险":0,"K16_工商风险":0,"K17_经营风险":0,"K18_经营状况":0},
{"K01_分组":"人法动态","K02_企业":"青岛洪帆二号创业投资合伙企业（有限合伙）","K03_监测开始日期":"2022-10-19","K11_高风险":0,"K12_警示":0,"K13_利好":0,"K14_提示":1,"K15_司法风险":0,"K16_工商风险":1,"K17_经营风险":0,"K18_经营状况":0},
{"K01_分组":"人法动态","K02_企业":"青岛洪帆三号创业投资合伙企业（有限合伙）","K03_监测开始日期":"2022-10-19","K11_高风险":0,"K12_警示":0,"K13_利好":0,"K14_提示":0,"K15_司法风险":0,"K16_工商风险":0,"K17_经营风险":0,"K18_经营状况":0},
{"K01_分组":"人法动态","K02_企业":"青岛洪帆一号创业投资合伙企业（有限合伙）","K03_监测开始日期":"2022-10-19","K11_高风险":0,"K12_警示":0,"K13_利好":0,"K14_提示":0,"K15_司法风险":0,"K16_工商风险":0,"K17_经营风险":0,"K18_经营状况":0},
{"K01_分组":"人法动态","K02_企业":"青岛洪嘉二号创业投资合伙企业（有限合伙）","K03_监测开始日期":"2022-10-19","K11_高风险":0,"K12_警示":0,"K13_利好":0,"K14_提示":0,"K15_司法风险":0,"K16_工商风险":0,"K17_经营风险":0,"K18_经营状况":0},
{"K01_分组":"人法动态","K02_企业":"青岛洪嘉三号创业投资合伙企业（有限合伙）","K03_监测开始日期":"2022-10-19","K11_高风险":0,"K12_警示":0,"K13_利好":0,"K14_提示":0,"K15_司法风险":0,"K16_工商风险":0,"K17_经营风险":0,"K18_经营状况":0},
{"K01_分组":"人法动态","K02_企业":"青岛洪嘉一号创业投资合伙企业（有限合伙）","K03_监测开始日期":"2022-10-19","K11_高风险":0,"K12_警示":0,"K13_利好":0,"K14_提示":0,"K15_司法风险":0,"K16_工商风险":0,"K17_经营风险":0,"K18_经营状况":0},
{"K01_分组":"人法动态","K02_企业":"青岛洪景私募股权投资基金合伙企业（有限合伙）","K03_监测开始日期":"2022-10-19","K11_高风险":0,"K12_警示":0,"K13_利好":0,"K14_提示":3,"K15_司法风险":0,"K16_工商风险":3,"K17_经营风险":0,"K18_经营状况":0},
{"K01_分组":"人法动态","K02_企业":"青岛洪科二号创业投资合伙企业（有限合伙）","K03_监测开始日期":"2022-10-19","K11_高风险":0,"K12_警示":0,"K13_利好":0,"K14_提示":0,"K15_司法风险":0,"K16_工商风险":0,"K17_经营风险":0,"K18_经营状况":0},
{"K01_分组":"人法动态","K02_企业":"青岛洪科三号创业投资合伙企业（有限合伙）","K03_监测开始日期":"2022-10-19","K11_高风险":0,"K12_警示":0,"K13_利好":0,"K14_提示":0,"K15_司法风险":0,"K16_工商风险":0,"K17_经营风险":0,"K18_经营状况":0},
{"K01_分组":"人法动态","K02_企业":"青岛洪科一号创业投资合伙企业（有限合伙）","K03_监测开始日期":"2022-10-19","K11_高风险":0,"K12_警示":0,"K13_利好":0,"K14_提示":0,"K15_司法风险":0,"K16_工商风险":0,"K17_经营风险":0,"K18_经营状况":0},
{"K01_分组":"人法动态","K02_企业":"青岛洪祺私募股权投资基金合伙企业（有限合伙）","K03_监测开始日期":"2022-10-19","K11_高风险":0,"K12_警示":0,"K13_利好":0,"K14_提示":0,"K15_司法风险":0,"K16_工商风险":0,"K17_经营风险":0,"K18_经营状况":0},
{"K01_分组":"人法动态","K02_企业":"青岛洪锐二号创业投资合伙企业（有限合伙）","K03_监测开始日期":"2022-10-19","K11_高风险":0,"K12_警示":0,"K13_利好":0,"K14_提示":0,"K15_司法风险":0,"K16_工商风险":0,"K17_经营风险":0,"K18_经营状况":0},
{"K01_分组":"人法动态","K02_企业":"青岛洪锐三号创业投资合伙企业（有限合伙）","K03_监测开始日期":"2022-10-19","K11_高风险":0,"K12_警示":0,"K13_利好":0,"K14_提示":0,"K15_司法风险":0,"K16_工商风险":0,"K17_经营风险":0,"K18_经营状况":0},
{"K01_分组":"人法动态","K02_企业":"青岛洪锐一号创业投资合伙企业（有限合伙）","K03_监测开始日期":"2022-10-19","K11_高风险":0,"K12_警示":0,"K13_利好":0,"K14_提示":0,"K15_司法风险":0,"K16_工商风险":0,"K17_经营风险":0,"K18_经营状况":0},
{"K01_分组":"人法动态","K02_企业":"青岛洪希私募股权投资基金合伙企业（有限合伙）","K03_监测开始日期":"2022-10-19","K11_高风险":0,"K12_警示":0,"K13_利好":0,"K14_提示":4,"K15_司法风险":0,"K16_工商风险":4,"K17_经营风险":0,"K18_经营状况":0},
{"K01_分组":"人法动态","K02_企业":"青岛洪昀私募股权投资基金合伙企业（有限合伙）","K03_监测开始日期":"2022-10-19","K11_高风险":0,"K12_警示":0,"K13_利好":0,"K14_提示":1,"K15_司法风险":0,"K16_工商风险":1,"K17_经营风险":0,"K18_经营状况":0},
{"K01_分组":"人法动态","K02_企业":"青岛坤厚欣通投资合伙企业（有限合伙）","K03_监测开始日期":"2022-10-19","K11_高风险":0,"K12_警示":0,"K13_利好":0,"K14_提示":0,"K15_司法风险":0,"K16_工商风险":0,"K17_经营风险":0,"K18_经营状况":0},
{"K01_分组":"人法动态","K02_企业":"青岛中创同信咨询服务有限公司","K03_监测开始日期":"2022-10-19","K11_高风险":0,"K12_警示":0,"K13_利好":0,"K14_提示":0,"K15_司法风险":0,"K16_工商风险":0,"K17_经营风险":0,"K18_经营状况":0},
{"K01_分组":"人法动态","K02_企业":"三恒财富（北京）投资管理有限公司","K03_监测开始日期":"2022-07-01","K11_高风险":0,"K12_警示":0,"K13_利好":0,"K14_提示":0,"K15_司法风险":0,"K16_工商风险":0,"K17_经营风险":0,"K18_经营状况":0},
{"K01_分组":"人法动态","K02_企业":"山东百兴信融投资管理有限公司","K03_监测开始日期":"2022-07-01","K11_高风险":0,"K12_警示":0,"K13_利好":0,"K14_提示":0,"K15_司法风险":0,"K16_工商风险":0,"K17_经营风险":0,"K18_经营状况":0},
{"K01_分组":"人法动态","K02_企业":"山东鼎泰诺信投资有限公司","K03_监测开始日期":"2022-10-13","K11_高风险":0,"K12_警示":0,"K13_利好":0,"K14_提示":0,"K15_司法风险":0,"K16_工商风险":0,"K17_经营风险":0,"K18_经营状况":0},
{"K01_分组":"人法动态","K02_企业":"山东国程尚通控股有限公司","K03_监测开始日期":"2022-07-01","K11_高风险":0,"K12_警示":0,"K13_利好":0,"K14_提示":0,"K15_司法风险":0,"K16_工商风险":0,"K17_经营风险":0,"K18_经营状况":0},
{"K01_分组":"人法动态","K02_企业":"山东中盛荣尚控股有限公司","K03_监测开始日期":"2022-07-01","K11_高风险":0,"K12_警示":0,"K13_利好":0,"K14_提示":7,"K15_司法风险":0,"K16_工商风险":7,"K17_经营风险":0,"K18_经营状况":0},
{"K01_分组":"人法动态","K02_企业":"山西华泰大班投资有限公司","K03_监测开始日期":"2022-10-19","K11_高风险":0,"K12_警示":0,"K13_利好":0,"K14_提示":0,"K15_司法风险":0,"K16_工商风险":0,"K17_经营风险":0,"K18_经营状况":0},
{"K01_分组":"人法动态","K02_企业":"山西智尔创联投资有限公司","K03_监测开始日期":"2022-10-19","K11_高风险":0,"K12_警示":0,"K13_利好":0,"K14_提示":0,"K15_司法风险":0,"K16_工商风险":0,"K17_经营风险":0,"K18_经营状况":0},
{"K01_分组":"人法动态","K02_企业":"陕西国兴融资租赁有限公司","K03_监测开始日期":"2022-10-19","K11_高风险":0,"K12_警示":0,"K13_利好":0,"K14_提示":0,"K15_司法风险":0,"K16_工商风险":0,"K17_经营风险":0,"K18_经营状况":0},
{"K01_分组":"人法动态","K02_企业":"上海典知金融信息服务有限公司","K03_监测开始日期":"2022-07-01","K11_高风险":0,"K12_警示":0,"K13_利好":0,"K14_提示":0,"K15_司法风险":0,"K16_工商风险":0,"K17_经营风险":0,"K18_经营状况":0},
{"K01_分组":"人法动态","K02_企业":"上海昊传实业有限公司","K03_监测开始日期":"2022-10-19","K11_高风险":0,"K12_警示":0,"K13_利好":0,"K14_提示":0,"K15_司法风险":0,"K16_工商风险":0,"K17_经营风险":0,"K18_经营状况":0},
{"K01_分组":"人法动态","K02_企业":"上海坤铮管理咨询合伙企业（有限合伙）","K03_监测开始日期":"2022-10-19","K11_高风险":0,"K12_警示":0,"K13_利好":0,"K14_提示":0,"K15_司法风险":0,"K16_工商风险":0,"K17_经营风险":0,"K18_经营状况":0},
{"K01_分组":"人法动态","K02_企业":"上海利通融资租赁有限公司","K03_监测开始日期":"2022-10-19","K11_高风险":0,"K12_警示":0,"K13_利好":0,"K14_提示":0,"K15_司法风险":0,"K16_工商风险":0,"K17_经营风险":0,"K18_经营状况":0},
{"K01_分组":"人法动态","K02_企业":"上海中创典当有限公司","K03_监测开始日期":"2022-10-19","K11_高风险":0,"K12_警示":0,"K13_利好":0,"K14_提示":0,"K15_司法风险":0,"K16_工商风险":0,"K17_经营风险":0,"K18_经营状况":0},
{"K01_分组":"人法动态","K02_企业":"深圳超悦世纪科技有限公司","K03_监测开始日期":"2022-10-19","K11_高风险":0,"K12_警示":0,"K13_利好":0,"K14_提示":0,"K15_司法风险":0,"K16_工商风险":0,"K17_经营风险":0,"K18_经营状况":0},
{"K01_分组":"人法动态","K02_企业":"深圳恒通普惠互联网金融信息有限公司","K03_监测开始日期":"2022-07-01","K11_高风险":0,"K12_警示":0,"K13_利好":0,"K14_提示":1,"K15_司法风险":0,"K16_工商风险":1,"K17_经营风险":0,"K18_经营状况":0},
{"K01_分组":"人法动态","K02_企业":"深圳前海三智华锦股权投资基金企业（有限合伙）","K03_监测开始日期":"2022-10-19","K11_高风险":0,"K12_警示":0,"K13_利好":0,"K14_提示":0,"K15_司法风险":0,"K16_工商风险":0,"K17_经营风险":0,"K18_经营状况":0},
{"K01_分组":"人法动态","K02_企业":"深圳前海星润股权投资管理有限公司","K03_监测开始日期":"2022-07-01","K11_高风险":0,"K12_警示":0,"K13_利好":0,"K14_提示":0,"K15_司法风险":0,"K16_工商风险":0,"K17_经营风险":0,"K18_经营状况":0},
{"K01_分组":"人法动态","K02_企业":"深圳市昌泽成长壹号企业（有限合伙）","K03_监测开始日期":"2022-10-19","K11_高风险":0,"K12_警示":0,"K13_利好":0,"K14_提示":0,"K15_司法风险":0,"K16_工商风险":0,"K17_经营风险":0,"K18_经营状况":0},
{"K01_分组":"人法动态","K02_企业":"深圳市昌泽股权投资基金有限公司","K03_监测开始日期":"2022-10-19","K11_高风险":0,"K12_警示":0,"K13_利好":0,"K14_提示":0,"K15_司法风险":0,"K16_工商风险":0,"K17_经营风险":0,"K18_经营状况":0},
{"K01_分组":"人法动态","K02_企业":"深圳市程讯投资担保有限公司","K03_监测开始日期":"2022-10-19","K11_高风险":0,"K12_警示":0,"K13_利好":0,"K14_提示":0,"K15_司法风险":0,"K16_工商风险":0,"K17_经营风险":0,"K18_经营状况":0},
{"K01_分组":"人法动态","K02_企业":"深圳市富盈企业管理有限公司","K03_监测开始日期":"2022-10-19","K11_高风险":0,"K12_警示":0,"K13_利好":0,"K14_提示":0,"K15_司法风险":0,"K16_工商风险":0,"K17_经营风险":0,"K18_经营状况":0},
{"K01_分组":"人法动态","K02_企业":"深圳市恒昌惠信信息咨询有限公司","K03_监测开始日期":"2022-07-01","K11_高风险":0,"K12_警示":0,"K13_利好":0,"K14_提示":0,"K15_司法风险":0,"K16_工商风险":0,"K17_经营风险":0,"K18_经营状况":0},
{"K01_分组":"人法动态","K02_企业":"深圳市恒昌信诚信息咨询有限公司","K03_监测开始日期":"2022-07-01","K11_高风险":0,"K12_警示":0,"K13_利好":0,"K14_提示":0,"K15_司法风险":0,"K16_工商风险":0,"K17_经营风险":0,"K18_经营状况":0},
{"K01_分组":"人法动态","K02_企业":"深圳市万博酷贸易有限公司","K03_监测开始日期":"2022-10-19","K11_高风险":0,"K12_警示":0,"K13_利好":0,"K14_提示":0,"K15_司法风险":0,"K16_工商风险":0,"K17_经营风险":0,"K18_经营状况":0},
{"K01_分组":"人法动态","K02_企业":"深圳中盛华泰商业保理有限公司","K03_监测开始日期":"2022-10-19","K11_高风险":0,"K12_警示":0,"K13_利好":0,"K14_提示":0,"K15_司法风险":0,"K16_工商风险":0,"K17_经营风险":0,"K18_经营状况":0},
{"K01_分组":"人法动态","K02_企业":"石嘴山华威金安企业管理有限公司","K03_监测开始日期":"2022-10-19","K11_高风险":0,"K12_警示":0,"K13_利好":0,"K14_提示":2,"K15_司法风险":0,"K16_工商风险":2,"K17_经营风险":0,"K18_经营状况":0},
{"K01_分组":"人法动态","K02_企业":"视募（北京）投资管理有限公司","K03_监测开始日期":"2022-10-13","K11_高风险":0,"K12_警示":0,"K13_利好":0,"K14_提示":0,"K15_司法风险":0,"K16_工商风险":0,"K17_经营风险":0,"K18_经营状况":0},
{"K01_分组":"人法动态","K02_企业":"桃花源（重庆）农业发展有限责任公司","K03_监测开始日期":"2021-11-17","K11_高风险":0,"K12_警示":0,"K13_利好":0,"K14_提示":0,"K15_司法风险":0,"K16_工商风险":0,"K17_经营风险":0,"K18_经营状况":0},
{"K01_分组":"人法动态","K02_企业":"腾辉国际集团有限公司","K03_监测开始日期":"2022-07-01","K11_高风险":0,"K12_警示":0,"K13_利好":0,"K14_提示":0,"K15_司法风险":0,"K16_工商风险":0,"K17_经营风险":0,"K18_经营状况":0},
{"K01_分组":"人法动态","K02_企业":"天津市快钱典当有限公司","K03_监测开始日期":"2022-10-19","K11_高风险":0,"K12_警示":0,"K13_利好":0,"K14_提示":0,"K15_司法风险":0,"K16_工商风险":0,"K17_经营风险":0,"K18_经营状况":0},
{"K01_分组":"人法动态","K02_企业":"天津市三寿新传财务咨询有限公司","K03_监测开始日期":"2022-07-01","K11_高风险":0,"K12_警示":1,"K13_利好":0,"K14_提示":0,"K15_司法风险":1,"K16_工商风险":0,"K17_经营风险":0,"K18_经营状况":0},
{"K01_分组":"人法动态","K02_企业":"万龙世纪（北京）科技有限公司","K03_监测开始日期":"2022-10-19","K11_高风险":0,"K12_警示":0,"K13_利好":0,"K14_提示":0,"K15_司法风险":0,"K16_工商风险":0,"K17_经营风险":0,"K18_经营状况":0},
{"K01_分组":"人法动态","K02_企业":"唯度优（北京）科贸有限公司","K03_监测开始日期":"2022-10-19","K11_高风险":0,"K12_警示":0,"K13_利好":0,"K14_提示":0,"K15_司法风险":0,"K16_工商风险":0,"K17_经营风险":0,"K18_经营状况":0},
{"K01_分组":"人法动态","K02_企业":"潍坊戈壁旭睿创业投资合伙企业（有限合伙）","K03_监测开始日期":"2022-10-19","K11_高风险":0,"K12_警示":0,"K13_利好":0,"K14_提示":0,"K15_司法风险":0,"K16_工商风险":0,"K17_经营风险":0,"K18_经营状况":0},
{"K01_分组":"人法动态","K02_企业":"温州恒慧商务咨询有限公司","K03_监测开始日期":"2022-07-01","K11_高风险":0,"K12_警示":0,"K13_利好":0,"K14_提示":0,"K15_司法风险":0,"K16_工商风险":0,"K17_经营风险":0,"K18_经营状况":0},
{"K01_分组":"人法动态","K02_企业":"无锡汇智昀鼎商贸有限公司","K03_监测开始日期":"2022-07-01","K11_高风险":0,"K12_警示":0,"K13_利好":0,"K14_提示":0,"K15_司法风险":0,"K16_工商风险":0,"K17_经营风险":0,"K18_经营状况":0},
{"K01_分组":"人法动态","K02_企业":"无锡世沣恒富企业管理有限公司","K03_监测开始日期":"2022-10-19","K11_高风险":0,"K12_警示":0,"K13_利好":0,"K14_提示":0,"K15_司法风险":0,"K16_工商风险":0,"K17_经营风险":0,"K18_经营状况":0},
{"K01_分组":"人法动态","K02_企业":"无锡中纳大蓄企业管理有限公司","K03_监测开始日期":"2022-10-19","K11_高风险":0,"K12_警示":0,"K13_利好":0,"K14_提示":0,"K15_司法风险":0,"K16_工商风险":0,"K17_经营风险":0,"K18_经营状况":0},
{"K01_分组":"人法动态","K02_企业":"武汉鑫和嘉世投资管理有限公司","K03_监测开始日期":"2022-07-01","K11_高风险":0,"K12_警示":0,"K13_利好":0,"K14_提示":0,"K15_司法风险":0,"K16_工商风险":0,"K17_经营风险":0,"K18_经营状况":0},
{"K01_分组":"人法动态","K02_企业":"武汉跃卓嘉盛投资管理有限公司","K03_监测开始日期":"2022-07-01","K11_高风险":0,"K12_警示":0,"K13_利好":0,"K14_提示":0,"K15_司法风险":0,"K16_工商风险":0,"K17_经营风险":0,"K18_经营状况":0},
{"K01_分组":"人法动态","K02_企业":"新余坤道元诚产业投资中心（有限合伙）","K03_监测开始日期":"2022-10-19","K11_高风险":0,"K12_警示":0,"K13_利好":0,"K14_提示":0,"K15_司法风险":0,"K16_工商风险":0,"K17_经营风险":0,"K18_经营状况":0},
{"K01_分组":"人法动态","K02_企业":"新余坤道元乾产业投资中心（有限合伙）","K03_监测开始日期":"2022-10-19","K11_高风险":0,"K12_警示":0,"K13_利好":0,"K14_提示":0,"K15_司法风险":0,"K16_工商风险":0,"K17_经营风险":0,"K18_经营状况":0},
{"K01_分组":"人法动态","K02_企业":"新余坤道元易产业投资中心（有限合伙）","K03_监测开始日期":"2022-10-19","K11_高风险":0,"K12_警示":0,"K13_利好":0,"K14_提示":0,"K15_司法风险":0,"K16_工商风险":0,"K17_经营风险":0,"K18_经营状况":0},
{"K01_分组":"人法动态","K02_企业":"新余坤道元泽产业投资中心（有限合伙）","K03_监测开始日期":"2022-10-19","K11_高风险":0,"K12_警示":0,"K13_利好":0,"K14_提示":0,"K15_司法风险":0,"K16_工商风险":0,"K17_经营风险":0,"K18_经营状况":0},
{"K01_分组":"人法动态","K02_企业":"星润金融控股有限公司","K03_监测开始日期":"2022-07-01","K11_高风险":0,"K12_警示":0,"K13_利好":0,"K14_提示":0,"K15_司法风险":0,"K16_工商风险":0,"K17_经营风险":0,"K18_经营状况":0},
{"K01_分组":"人法动态","K02_企业":"扬州鑫文涛网络科技有限公司","K03_监测开始日期":"2022-10-19","K11_高风险":0,"K12_警示":0,"K13_利好":0,"K14_提示":0,"K15_司法风险":0,"K16_工商风险":0,"K17_经营风险":0,"K18_经营状况":0},
{"K01_分组":"人法动态","K02_企业":"扬州致胜网络科技有限公司","K03_监测开始日期":"2022-07-01","K11_高风险":0,"K12_警示":0,"K13_利好":0,"K14_提示":0,"K15_司法风险":0,"K16_工商风险":0,"K17_经营风险":0,"K18_经营状况":0},
{"K01_分组":"人法动态","K02_企业":"逸恒不良资产处置（吉林）有限公司","K03_监测开始日期":"2022-10-19","K11_高风险":0,"K12_警示":0,"K13_利好":0,"K14_提示":0,"K15_司法风险":0,"K16_工商风险":0,"K17_经营风险":0,"K18_经营状况":0},
{"K01_分组":"人法动态","K02_企业":"酉阳县花田米业有限公司","K03_监测开始日期":"2022-10-19","K11_高风险":0,"K12_警示":0,"K13_利好":0,"K14_提示":0,"K15_司法风险":0,"K16_工商风险":0,"K17_经营风险":0,"K18_经营状况":0},
{"K01_分组":"人法动态","K02_企业":"酉滋酉味（深圳）食品科技有限责任公司","K03_监测开始日期":"2022-10-19","K11_高风险":0,"K12_警示":0,"K13_利好":0,"K14_提示":0,"K15_司法风险":0,"K16_工商风险":0,"K17_经营风险":0,"K18_经营状况":0},
{"K01_分组":"人法动态","K02_企业":"御天太和（北京）人力资源管理技术有限公司","K03_监测开始日期":"2022-07-01","K11_高风险":0,"K12_警示":0,"K13_利好":0,"K14_提示":0,"K15_司法风险":0,"K16_工商风险":0,"K17_经营风险":0,"K18_经营状况":0},
{"K01_分组":"人法动态","K02_企业":"云南悦领双洲投资有限公司","K03_监测开始日期":"2022-10-19","K11_高风险":0,"K12_警示":0,"K13_利好":0,"K14_提示":0,"K15_司法风险":0,"K16_工商风险":0,"K17_经营风险":0,"K18_经营状况":0},
{"K01_分组":"人法动态","K02_企业":"郑州市豫正典当有限责任公司","K03_监测开始日期":"2022-10-19","K11_高风险":0,"K12_警示":0,"K13_利好":0,"K14_提示":0,"K15_司法风险":0,"K16_工商风险":0,"K17_经营风险":0,"K18_经营状况":0},
{"K01_分组":"人法动态","K02_企业":"智盛（北京）资产管理有限公司","K03_监测开始日期":"2022-07-01","K11_高风险":0,"K12_警示":0,"K13_利好":0,"K14_提示":0,"K15_司法风险":0,"K16_工商风险":0,"K17_经营风险":0,"K18_经营状况":0},
{"K01_分组":"人法动态","K02_企业":"智点汇融科技发展（北京）有限公司","K03_监测开始日期":"2021-11-17","K11_高风险":0,"K12_警示":0,"K13_利好":0,"K14_提示":0,"K15_司法风险":0,"K16_工商风险":0,"K17_经营风险":0,"K18_经营状况":0},
{"K01_分组":"人法动态","K02_企业":"中盛华泰投资有限公司","K03_监测开始日期":"2022-07-01","K11_高风险":0,"K12_警示":0,"K13_利好":0,"K14_提示":1,"K15_司法风险":0,"K16_工商风险":1,"K17_经营风险":0,"K18_经营状况":0},
{"K01_分组":"人法动态","K02_企业":"中创基业投资控股有限公司","K03_监测开始日期":"2022-10-19","K11_高风险":0,"K12_警示":0,"K13_利好":0,"K14_提示":0,"K15_司法风险":0,"K16_工商风险":0,"K17_经营风险":0,"K18_经营状况":0},
{"K01_分组":"人法动态","K02_企业":"中达国瑞科技有限公司","K03_监测开始日期":"2022-07-01","K11_高风险":0,"K12_警示":0,"K13_利好":0,"K14_提示":1,"K15_司法风险":0,"K16_工商风险":1,"K17_经营风险":0,"K18_经营状况":0},
{"K01_分组":"人法动态","K02_企业":"中国国际贸易股份有限公司","K03_监测开始日期":"2022-10-19","K11_高风险":0,"K12_警示":0,"K13_利好":0,"K14_提示":0,"K15_司法风险":0,"K16_工商风险":0,"K17_经营风险":0,"K18_经营状况":0},
{"K01_分组":"人法动态","K02_企业":"中禾宜道保险经纪（湖北）有限公司","K03_监测开始日期":"2022-10-19","K11_高风险":0,"K12_警示":0,"K13_利好":0,"K14_提示":0,"K15_司法风险":0,"K16_工商风险":0,"K17_经营风险":0,"K18_经营状况":0},
{"K01_分组":"人法动态","K02_企业":"中嘉新辰集团有限公司","K03_监测开始日期":"2021-11-17","K11_高风险":0,"K12_警示":0,"K13_利好":0,"K14_提示":0,"K15_司法风险":0,"K16_工商风险":0,"K17_经营风险":0,"K18_经营状况":0},
{"K01_分组":"人法动态","K02_企业":"中投信诚金融服务外包（北京）有限公司","K03_监测开始日期":"2022-10-19","K11_高风险":0,"K12_警示":0,"K13_利好":0,"K14_提示":0,"K15_司法风险":0,"K16_工商风险":0,"K17_经营风险":0,"K18_经营状况":0},
{"K01_分组":"人法动态","K02_企业":"中证智科有限公司","K03_监测开始日期":"2022-10-19","K11_高风险":0,"K12_警示":0,"K13_利好":0,"K14_提示":0,"K15_司法风险":0,"K16_工商风险":0,"K17_经营风险":0,"K18_经营状况":0},
{"K01_分组":"人法动态","K02_企业":"众顺越达（北京）科技有限公司","K03_监测开始日期":"2022-07-01","K11_高风险":0,"K12_警示":0,"K13_利好":0,"K14_提示":1,"K15_司法风险":0,"K16_工商风险":0,"K17_经营风险":0,"K18_经营状况":1},
{"K01_分组":"人法动态","K02_企业":"重庆汇福诚典当有限公司","K03_监测开始日期":"2022-10-19","K11_高风险":0,"K12_警示":0,"K13_利好":0,"K14_提示":0,"K15_司法风险":0,"K16_工商风险":0,"K17_经营风险":0,"K18_经营状况":0},
{"K01_分组":"人法动态","K02_企业":"重庆一花一田电子商务有限公司","K03_监测开始日期":"2022-10-19","K11_高风险":0,"K12_警示":0,"K13_利好":0,"K14_提示":0,"K15_司法风险":0,"K16_工商风险":0,"K17_经营风险":0,"K18_经营状况":0},
{"K01_分组":"人法动态","K02_企业":"诸暨瑞胜资产管理合伙企业（有限合伙）","K03_监测开始日期":"2022-07-01","K11_高风险":0,"K12_警示":0,"K13_利好":0,"K14_提示":0,"K15_司法风险":0,"K16_工商风险":0,"K17_经营风险":0,"K18_经营状况":0}]}
