[{"group":"人法动态","source_30":[["date","2022-11-03","2022-11-04","2022-11-05","2022-11-06","2022-11-07","2022-11-08","2022-11-09","2022-11-10","2022-11-11","2022-11-12","2022-11-13","2022-11-14","2022-11-15","2022-11-16","2022-11-17","2022-11-18","2022-11-19","2022-11-20","2022-11-21","2022-11-22","2022-11-23","2022-11-24","2022-11-25","2022-11-26","2022-11-27","2022-11-28","2022-11-29","2022-11-30","2022-12-01","2022-12-02"],["提示",0,0,0,1,0,1,1,2,1,4,4,0,0,2,0,1,3,0,5,0,2,0,0,2,8,0,0,1,0,0],["利好",0,0,0,0,0,2,0,0,0,0,0,0,0,0,0,0,0,0,0,0,0,0,0,0,0,0,0,0,0,0],["警示",19,1,18,0,1,0,2,0,0,0,2,0,18,1,1,1,0,0,2,0,2,1,11,7,2,0,0,0,1,0],["高风险",0,0,0,0,1,0,2,0,0,0,0,0,0,0,0,0,0,0,0,0,0,0,0,0,0,0,0,0,0,0]]},
{"group":"人法动态","source_7":[["date","2022-11-25","2022-11-26","2022-11-27","2022-11-28","2022-11-29","2022-11-30","2022-12-01","2022-12-02"],["提示",0,2,8,0,0,1,0,0],["利好",0,0,0,0,0,0,0,0],["警示",11,7,2,0,0,0,1,0],["高风险",0,0,0,0,0,0,0,0]]},
{"group":"人法动态","info_30":[{"name":"法律诉讼","value":60},{"name":"法院公告","value":25},{"name":"主要人员变更","value":13},{"name":"注册地址变更","value":6},{"name":"经营范围变更","value":4},{"name":"法定代表人变更","value":4},{"name":"注册资本变更","value":3},{"name":"送达公告","value":3},{"name":"企业类型变更","value":2},{"name":"开庭公告","value":2},{"name":"电信许可","value":2},{"name":"登记机关变更","value":2},{"name":"被执行人","value":2},{"name":"专利信息","value":1},{"name":"招投标","value":1},{"name":"软件著作权","value":1},{"name":"经营异常","value":1},{"name":"对外投资","value":1}]},
{"group":"人法动态","info_7":[{"name":"法律诉讼","value":19},{"name":"主要人员变更","value":4},{"name":"注册资本变更","value":2},{"name":"经营范围变更","value":2},{"name":"注册地址变更","value":1},{"name":"送达公告","value":1},{"name":"企业类型变更","value":1},{"name":"开庭公告","value":1},{"name":"法定代表人变更","value":1}]}]
