{"last_month":[{"K01_分组":"数科-教育场景","K02_企业":"八方网域（北京）电脑技术培训有限公司","K03_监测开始日期":"2022-10-19","K11_高风险":0,"K12_警示":0,"K13_利好":0,"K14_提示":0,"K15_司法风险":0,"K16_工商风险":0,"K17_经营风险":0,"K18_经营状况":0},
{"K01_分组":"数科-教育场景","K02_企业":"北京安豆管理咨询有限公司","K03_监测开始日期":"2022-10-19","K11_高风险":0,"K12_警示":0,"K13_利好":0,"K14_提示":0,"K15_司法风险":0,"K16_工商风险":0,"K17_经营风险":0,"K18_经营状况":0},
{"K01_分组":"数科-教育场景","K02_企业":"北京百知教育科技有限公司","K03_监测开始日期":"2022-10-19","K11_高风险":0,"K12_警示":0,"K13_利好":0,"K14_提示":0,"K15_司法风险":0,"K16_工商风险":0,"K17_经营风险":0,"K18_经营状况":0},
{"K01_分组":"数科-教育场景","K02_企业":"北京晟程华科教育科技有限公司","K03_监测开始日期":"2022-10-19","K11_高风险":0,"K12_警示":0,"K13_利好":2,"K14_提示":0,"K15_司法风险":0,"K16_工商风险":0,"K17_经营风险":0,"K18_经营状况":2},
{"K01_分组":"数科-教育场景","K02_企业":"北京创客在线教育科技有限公司","K03_监测开始日期":"2022-10-19","K11_高风险":0,"K12_警示":0,"K13_利好":0,"K14_提示":0,"K15_司法风险":0,"K16_工商风险":0,"K17_经营风险":0,"K18_经营状况":0},
{"K01_分组":"数科-教育场景","K02_企业":"北京顶测科技有限公司","K03_监测开始日期":"2022-10-19","K11_高风险":0,"K12_警示":0,"K13_利好":0,"K14_提示":0,"K15_司法风险":0,"K16_工商风险":0,"K17_经营风险":0,"K18_经营状况":0},
{"K01_分组":"数科-教育场景","K02_企业":"北京华清远见科技发展有限公司","K03_监测开始日期":"2022-10-19","K11_高风险":0,"K12_警示":0,"K13_利好":0,"K14_提示":0,"K15_司法风险":0,"K16_工商风险":0,"K17_经营风险":0,"K18_经营状况":0},
{"K01_分组":"数科-教育场景","K02_企业":"北京华清远见科技信息有限公司","K03_监测开始日期":"2022-10-19","K11_高风险":0,"K12_警示":0,"K13_利好":0,"K14_提示":0,"K15_司法风险":0,"K16_工商风险":0,"K17_经营风险":0,"K18_经营状况":0},
{"K01_分组":"数科-教育场景","K02_企业":"北京华夏人民艺术文化发展有限公司","K03_监测开始日期":"2022-10-19","K11_高风险":0,"K12_警示":0,"K13_利好":0,"K14_提示":0,"K15_司法风险":0,"K16_工商风险":0,"K17_经营风险":0,"K18_经营状况":0},
{"K01_分组":"数科-教育场景","K02_企业":"北京华育兴业科技有限公司","K03_监测开始日期":"2022-10-19","K11_高风险":0,"K12_警示":0,"K13_利好":0,"K14_提示":0,"K15_司法风险":0,"K16_工商风险":0,"K17_经营风险":0,"K18_经营状况":0},
{"K01_分组":"数科-教育场景","K02_企业":"北京惠美德源科技有限公司","K03_监测开始日期":"2022-10-19","K11_高风险":0,"K12_警示":0,"K13_利好":0,"K14_提示":0,"K15_司法风险":0,"K16_工商风险":0,"K17_经营风险":0,"K18_经营状况":0},
{"K01_分组":"数科-教育场景","K02_企业":"北京汇才同飞教育科技有限公司","K03_监测开始日期":"2022-10-19","K11_高风险":0,"K12_警示":0,"K13_利好":0,"K14_提示":0,"K15_司法风险":0,"K16_工商风险":0,"K17_经营风险":0,"K18_经营状况":0},
{"K01_分组":"数科-教育场景","K02_企业":"北京佳玥科技有限责任公司","K03_监测开始日期":"2022-10-19","K11_高风险":0,"K12_警示":0,"K13_利好":0,"K14_提示":0,"K15_司法风险":0,"K16_工商风险":0,"K17_经营风险":0,"K18_经营状况":0},
{"K01_分组":"数科-教育场景","K02_企业":"北京进思信息技术有限公司","K03_监测开始日期":"2022-10-19","K11_高风险":0,"K12_警示":0,"K13_利好":0,"K14_提示":0,"K15_司法风险":0,"K16_工商风险":0,"K17_经营风险":0,"K18_经营状况":0},
{"K01_分组":"数科-教育场景","K02_企业":"北京觉行教育科技有限公司","K03_监测开始日期":"2022-10-19","K11_高风险":0,"K12_警示":0,"K13_利好":0,"K14_提示":2,"K15_司法风险":0,"K16_工商风险":0,"K17_经营风险":0,"K18_经营状况":2},
{"K01_分组":"数科-教育场景","K02_企业":"北京课工场融合科技有限公司","K03_监测开始日期":"2022-10-19","K11_高风险":0,"K12_警示":0,"K13_利好":0,"K14_提示":0,"K15_司法风险":0,"K16_工商风险":0,"K17_经营风险":0,"K18_经营状况":0},
{"K01_分组":"数科-教育场景","K02_企业":"北京兰天马科技发展有限公司","K03_监测开始日期":"2022-10-19","K11_高风险":0,"K12_警示":0,"K13_利好":0,"K14_提示":0,"K15_司法风险":0,"K16_工商风险":0,"K17_经营风险":0,"K18_经营状况":0},
{"K01_分组":"数科-教育场景","K02_企业":"北京漫动者教育科技有限公司","K03_监测开始日期":"2022-10-19","K11_高风险":0,"K12_警示":0,"K13_利好":0,"K14_提示":0,"K15_司法风险":0,"K16_工商风险":0,"K17_经营风险":0,"K18_经营状况":0},
{"K01_分组":"数科-教育场景","K02_企业":"北京千锋互联科技有限公司","K03_监测开始日期":"2022-10-19","K11_高风险":0,"K12_警示":0,"K13_利好":3,"K14_提示":0,"K15_司法风险":0,"K16_工商风险":0,"K17_经营风险":0,"K18_经营状况":3},
{"K01_分组":"数科-教育场景","K02_企业":"北京人人致远科技有限公司","K03_监测开始日期":"2022-10-19","K11_高风险":0,"K12_警示":0,"K13_利好":0,"K14_提示":0,"K15_司法风险":0,"K16_工商风险":0,"K17_经营风险":0,"K18_经营状况":0},
{"K01_分组":"数科-教育场景","K02_企业":"北京人人赚科技发展有限公司","K03_监测开始日期":"2022-10-19","K11_高风险":0,"K12_警示":0,"K13_利好":0,"K14_提示":0,"K15_司法风险":0,"K16_工商风险":0,"K17_经营风险":0,"K18_经营状况":0},
{"K01_分组":"数科-教育场景","K02_企业":"北京软峰时代科技有限公司","K03_监测开始日期":"2022-10-19","K11_高风险":0,"K12_警示":0,"K13_利好":0,"K14_提示":0,"K15_司法风险":0,"K16_工商风险":0,"K17_经营风险":0,"K18_经营状况":0},
{"K01_分组":"数科-教育场景","K02_企业":"北京尚学堂科技有限公司","K03_监测开始日期":"2022-10-19","K11_高风险":0,"K12_警示":0,"K13_利好":0,"K14_提示":0,"K15_司法风险":0,"K16_工商风险":0,"K17_经营风险":0,"K18_经营状况":0},
{"K01_分组":"数科-教育场景","K02_企业":"北京唐城信息技术有限公司","K03_监测开始日期":"2022-10-19","K11_高风险":0,"K12_警示":0,"K13_利好":0,"K14_提示":0,"K15_司法风险":0,"K16_工商风险":0,"K17_经营风险":0,"K18_经营状况":0},
{"K01_分组":"数科-教育场景","K02_企业":"北京完美动力教育科技有限公司","K03_监测开始日期":"2022-10-19","K11_高风险":0,"K12_警示":0,"K13_利好":0,"K14_提示":0,"K15_司法风险":0,"K16_工商风险":0,"K17_经营风险":0,"K18_经营状况":0},
{"K01_分组":"数科-教育场景","K02_企业":"北京完美动力文化传播有限公司","K03_监测开始日期":"2022-10-19","K11_高风险":0,"K12_警示":0,"K13_利好":0,"K14_提示":0,"K15_司法风险":0,"K16_工商风险":0,"K17_经营风险":0,"K18_经营状况":0},
{"K01_分组":"数科-教育场景","K02_企业":"北京维度小能教育科技有限公司","K03_监测开始日期":"2022-10-19","K11_高风险":0,"K12_警示":0,"K13_利好":0,"K14_提示":0,"K15_司法风险":0,"K16_工商风险":0,"K17_经营风险":0,"K18_经营状况":0},
{"K01_分组":"数科-教育场景","K02_企业":"北京学佳澳软件科技发展有限公司","K03_监测开始日期":"2022-10-19","K11_高风险":0,"K12_警示":0,"K13_利好":0,"K14_提示":0,"K15_司法风险":0,"K16_工商风险":0,"K17_经营风险":0,"K18_经营状况":0},
{"K01_分组":"数科-教育场景","K02_企业":"北京阳光海牛科技有限公司","K03_监测开始日期":"2022-10-19","K11_高风险":0,"K12_警示":0,"K13_利好":0,"K14_提示":0,"K15_司法风险":0,"K16_工商风险":0,"K17_经营风险":0,"K18_经营状况":0},
{"K01_分组":"数科-教育场景","K02_企业":"北京一天天教育科技有限公司","K03_监测开始日期":"2022-10-19","K11_高风险":0,"K12_警示":1,"K13_利好":0,"K14_提示":0,"K15_司法风险":1,"K16_工商风险":0,"K17_经营风险":0,"K18_经营状况":0},
{"K01_分组":"数科-教育场景","K02_企业":"北京优思安科技有限公司","K03_监测开始日期":"2022-10-19","K11_高风险":0,"K12_警示":0,"K13_利好":0,"K14_提示":1,"K15_司法风险":0,"K16_工商风险":1,"K17_经营风险":0,"K18_经营状况":0},
{"K01_分组":"数科-教育场景","K02_企业":"北京缘起宏福科技有限公司","K03_监测开始日期":"2022-10-19","K11_高风险":0,"K12_警示":0,"K13_利好":6,"K14_提示":0,"K15_司法风险":0,"K16_工商风险":0,"K17_经营风险":0,"K18_经营状况":6},
{"K01_分组":"数科-教育场景","K02_企业":"北京泽云安科技有限公司","K03_监测开始日期":"2022-10-19","K11_高风险":0,"K12_警示":0,"K13_利好":0,"K14_提示":0,"K15_司法风险":0,"K16_工商风险":0,"K17_经营风险":0,"K18_经营状况":0},
{"K01_分组":"数科-教育场景","K02_企业":"长沙达内软件有限公司","K03_监测开始日期":"2022-10-19","K11_高风险":0,"K12_警示":0,"K13_利好":0,"K14_提示":0,"K15_司法风险":0,"K16_工商风险":0,"K17_经营风险":0,"K18_经营状况":0},
{"K01_分组":"数科-教育场景","K02_企业":"长沙芙蓉区蓝途职业培训学校有限公司","K03_监测开始日期":"2022-10-19","K11_高风险":0,"K12_警示":0,"K13_利好":0,"K14_提示":0,"K15_司法风险":0,"K16_工商风险":0,"K17_经营风险":0,"K18_经营状况":0},
{"K01_分组":"数科-教育场景","K02_企业":"长沙国开外贸外语专修学院","K03_监测开始日期":"2022-10-19","K11_高风险":0,"K12_警示":0,"K13_利好":0,"K14_提示":0,"K15_司法风险":0,"K16_工商风险":0,"K17_经营风险":0,"K18_经营状况":0},
{"K01_分组":"数科-教育场景","K02_企业":"长沙牛耳科技有限公司","K03_监测开始日期":"2022-10-19","K11_高风险":0,"K12_警示":0,"K13_利好":0,"K14_提示":0,"K15_司法风险":0,"K16_工商风险":0,"K17_经营风险":0,"K18_经营状况":0},
{"K01_分组":"数科-教育场景","K02_企业":"长沙市岳麓电脑培训学校","K03_监测开始日期":"2022-10-19","K11_高风险":0,"K12_警示":0,"K13_利好":0,"K14_提示":0,"K15_司法风险":0,"K16_工商风险":0,"K17_经营风险":0,"K18_经营状况":0},
{"K01_分组":"数科-教育场景","K02_企业":"成都昂云教育科技有限责任公司","K03_监测开始日期":"2022-10-19","K11_高风险":0,"K12_警示":0,"K13_利好":0,"K14_提示":0,"K15_司法风险":0,"K16_工商风险":0,"K17_经营风险":0,"K18_经营状况":0},
{"K01_分组":"数科-教育场景","K02_企业":"成都达内科技职业技能培训学校","K03_监测开始日期":"2022-10-19","K11_高风险":0,"K12_警示":0,"K13_利好":0,"K14_提示":0,"K15_司法风险":0,"K16_工商风险":0,"K17_经营风险":0,"K18_经营状况":0},
{"K01_分组":"数科-教育场景","K02_企业":"成都汇智动力信息技术有限公司","K03_监测开始日期":"2022-10-19","K11_高风险":0,"K12_警示":0,"K13_利好":0,"K14_提示":1,"K15_司法风险":0,"K16_工商风险":1,"K17_经营风险":0,"K18_经营状况":0},
{"K01_分组":"数科-教育场景","K02_企业":"成都极画教育科技有限公司","K03_监测开始日期":"2022-10-19","K11_高风险":0,"K12_警示":0,"K13_利好":0,"K14_提示":1,"K15_司法风险":0,"K16_工商风险":0,"K17_经营风险":0,"K18_经营状况":1},
{"K01_分组":"数科-教育场景","K02_企业":"成都骄翰天途教育咨询有限公司","K03_监测开始日期":"2022-10-19","K11_高风险":0,"K12_警示":0,"K13_利好":0,"K14_提示":0,"K15_司法风险":0,"K16_工商风险":0,"K17_经营风险":0,"K18_经营状况":0},
{"K01_分组":"数科-教育场景","K02_企业":"成都节节高教育科技有限公司","K03_监测开始日期":"2022-10-19","K11_高风险":0,"K12_警示":0,"K13_利好":1,"K14_提示":0,"K15_司法风险":0,"K16_工商风险":0,"K17_经营风险":0,"K18_经营状况":1},
{"K01_分组":"数科-教育场景","K02_企业":"成都朗沃计算机职业技能培训中心","K03_监测开始日期":"2022-10-19","K11_高风险":0,"K12_警示":0,"K13_利好":0,"K14_提示":0,"K15_司法风险":0,"K16_工商风险":0,"K17_经营风险":0,"K18_经营状况":0},
{"K01_分组":"数科-教育场景","K02_企业":"成都市法赛特科技有限公司","K03_监测开始日期":"2022-10-19","K11_高风险":0,"K12_警示":0,"K13_利好":0,"K14_提示":0,"K15_司法风险":0,"K16_工商风险":0,"K17_经营风险":0,"K18_经营状况":0},
{"K01_分组":"数科-教育场景","K02_企业":"成都市锦江区课得软件职业技能培训学校","K03_监测开始日期":"2022-10-19","K11_高风险":0,"K12_警示":0,"K13_利好":0,"K14_提示":0,"K15_司法风险":0,"K16_工商风险":0,"K17_经营风险":0,"K18_经营状况":0},
{"K01_分组":"数科-教育场景","K02_企业":"成都市锦江区西基王动漫职业技能培训学校","K03_监测开始日期":"2022-10-19","K11_高风险":0,"K12_警示":0,"K13_利好":0,"K14_提示":0,"K15_司法风险":0,"K16_工商风险":0,"K17_经营风险":0,"K18_经营状况":0},
{"K01_分组":"数科-教育场景","K02_企业":"成都市万息科技有限公司","K03_监测开始日期":"2022-10-19","K11_高风险":0,"K12_警示":0,"K13_利好":0,"K14_提示":0,"K15_司法风险":0,"K16_工商风险":0,"K17_经营风险":0,"K18_经营状况":0},
{"K01_分组":"数科-教育场景","K02_企业":"成都双晨传奇科技有限公司","K03_监测开始日期":"2022-10-19","K11_高风险":0,"K12_警示":0,"K13_利好":0,"K14_提示":0,"K15_司法风险":0,"K16_工商风险":0,"K17_经营风险":0,"K18_经营状况":0},
{"K01_分组":"数科-教育场景","K02_企业":"成都完美动力科技有限公司","K03_监测开始日期":"2022-10-19","K11_高风险":0,"K12_警示":0,"K13_利好":0,"K14_提示":0,"K15_司法风险":0,"K16_工商风险":0,"K17_经营风险":0,"K18_经营状况":0},
{"K01_分组":"数科-教育场景","K02_企业":"成都蜗牛创想教育科技有限公司","K03_监测开始日期":"2022-10-19","K11_高风险":0,"K12_警示":0,"K13_利好":0,"K14_提示":0,"K15_司法风险":0,"K16_工商风险":0,"K17_经营风险":0,"K18_经营状况":0},
{"K01_分组":"数科-教育场景","K02_企业":"成都蜗牛创想科技有限公司","K03_监测开始日期":"2022-10-19","K11_高风险":0,"K12_警示":0,"K13_利好":0,"K14_提示":0,"K15_司法风险":0,"K16_工商风险":0,"K17_经营风险":0,"K18_经营状况":0},
{"K01_分组":"数科-教育场景","K02_企业":"成都优美西点教育科技有限公司","K03_监测开始日期":"2022-10-19","K11_高风险":0,"K12_警示":0,"K13_利好":0,"K14_提示":1,"K15_司法风险":0,"K16_工商风险":1,"K17_经营风险":0,"K18_经营状况":0},
{"K01_分组":"数科-教育场景","K02_企业":"成都源代码教育咨询有限公司","K03_监测开始日期":"2022-10-19","K11_高风险":0,"K12_警示":0,"K13_利好":0,"K14_提示":0,"K15_司法风险":0,"K16_工商风险":0,"K17_经营风险":0,"K18_经营状况":0},
{"K01_分组":"数科-教育场景","K02_企业":"达内时代科技集团有限公司","K03_监测开始日期":"2022-10-19","K11_高风险":0,"K12_警示":3,"K13_利好":0,"K14_提示":0,"K15_司法风险":3,"K16_工商风险":0,"K17_经营风险":0,"K18_经营状况":0},
{"K01_分组":"数科-教育场景","K02_企业":"大连东软软件人才培训中心","K03_监测开始日期":"2022-10-19","K11_高风险":0,"K12_警示":0,"K13_利好":0,"K14_提示":1,"K15_司法风险":0,"K16_工商风险":0,"K17_经营风险":0,"K18_经营状况":1},
{"K01_分组":"数科-教育场景","K02_企业":"大连知润信息科技有限公司","K03_监测开始日期":"2022-10-19","K11_高风险":0,"K12_警示":0,"K13_利好":0,"K14_提示":0,"K15_司法风险":0,"K16_工商风险":0,"K17_经营风险":0,"K18_经营状况":0},
{"K01_分组":"数科-教育场景","K02_企业":"大连中软卓越计算机培训中心","K03_监测开始日期":"2022-10-19","K11_高风险":0,"K12_警示":0,"K13_利好":0,"K14_提示":0,"K15_司法风险":0,"K16_工商风险":0,"K17_经营风险":0,"K18_经营状况":0},
{"K01_分组":"数科-教育场景","K02_企业":"东方瑞通（北京）咨询服务有限公司","K03_监测开始日期":"2022-10-19","K11_高风险":0,"K12_警示":0,"K13_利好":0,"K14_提示":4,"K15_司法风险":0,"K16_工商风险":0,"K17_经营风险":0,"K18_经营状况":4},
{"K01_分组":"数科-教育场景","K02_企业":"东科创想教育科技（北京）有限公司","K03_监测开始日期":"2022-10-19","K11_高风险":0,"K12_警示":0,"K13_利好":1,"K14_提示":0,"K15_司法风险":0,"K16_工商风险":0,"K17_经营风险":0,"K18_经营状况":1},
{"K01_分组":"数科-教育场景","K02_企业":"阁瑞钛伦特软件（北京）有限公司","K03_监测开始日期":"2022-10-19","K11_高风险":0,"K12_警示":0,"K13_利好":0,"K14_提示":2,"K15_司法风险":0,"K16_工商风险":2,"K17_经营风险":0,"K18_经营状况":0},
{"K01_分组":"数科-教育场景","K02_企业":"广州东方标准人才服务有限公司","K03_监测开始日期":"2022-10-19","K11_高风险":0,"K12_警示":2,"K13_利好":0,"K14_提示":0,"K15_司法风险":2,"K16_工商风险":0,"K17_经营风险":0,"K18_经营状况":0},
{"K01_分组":"数科-教育场景","K02_企业":"广州开新文化科技有限公司","K03_监测开始日期":"2022-10-19","K11_高风险":0,"K12_警示":0,"K13_利好":0,"K14_提示":0,"K15_司法风险":0,"K16_工商风险":0,"K17_经营风险":0,"K18_经营状况":0},
{"K01_分组":"数科-教育场景","K02_企业":"广州蓝景信息技术有限公司","K03_监测开始日期":"2022-10-19","K11_高风险":0,"K12_警示":0,"K13_利好":0,"K14_提示":0,"K15_司法风险":0,"K16_工商风险":0,"K17_经营风险":0,"K18_经营状况":0},
{"K01_分组":"数科-教育场景","K02_企业":"广州狼码教育科技有限公司","K03_监测开始日期":"2022-10-19","K11_高风险":0,"K12_警示":0,"K13_利好":3,"K14_提示":0,"K15_司法风险":0,"K16_工商风险":0,"K17_经营风险":0,"K18_经营状况":3},
{"K01_分组":"数科-教育场景","K02_企业":"广州名动教育咨询有限公司","K03_监测开始日期":"2022-10-19","K11_高风险":0,"K12_警示":0,"K13_利好":0,"K14_提示":0,"K15_司法风险":0,"K16_工商风险":0,"K17_经营风险":0,"K18_经营状况":0},
{"K01_分组":"数科-教育场景","K02_企业":"广州尚观信息科技有限公司","K03_监测开始日期":"2022-10-19","K11_高风险":0,"K12_警示":0,"K13_利好":0,"K14_提示":0,"K15_司法风险":0,"K16_工商风险":0,"K17_经营风险":0,"K18_经营状况":0},
{"K01_分组":"数科-教育场景","K02_企业":"广州市博睿微科信息技术有限公司","K03_监测开始日期":"2022-10-19","K11_高风险":0,"K12_警示":0,"K13_利好":0,"K14_提示":0,"K15_司法风险":0,"K16_工商风险":0,"K17_经营风险":0,"K18_经营状况":0},
{"K01_分组":"数科-教育场景","K02_企业":"广州市东软软件人才职业培训学校","K03_监测开始日期":"2022-10-19","K11_高风险":0,"K12_警示":0,"K13_利好":0,"K14_提示":1,"K15_司法风险":0,"K16_工商风险":0,"K17_经营风险":0,"K18_经营状况":1},
{"K01_分组":"数科-教育场景","K02_企业":"广州市王氏教育科技有限公司","K03_监测开始日期":"2022-10-19","K11_高风险":0,"K12_警示":0,"K13_利好":0,"K14_提示":0,"K15_司法风险":0,"K16_工商风险":0,"K17_经营风险":0,"K18_经营状况":0},
{"K01_分组":"数科-教育场景","K02_企业":"广州数境教育科技有限公司","K03_监测开始日期":"2022-10-19","K11_高风险":0,"K12_警示":0,"K13_利好":0,"K14_提示":0,"K15_司法风险":0,"K16_工商风险":0,"K17_经营风险":0,"K18_经营状况":0},
{"K01_分组":"数科-教育场景","K02_企业":"广州粤嵌通信科技股份有限公司","K03_监测开始日期":"2022-10-19","K11_高风险":0,"K12_警示":1,"K13_利好":0,"K14_提示":2,"K15_司法风险":1,"K16_工商风险":0,"K17_经营风险":0,"K18_经营状况":2},
{"K01_分组":"数科-教育场景","K02_企业":"广州中教在线信息技术科技有限公司","K03_监测开始日期":"2022-10-19","K11_高风险":0,"K12_警示":1,"K13_利好":1,"K14_提示":0,"K15_司法风险":1,"K16_工商风险":0,"K17_经营风险":0,"K18_经营状况":1},
{"K01_分组":"数科-教育场景","K02_企业":"哈尔滨智云科技开发有限公司","K03_监测开始日期":"2022-10-19","K11_高风险":0,"K12_警示":0,"K13_利好":0,"K14_提示":0,"K15_司法风险":0,"K16_工商风险":0,"K17_经营风险":0,"K18_经营状况":0},
{"K01_分组":"数科-教育场景","K02_企业":"哈尔滨中软睿达科技有限公司","K03_监测开始日期":"2022-10-19","K11_高风险":0,"K12_警示":0,"K13_利好":0,"K14_提示":0,"K15_司法风险":0,"K16_工商风险":0,"K17_经营风险":0,"K18_经营状况":0},
{"K01_分组":"数科-教育场景","K02_企业":"杭州达内为上软件有限公司","K03_监测开始日期":"2022-10-19","K11_高风险":0,"K12_警示":0,"K13_利好":0,"K14_提示":0,"K15_司法风险":0,"K16_工商风险":0,"K17_经营风险":0,"K18_经营状况":0},
{"K01_分组":"数科-教育场景","K02_企业":"杭州迈锐特信息技术有限公司","K03_监测开始日期":"2022-10-19","K11_高风险":0,"K12_警示":0,"K13_利好":0,"K14_提示":0,"K15_司法风险":0,"K16_工商风险":0,"K17_经营风险":0,"K18_经营状况":0},
{"K01_分组":"数科-教育场景","K02_企业":"杭州魅可化妆摄影有限公司","K03_监测开始日期":"2022-10-19","K11_高风险":0,"K12_警示":0,"K13_利好":0,"K14_提示":2,"K15_司法风险":0,"K16_工商风险":2,"K17_经营风险":0,"K18_经营状况":0},
{"K01_分组":"数科-教育场景","K02_企业":"杭州新影科技有限公司","K03_监测开始日期":"2022-10-19","K11_高风险":0,"K12_警示":0,"K13_利好":0,"K14_提示":0,"K15_司法风险":0,"K16_工商风险":0,"K17_经营风险":0,"K18_经营状况":0},
{"K01_分组":"数科-教育场景","K02_企业":"杭州指针信息技术有限公司","K03_监测开始日期":"2022-10-19","K11_高风险":0,"K12_警示":0,"K13_利好":0,"K14_提示":0,"K15_司法风险":0,"K16_工商风险":0,"K17_经营风险":0,"K18_经营状况":0},
{"K01_分组":"数科-教育场景","K02_企业":"合肥宝德网络技术有限公司","K03_监测开始日期":"2022-10-19","K11_高风险":0,"K12_警示":0,"K13_利好":0,"K14_提示":0,"K15_司法风险":0,"K16_工商风险":0,"K17_经营风险":0,"K18_经营状况":0},
{"K01_分组":"数科-教育场景","K02_企业":"合肥一元教育咨询有限公司","K03_监测开始日期":"2022-10-19","K11_高风险":0,"K12_警示":0,"K13_利好":0,"K14_提示":0,"K15_司法风险":0,"K16_工商风险":0,"K17_经营风险":0,"K18_经营状况":0},
{"K01_分组":"数科-教育场景","K02_企业":"河北保尔信息技术有限公司","K03_监测开始日期":"2022-10-19","K11_高风险":0,"K12_警示":0,"K13_利好":0,"K14_提示":0,"K15_司法风险":0,"K16_工商风险":0,"K17_经营风险":0,"K18_经营状况":0},
{"K01_分组":"数科-教育场景","K02_企业":"河北鲸图教育科技有限公司","K03_监测开始日期":"2022-10-19","K11_高风险":0,"K12_警示":0,"K13_利好":0,"K14_提示":0,"K15_司法风险":0,"K16_工商风险":0,"K17_经营风险":0,"K18_经营状况":0},
{"K01_分组":"数科-教育场景","K02_企业":"河北人通科技有限公司","K03_监测开始日期":"2022-10-19","K11_高风险":0,"K12_警示":0,"K13_利好":0,"K14_提示":0,"K15_司法风险":0,"K16_工商风险":0,"K17_经营风险":0,"K18_经营状况":0},
{"K01_分组":"数科-教育场景","K02_企业":"河北尚石文化传媒有限公司","K03_监测开始日期":"2022-10-19","K11_高风险":0,"K12_警示":0,"K13_利好":0,"K14_提示":0,"K15_司法风险":0,"K16_工商风险":0,"K17_经营风险":0,"K18_经营状况":0},
{"K01_分组":"数科-教育场景","K02_企业":"河南华杉信息技术有限公司","K03_监测开始日期":"2022-10-19","K11_高风险":0,"K12_警示":0,"K13_利好":0,"K14_提示":0,"K15_司法风险":0,"K16_工商风险":0,"K17_经营风险":0,"K18_经营状况":0},
{"K01_分组":"数科-教育场景","K02_企业":"河南慧点信息科技有限公司","K03_监测开始日期":"2022-10-19","K11_高风险":1,"K12_警示":0,"K13_利好":0,"K14_提示":0,"K15_司法风险":1,"K16_工商风险":0,"K17_经营风险":0,"K18_经营状况":0},
{"K01_分组":"数科-教育场景","K02_企业":"河南蓝鸥科技有限公司","K03_监测开始日期":"2022-10-19","K11_高风险":0,"K12_警示":0,"K13_利好":0,"K14_提示":0,"K15_司法风险":0,"K16_工商风险":0,"K17_经营风险":0,"K18_经营状况":0},
{"K01_分组":"数科-教育场景","K02_企业":"河南漫动者教育信息咨询有限公司","K03_监测开始日期":"2022-10-19","K11_高风险":0,"K12_警示":0,"K13_利好":0,"K14_提示":0,"K15_司法风险":0,"K16_工商风险":0,"K17_经营风险":0,"K18_经营状况":0},
{"K01_分组":"数科-教育场景","K02_企业":"河南奇酷网络工程有限公司","K03_监测开始日期":"2022-10-19","K11_高风险":0,"K12_警示":0,"K13_利好":0,"K14_提示":0,"K15_司法风险":0,"K16_工商风险":0,"K17_经营风险":0,"K18_经营状况":0},
{"K01_分组":"数科-教育场景","K02_企业":"河南永威信息科技有限公司","K03_监测开始日期":"2022-10-19","K11_高风险":0,"K12_警示":0,"K13_利好":0,"K14_提示":0,"K15_司法风险":0,"K16_工商风险":0,"K17_经营风险":0,"K18_经营状况":0},
{"K01_分组":"数科-教育场景","K02_企业":"河南源之点信息技术有限公司","K03_监测开始日期":"2022-10-19","K11_高风险":0,"K12_警示":0,"K13_利好":0,"K14_提示":0,"K15_司法风险":0,"K16_工商风险":0,"K17_经营风险":0,"K18_经营状况":0},
{"K01_分组":"数科-教育场景","K02_企业":"河南云和数据信息技术有限公司","K03_监测开始日期":"2022-10-19","K11_高风险":0,"K12_警示":0,"K13_利好":0,"K14_提示":1,"K15_司法风险":0,"K16_工商风险":0,"K17_经营风险":0,"K18_经营状况":1},
{"K01_分组":"数科-教育场景","K02_企业":"河南卓智教育科技研究院","K03_监测开始日期":"2022-10-19","K11_高风险":0,"K12_警示":0,"K13_利好":0,"K14_提示":0,"K15_司法风险":0,"K16_工商风险":0,"K17_经营风险":0,"K18_经营状况":0},
{"K01_分组":"数科-教育场景","K02_企业":"黑龙江省信息港云科技有限公司","K03_监测开始日期":"2022-10-19","K11_高风险":0,"K12_警示":0,"K13_利好":0,"K14_提示":0,"K15_司法风险":0,"K16_工商风险":0,"K17_经营风险":0,"K18_经营状况":0},
{"K01_分组":"数科-教育场景","K02_企业":"弘成科技发展有限公司","K03_监测开始日期":"2022-10-19","K11_高风险":0,"K12_警示":0,"K13_利好":1,"K14_提示":11,"K15_司法风险":0,"K16_工商风险":0,"K17_经营风险":0,"K18_经营状况":12},
{"K01_分组":"数科-教育场景","K02_企业":"湖北漫动者职业培训学校","K03_监测开始日期":"2022-10-19","K11_高风险":0,"K12_警示":0,"K13_利好":0,"K14_提示":0,"K15_司法风险":0,"K16_工商风险":0,"K17_经营风险":0,"K18_经营状况":0},
{"K01_分组":"数科-教育场景","K02_企业":"湖北省软帝职业培训学校","K03_监测开始日期":"2022-10-19","K11_高风险":0,"K12_警示":0,"K13_利好":0,"K14_提示":0,"K15_司法风险":0,"K16_工商风险":0,"K17_经营风险":0,"K18_经营状况":0},
{"K01_分组":"数科-教育场景","K02_企业":"湖北源码时代教育科技有限公司","K03_监测开始日期":"2022-10-19","K11_高风险":0,"K12_警示":0,"K13_利好":0,"K14_提示":0,"K15_司法风险":0,"K16_工商风险":0,"K17_经营风险":0,"K18_经营状况":0},
{"K01_分组":"数科-教育场景","K02_企业":"湖南硅谷创新技术有限公司","K03_监测开始日期":"2022-10-19","K11_高风险":0,"K12_警示":0,"K13_利好":0,"K14_提示":0,"K15_司法风险":0,"K16_工商风险":0,"K17_经营风险":0,"K18_经营状况":0},
{"K01_分组":"数科-教育场景","K02_企业":"湖南硅谷数科信息技术有限公司","K03_监测开始日期":"2022-10-19","K11_高风险":0,"K12_警示":0,"K13_利好":0,"K14_提示":0,"K15_司法风险":0,"K16_工商风险":0,"K17_经营风险":0,"K18_经营状况":0},
{"K01_分组":"数科-教育场景","K02_企业":"湖南七分传媒有限公司","K03_监测开始日期":"2022-10-19","K11_高风险":0,"K12_警示":0,"K13_利好":0,"K14_提示":0,"K15_司法风险":0,"K16_工商风险":0,"K17_经营风险":0,"K18_经营状况":0},
{"K01_分组":"数科-教育场景","K02_企业":"湖南青云直上教育科技有限公司","K03_监测开始日期":"2022-10-19","K11_高风险":0,"K12_警示":0,"K13_利好":0,"K14_提示":0,"K15_司法风险":0,"K16_工商风险":0,"K17_经营风险":0,"K18_经营状况":0},
{"K01_分组":"数科-教育场景","K02_企业":"湖南天合智造文化传媒有限公司","K03_监测开始日期":"2022-10-19","K11_高风险":0,"K12_警示":1,"K13_利好":0,"K14_提示":1,"K15_司法风险":1,"K16_工商风险":1,"K17_经营风险":0,"K18_经营状况":0},
{"K01_分组":"数科-教育场景","K02_企业":"湖南万树信息技术有限公司","K03_监测开始日期":"2022-10-19","K11_高风险":0,"K12_警示":0,"K13_利好":0,"K14_提示":0,"K15_司法风险":0,"K16_工商风险":0,"K17_经营风险":0,"K18_经营状况":0},
{"K01_分组":"数科-教育场景","K02_企业":"湖南众填教育科技有限公司","K03_监测开始日期":"2022-10-19","K11_高风险":0,"K12_警示":0,"K13_利好":0,"K14_提示":1,"K15_司法风险":0,"K16_工商风险":1,"K17_经营风险":0,"K18_经营状况":0},
{"K01_分组":"数科-教育场景","K02_企业":"汇智动力（重庆）信息技术有限公司","K03_监测开始日期":"2022-10-19","K11_高风险":0,"K12_警示":0,"K13_利好":0,"K14_提示":0,"K15_司法风险":0,"K16_工商风险":0,"K17_经营风险":0,"K18_经营状况":0},
{"K01_分组":"数科-教育场景","K02_企业":"济南莱牛信息科技有限公司","K03_监测开始日期":"2022-10-19","K11_高风险":0,"K12_警示":0,"K13_利好":0,"K14_提示":0,"K15_司法风险":0,"K16_工商风险":0,"K17_经营风险":0,"K18_经营状况":0},
{"K01_分组":"数科-教育场景","K02_企业":"济南市历下区达内教育培训学校","K03_监测开始日期":"2022-10-19","K11_高风险":0,"K12_警示":0,"K13_利好":0,"K14_提示":0,"K15_司法风险":0,"K16_工商风险":0,"K17_经营风险":0,"K18_经营状况":0},
{"K01_分组":"数科-教育场景","K02_企业":"江苏豪之诺软件科技有限公司","K03_监测开始日期":"2022-10-19","K11_高风险":0,"K12_警示":0,"K13_利好":0,"K14_提示":0,"K15_司法风险":0,"K16_工商风险":0,"K17_经营风险":0,"K18_经营状况":0},
{"K01_分组":"数科-教育场景","K02_企业":"江苏万和系统工程有限公司","K03_监测开始日期":"2022-10-19","K11_高风险":0,"K12_警示":0,"K13_利好":0,"K14_提示":0,"K15_司法风险":0,"K16_工商风险":0,"K17_经营风险":0,"K18_经营状况":0},
{"K01_分组":"数科-教育场景","K02_企业":"江西省奥达教育咨询有限公司","K03_监测开始日期":"2022-10-19","K11_高风险":0,"K12_警示":0,"K13_利好":0,"K14_提示":0,"K15_司法风险":0,"K16_工商风险":0,"K17_经营风险":0,"K18_经营状况":0},
{"K01_分组":"数科-教育场景","K02_企业":"江西思诚科技有限公司","K03_监测开始日期":"2022-10-19","K11_高风险":0,"K12_警示":0,"K13_利好":0,"K14_提示":0,"K15_司法风险":0,"K16_工商风险":0,"K17_经营风险":0,"K18_经营状况":0},
{"K01_分组":"数科-教育场景","K02_企业":"江西朝腾教育科技有限公司","K03_监测开始日期":"2022-10-19","K11_高风险":0,"K12_警示":0,"K13_利好":0,"K14_提示":1,"K15_司法风险":0,"K16_工商风险":0,"K17_经营风险":0,"K18_经营状况":1},
{"K01_分组":"数科-教育场景","K02_企业":"昆明市保育员养老护理员职业培训学校","K03_监测开始日期":"2022-10-19","K11_高风险":0,"K12_警示":0,"K13_利好":0,"K14_提示":1,"K15_司法风险":0,"K16_工商风险":0,"K17_经营风险":0,"K18_经营状况":1},
{"K01_分组":"数科-教育场景","K02_企业":"马士兵（北京）教育科技有限公司","K03_监测开始日期":"2022-10-19","K11_高风险":0,"K12_警示":0,"K13_利好":0,"K14_提示":0,"K15_司法风险":0,"K16_工商风险":0,"K17_经营风险":0,"K18_经营状况":0},
{"K01_分组":"数科-教育场景","K02_企业":"磨金石（济南）教育科技有限公司","K03_监测开始日期":"2022-10-19","K11_高风险":0,"K12_警示":0,"K13_利好":0,"K14_提示":1,"K15_司法风险":0,"K16_工商风险":0,"K17_经营风险":0,"K18_经营状况":1},
{"K01_分组":"数科-教育场景","K02_企业":"南京艾瑞智赢信息技术有限公司","K03_监测开始日期":"2022-10-19","K11_高风险":0,"K12_警示":0,"K13_利好":0,"K14_提示":0,"K15_司法风险":0,"K16_工商风险":0,"K17_经营风险":0,"K18_经营状况":0},
{"K01_分组":"数科-教育场景","K02_企业":"南京达内才高科技培训有限责任公司","K03_监测开始日期":"2022-10-19","K11_高风险":0,"K12_警示":0,"K13_利好":0,"K14_提示":0,"K15_司法风险":0,"K16_工商风险":0,"K17_经营风险":0,"K18_经营状况":0},
{"K01_分组":"数科-教育场景","K02_企业":"南京科迅培训有限公司","K03_监测开始日期":"2022-10-19","K11_高风险":0,"K12_警示":0,"K13_利好":0,"K14_提示":0,"K15_司法风险":0,"K16_工商风险":0,"K17_经营风险":0,"K18_经营状况":0},
{"K01_分组":"数科-教育场景","K02_企业":"南京浅蓝信息技术有限公司","K03_监测开始日期":"2022-10-19","K11_高风险":0,"K12_警示":0,"K13_利好":0,"K14_提示":0,"K15_司法风险":0,"K16_工商风险":0,"K17_经营风险":0,"K18_经营状况":0},
{"K01_分组":"数科-教育场景","K02_企业":"南京市艾瑞职业培训学校","K03_监测开始日期":"2022-10-19","K11_高风险":0,"K12_警示":0,"K13_利好":0,"K14_提示":0,"K15_司法风险":0,"K16_工商风险":0,"K17_经营风险":0,"K18_经营状况":0},
{"K01_分组":"数科-教育场景","K02_企业":"南京市完美动力动画职业培训学校","K03_监测开始日期":"2022-10-19","K11_高风险":0,"K12_警示":0,"K13_利好":0,"K14_提示":0,"K15_司法风险":0,"K16_工商风险":0,"K17_经营风险":0,"K18_经营状况":0},
{"K01_分组":"数科-教育场景","K02_企业":"南京市网博优壹职业培训学校","K03_监测开始日期":"2022-10-19","K11_高风险":0,"K12_警示":0,"K13_利好":0,"K14_提示":0,"K15_司法风险":0,"K16_工商风险":0,"K17_经营风险":0,"K18_经营状况":0},
{"K01_分组":"数科-教育场景","K02_企业":"南京西基王动漫设计有限公司","K03_监测开始日期":"2022-10-19","K11_高风险":0,"K12_警示":0,"K13_利好":0,"K14_提示":0,"K15_司法风险":0,"K16_工商风险":0,"K17_经营风险":0,"K18_经营状况":0},
{"K01_分组":"数科-教育场景","K02_企业":"南京协同职业培训中心","K03_监测开始日期":"2022-10-19","K11_高风险":0,"K12_警示":0,"K13_利好":0,"K14_提示":0,"K15_司法风险":0,"K16_工商风险":0,"K17_经营风险":0,"K18_经营状况":0},
{"K01_分组":"数科-教育场景","K02_企业":"南京信盈达电子技术有限公司","K03_监测开始日期":"2022-10-19","K11_高风险":0,"K12_警示":0,"K13_利好":0,"K14_提示":0,"K15_司法风险":0,"K16_工商风险":0,"K17_经营风险":0,"K18_经营状况":0},
{"K01_分组":"数科-教育场景","K02_企业":"南京学码思教育科技有限公司","K03_监测开始日期":"2022-10-19","K11_高风险":0,"K12_警示":0,"K13_利好":0,"K14_提示":0,"K15_司法风险":0,"K16_工商风险":0,"K17_经营风险":0,"K18_经营状况":0},
{"K01_分组":"数科-教育场景","K02_企业":"南京优奈特信息科技有限公司","K03_监测开始日期":"2022-10-19","K11_高风险":0,"K12_警示":0,"K13_利好":0,"K14_提示":0,"K15_司法风险":0,"K16_工商风险":0,"K17_经营风险":0,"K18_经营状况":0},
{"K01_分组":"数科-教育场景","K02_企业":"南京中博职业培训学校","K03_监测开始日期":"2022-10-19","K11_高风险":0,"K12_警示":0,"K13_利好":0,"K14_提示":0,"K15_司法风险":0,"K16_工商风险":0,"K17_经营风险":0,"K18_经营状况":0},
{"K01_分组":"数科-教育场景","K02_企业":"南宁臻蓝网络科技有限公司","K03_监测开始日期":"2022-10-19","K11_高风险":0,"K12_警示":0,"K13_利好":0,"K14_提示":0,"K15_司法风险":0,"K16_工商风险":0,"K17_经营风险":0,"K18_经营状况":0},
{"K01_分组":"数科-教育场景","K02_企业":"启帆（深圳）科创服务有限公司","K03_监测开始日期":"2022-10-19","K11_高风险":0,"K12_警示":0,"K13_利好":0,"K14_提示":0,"K15_司法风险":0,"K16_工商风险":0,"K17_经营风险":0,"K18_经营状况":0},
{"K01_分组":"数科-教育场景","K02_企业":"青岛百杉软件科技有限公司","K03_监测开始日期":"2022-10-19","K11_高风险":0,"K12_警示":0,"K13_利好":0,"K14_提示":0,"K15_司法风险":0,"K16_工商风险":0,"K17_经营风险":0,"K18_经营状况":0},
{"K01_分组":"数科-教育场景","K02_企业":"青岛达内职业培训学校","K03_监测开始日期":"2022-10-19","K11_高风险":0,"K12_警示":0,"K13_利好":0,"K14_提示":0,"K15_司法风险":0,"K16_工商风险":0,"K17_经营风险":0,"K18_经营状况":0},
{"K01_分组":"数科-教育场景","K02_企业":"青岛莱牛计算机软件培训学校","K03_监测开始日期":"2022-10-19","K11_高风险":0,"K12_警示":0,"K13_利好":0,"K14_提示":0,"K15_司法风险":0,"K16_工商风险":0,"K17_经营风险":0,"K18_经营状况":0},
{"K01_分组":"数科-教育场景","K02_企业":"青岛莱牛教育有限公司","K03_监测开始日期":"2022-10-19","K11_高风险":0,"K12_警示":0,"K13_利好":0,"K14_提示":0,"K15_司法风险":0,"K16_工商风险":0,"K17_经营风险":0,"K18_经营状况":0},
{"K01_分组":"数科-教育场景","K02_企业":"青岛思途世纪教育科技有限公司","K03_监测开始日期":"2022-10-19","K11_高风险":0,"K12_警示":0,"K13_利好":0,"K14_提示":0,"K15_司法风险":0,"K16_工商风险":0,"K17_经营风险":0,"K18_经营状况":0},
{"K01_分组":"数科-教育场景","K02_企业":"青岛完美动力数字科技有限公司","K03_监测开始日期":"2022-10-19","K11_高风险":0,"K12_警示":0,"K13_利好":0,"K14_提示":0,"K15_司法风险":0,"K16_工商风险":0,"K17_经营风险":0,"K18_经营状况":0},
{"K01_分组":"数科-教育场景","K02_企业":"厦门触控未来科技有限公司","K03_监测开始日期":"2022-10-19","K11_高风险":0,"K12_警示":0,"K13_利好":0,"K14_提示":2,"K15_司法风险":0,"K16_工商风险":2,"K17_经营风险":0,"K18_经营状况":0},
{"K01_分组":"数科-教育场景","K02_企业":"厦门西基王教育科技有限公司","K03_监测开始日期":"2022-10-19","K11_高风险":0,"K12_警示":0,"K13_利好":0,"K14_提示":0,"K15_司法风险":0,"K16_工商风险":0,"K17_经营风险":0,"K18_经营状况":0},
{"K01_分组":"数科-教育场景","K02_企业":"厦门中软卓越教育科技有限公司","K03_监测开始日期":"2022-10-19","K11_高风险":0,"K12_警示":0,"K13_利好":0,"K14_提示":0,"K15_司法风险":0,"K16_工商风险":0,"K17_经营风险":0,"K18_经营状况":0},
{"K01_分组":"数科-教育场景","K02_企业":"山东浪曦信息技术有限公司","K03_监测开始日期":"2022-10-19","K11_高风险":0,"K12_警示":0,"K13_利好":0,"K14_提示":0,"K15_司法风险":0,"K16_工商风险":0,"K17_经营风险":0,"K18_经营状况":0},
{"K01_分组":"数科-教育场景","K02_企业":"山东万德礼数据科技有限公司","K03_监测开始日期":"2022-10-19","K11_高风险":0,"K12_警示":0,"K13_利好":0,"K14_提示":0,"K15_司法风险":0,"K16_工商风险":0,"K17_经营风险":0,"K18_经营状况":0},
{"K01_分组":"数科-教育场景","K02_企业":"山东中鲨数字科技有限公司","K03_监测开始日期":"2022-10-19","K11_高风险":0,"K12_警示":0,"K13_利好":8,"K14_提示":0,"K15_司法风险":0,"K16_工商风险":0,"K17_经营风险":0,"K18_经营状况":8},
{"K01_分组":"数科-教育场景","K02_企业":"山西精英荟教育科技有限公司","K03_监测开始日期":"2022-10-19","K11_高风险":0,"K12_警示":0,"K13_利好":0,"K14_提示":0,"K15_司法风险":0,"K16_工商风险":0,"K17_经营风险":0,"K18_经营状况":0},
{"K01_分组":"数科-教育场景","K02_企业":"山西美线天际商贸有限公司","K03_监测开始日期":"2022-10-19","K11_高风险":0,"K12_警示":0,"K13_利好":0,"K14_提示":0,"K15_司法风险":0,"K16_工商风险":0,"K17_经营风险":0,"K18_经营状况":0},
{"K01_分组":"数科-教育场景","K02_企业":"山西信思智学教育科技有限公司","K03_监测开始日期":"2022-10-19","K11_高风险":0,"K12_警示":0,"K13_利好":0,"K14_提示":2,"K15_司法风险":0,"K16_工商风险":0,"K17_经营风险":0,"K18_经营状况":2},
{"K01_分组":"数科-教育场景","K02_企业":"山西优逸客科技有限公司","K03_监测开始日期":"2022-10-19","K11_高风险":0,"K12_警示":0,"K13_利好":0,"K14_提示":0,"K15_司法风险":0,"K16_工商风险":0,"K17_经营风险":0,"K18_经营状况":0},
{"K01_分组":"数科-教育场景","K02_企业":"上海尚硅教育科技有限公司","K03_监测开始日期":"2022-10-19","K11_高风险":0,"K12_警示":0,"K13_利好":0,"K14_提示":0,"K15_司法风险":0,"K16_工商风险":0,"K17_经营风险":0,"K18_经营状况":0},
{"K01_分组":"数科-教育场景","K02_企业":"上海尚学堂智能科技有限公司","K03_监测开始日期":"2022-10-19","K11_高风险":0,"K12_警示":0,"K13_利好":0,"K14_提示":0,"K15_司法风险":0,"K16_工商风险":0,"K17_经营风险":0,"K18_经营状况":0},
{"K01_分组":"数科-教育场景","K02_企业":"上海新魁教育科技有限公司","K03_监测开始日期":"2022-10-19","K11_高风险":0,"K12_警示":0,"K13_利好":0,"K14_提示":0,"K15_司法风险":0,"K16_工商风险":0,"K17_经营风险":0,"K18_经营状况":0},
{"K01_分组":"数科-教育场景","K02_企业":"上海新猿教育科技有限公司","K03_监测开始日期":"2022-10-19","K11_高风险":0,"K12_警示":0,"K13_利好":0,"K14_提示":0,"K15_司法风险":0,"K16_工商风险":0,"K17_经营风险":0,"K18_经营状况":0},
{"K01_分组":"数科-教育场景","K02_企业":"上海怡胜信息科技有限公司","K03_监测开始日期":"2022-10-19","K11_高风险":0,"K12_警示":0,"K13_利好":0,"K14_提示":0,"K15_司法风险":0,"K16_工商风险":0,"K17_经营风险":0,"K18_经营状况":0},
{"K01_分组":"数科-教育场景","K02_企业":"深圳创视界网络科技有限公司","K03_监测开始日期":"2022-10-19","K11_高风险":0,"K12_警示":0,"K13_利好":0,"K14_提示":0,"K15_司法风险":0,"K16_工商风险":0,"K17_经营风险":0,"K18_经营状况":0},
{"K01_分组":"数科-教育场景","K02_企业":"深圳尚云科信息技术有限公司","K03_监测开始日期":"2022-10-19","K11_高风险":0,"K12_警示":0,"K13_利好":0,"K14_提示":0,"K15_司法风险":0,"K16_工商风险":0,"K17_经营风险":0,"K18_经营状况":0},
{"K01_分组":"数科-教育场景","K02_企业":"深圳市百年智创新科技有限公司","K03_监测开始日期":"2022-10-19","K11_高风险":0,"K12_警示":0,"K13_利好":0,"K14_提示":1,"K15_司法风险":0,"K16_工商风险":0,"K17_经营风险":0,"K18_经营状况":1},
{"K01_分组":"数科-教育场景","K02_企业":"深圳市晟程华科教育科技有限公司","K03_监测开始日期":"2022-10-19","K11_高风险":0,"K12_警示":0,"K13_利好":0,"K14_提示":0,"K15_司法风险":0,"K16_工商风险":0,"K17_经营风险":0,"K18_经营状况":0},
{"K01_分组":"数科-教育场景","K02_企业":"深圳市点时创新科技有限公司","K03_监测开始日期":"2022-10-19","K11_高风险":0,"K12_警示":0,"K13_利好":0,"K14_提示":0,"K15_司法风险":0,"K16_工商风险":0,"K17_经营风险":0,"K18_经营状况":0},
{"K01_分组":"数科-教育场景","K02_企业":"深圳市乐科信息技术有限公司","K03_监测开始日期":"2022-10-19","K11_高风险":0,"K12_警示":0,"K13_利好":0,"K14_提示":0,"K15_司法风险":0,"K16_工商风险":0,"K17_经营风险":0,"K18_经营状况":0},
{"K01_分组":"数科-教育场景","K02_企业":"深圳市龙华区育鹏职业技能培训学校","K03_监测开始日期":"2022-10-19","K11_高风险":0,"K12_警示":0,"K13_利好":0,"K14_提示":0,"K15_司法风险":0,"K16_工商风险":0,"K17_经营风险":0,"K18_经营状况":0},
{"K01_分组":"数科-教育场景","K02_企业":"深圳市漫动者教育科技有限公司","K03_监测开始日期":"2022-10-19","K11_高风险":1,"K12_警示":0,"K13_利好":0,"K14_提示":0,"K15_司法风险":0,"K16_工商风险":0,"K17_经营风险":1,"K18_经营状况":0},
{"K01_分组":"数科-教育场景","K02_企业":"深圳市善城信友网络科技有限公司","K03_监测开始日期":"2022-10-19","K11_高风险":0,"K12_警示":0,"K13_利好":0,"K14_提示":0,"K15_司法风险":0,"K16_工商风险":0,"K17_经营风险":0,"K18_经营状况":0},
{"K01_分组":"数科-教育场景","K02_企业":"深圳市它石信息科技有限公司","K03_监测开始日期":"2022-10-19","K11_高风险":0,"K12_警示":0,"K13_利好":0,"K14_提示":0,"K15_司法风险":0,"K16_工商风险":0,"K17_经营风险":0,"K18_经营状况":0},
{"K01_分组":"数科-教育场景","K02_企业":"深圳市王氏教育有限公司","K03_监测开始日期":"2022-10-19","K11_高风险":0,"K12_警示":0,"K13_利好":0,"K14_提示":0,"K15_司法风险":0,"K16_工商风险":0,"K17_经营风险":0,"K18_经营状况":0},
{"K01_分组":"数科-教育场景","K02_企业":"深圳丝路视觉教育科技有限公司","K03_监测开始日期":"2022-10-19","K11_高风险":0,"K12_警示":0,"K13_利好":0,"K14_提示":0,"K15_司法风险":0,"K16_工商风险":0,"K17_经营风险":0,"K18_经营状况":0},
{"K01_分组":"数科-教育场景","K02_企业":"深圳信盈达科技有限公司","K03_监测开始日期":"2022-10-19","K11_高风险":0,"K12_警示":0,"K13_利好":0,"K14_提示":0,"K15_司法风险":0,"K16_工商风险":0,"K17_经营风险":0,"K18_经营状况":0},
{"K01_分组":"数科-教育场景","K02_企业":"沈阳东软软件人才培训中心","K03_监测开始日期":"2022-10-19","K11_高风险":0,"K12_警示":0,"K13_利好":0,"K14_提示":0,"K15_司法风险":0,"K16_工商风险":0,"K17_经营风险":0,"K18_经营状况":0},
{"K01_分组":"数科-教育场景","K02_企业":"沈阳市漫动者计算机培训学校","K03_监测开始日期":"2022-10-19","K11_高风险":0,"K12_警示":0,"K13_利好":0,"K14_提示":0,"K15_司法风险":0,"K16_工商风险":0,"K17_经营风险":0,"K18_经营状况":0},
{"K01_分组":"数科-教育场景","K02_企业":"沈阳中软卓越计算机培训学校","K03_监测开始日期":"2022-10-19","K11_高风险":0,"K12_警示":0,"K13_利好":0,"K14_提示":0,"K15_司法风险":0,"K16_工商风险":0,"K17_经营风险":0,"K18_经营状况":0},
{"K01_分组":"数科-教育场景","K02_企业":"石家庄市桥西区清美数字媒体职业培训学校","K03_监测开始日期":"2022-10-19","K11_高风险":0,"K12_警示":0,"K13_利好":0,"K14_提示":0,"K15_司法风险":0,"K16_工商风险":0,"K17_经营风险":0,"K18_经营状况":0},
{"K01_分组":"数科-教育场景","K02_企业":"石家庄天亮教育科技有限公司","K03_监测开始日期":"2022-10-19","K11_高风险":0,"K12_警示":0,"K13_利好":0,"K14_提示":1,"K15_司法风险":0,"K16_工商风险":1,"K17_经营风险":0,"K18_经营状况":0},
{"K01_分组":"数科-教育场景","K02_企业":"石家庄顽石教育科技有限公司","K03_监测开始日期":"2022-10-19","K11_高风险":0,"K12_警示":0,"K13_利好":0,"K14_提示":0,"K15_司法风险":0,"K16_工商风险":0,"K17_经营风险":0,"K18_经营状况":0},
{"K01_分组":"数科-教育场景","K02_企业":"四川学到牛科技有限公司","K03_监测开始日期":"2022-10-19","K11_高风险":0,"K12_警示":0,"K13_利好":0,"K14_提示":0,"K15_司法风险":0,"K16_工商风险":0,"K17_经营风险":0,"K18_经营状况":0},
{"K01_分组":"数科-教育场景","K02_企业":"苏州工业园区青英职业技能培训学校有限公司","K03_监测开始日期":"2022-10-19","K11_高风险":0,"K12_警示":0,"K13_利好":0,"K14_提示":0,"K15_司法风险":0,"K16_工商风险":0,"K17_经营风险":0,"K18_经营状况":0},
{"K01_分组":"数科-教育场景","K02_企业":"太原百战梦科网络科技有限公司","K03_监测开始日期":"2022-10-19","K11_高风险":0,"K12_警示":0,"K13_利好":0,"K14_提示":0,"K15_司法风险":0,"K16_工商风险":0,"K17_经营风险":0,"K18_经营状况":0},
{"K01_分组":"数科-教育场景","K02_企业":"太原百战启航网络科技有限公司","K03_监测开始日期":"2022-10-19","K11_高风险":0,"K12_警示":0,"K13_利好":0,"K14_提示":0,"K15_司法风险":0,"K16_工商风险":0,"K17_经营风险":0,"K18_经营状况":0},
{"K01_分组":"数科-教育场景","K02_企业":"天津大行道漫联职业培训学校有限公司","K03_监测开始日期":"2022-10-19","K11_高风险":0,"K12_警示":0,"K13_利好":0,"K14_提示":0,"K15_司法风险":0,"K16_工商风险":0,"K17_经营风险":0,"K18_经营状况":0},
{"K01_分组":"数科-教育场景","K02_企业":"天津开发区中软卓越信息技术有限公司","K03_监测开始日期":"2022-10-19","K11_高风险":0,"K12_警示":0,"K13_利好":0,"K14_提示":4,"K15_司法风险":0,"K16_工商风险":0,"K17_经营风险":0,"K18_经营状况":4},
{"K01_分组":"数科-教育场景","K02_企业":"天象网络技术（上海）有限公司","K03_监测开始日期":"2022-10-19","K11_高风险":0,"K12_警示":0,"K13_利好":0,"K14_提示":0,"K15_司法风险":0,"K16_工商风险":0,"K17_经营风险":0,"K18_经营状况":0},
{"K01_分组":"数科-教育场景","K02_企业":"无锡码客软件职业培训学校","K03_监测开始日期":"2022-10-19","K11_高风险":0,"K12_警示":0,"K13_利好":0,"K14_提示":0,"K15_司法风险":0,"K16_工商风险":0,"K17_经营风险":0,"K18_经营状况":0},
{"K01_分组":"数科-教育场景","K02_企业":"武汉盛世蓝鲸人才管理有限公司","K03_监测开始日期":"2022-10-19","K11_高风险":0,"K12_警示":0,"K13_利好":0,"K14_提示":0,"K15_司法风险":0,"K16_工商风险":0,"K17_经营风险":0,"K18_经营状况":0},
{"K01_分组":"数科-教育场景","K02_企业":"武汉好口碑教育科技有限公司","K03_监测开始日期":"2022-10-19","K11_高风险":0,"K12_警示":0,"K13_利好":0,"K14_提示":0,"K15_司法风险":0,"K16_工商风险":0,"K17_经营风险":0,"K18_经营状况":0},
{"K01_分组":"数科-教育场景","K02_企业":"武汉汇智动力信息技术有限公司","K03_监测开始日期":"2022-10-19","K11_高风险":0,"K12_警示":0,"K13_利好":0,"K14_提示":0,"K15_司法风险":0,"K16_工商风险":0,"K17_经营风险":0,"K18_经营状况":0},
{"K01_分组":"数科-教育场景","K02_企业":"武汉乐学优课网络科技有限公司","K03_监测开始日期":"2022-10-19","K11_高风险":0,"K12_警示":0,"K13_利好":0,"K14_提示":2,"K15_司法风险":0,"K16_工商风险":2,"K17_经营风险":0,"K18_经营状况":0},
{"K01_分组":"数科-教育场景","K02_企业":"武汉墨焱设计科技有限公司","K03_监测开始日期":"2022-10-19","K11_高风险":0,"K12_警示":0,"K13_利好":0,"K14_提示":0,"K15_司法风险":0,"K16_工商风险":0,"K17_经营风险":0,"K18_经营状况":0},
{"K01_分组":"数科-教育场景","K02_企业":"武汉千硕信息技术有限公司","K03_监测开始日期":"2022-10-19","K11_高风险":0,"K12_警示":0,"K13_利好":0,"K14_提示":0,"K15_司法风险":0,"K16_工商风险":0,"K17_经营风险":0,"K18_经营状况":0},
{"K01_分组":"数科-教育场景","K02_企业":"武汉软帝在线科技有限公司","K03_监测开始日期":"2022-10-19","K11_高风险":0,"K12_警示":0,"K13_利好":0,"K14_提示":3,"K15_司法风险":0,"K16_工商风险":3,"K17_经营风险":0,"K18_经营状况":0},
{"K01_分组":"数科-教育场景","K02_企业":"武汉市洪山区科思沃斯职业培训学校","K03_监测开始日期":"2022-10-19","K11_高风险":0,"K12_警示":0,"K13_利好":0,"K14_提示":0,"K15_司法风险":0,"K16_工商风险":0,"K17_经营风险":0,"K18_经营状况":0},
{"K01_分组":"数科-教育场景","K02_企业":"武汉蜗牛创想教育科技有限公司","K03_监测开始日期":"2022-10-19","K11_高风险":0,"K12_警示":0,"K13_利好":0,"K14_提示":0,"K15_司法风险":0,"K16_工商风险":0,"K17_经营风险":0,"K18_经营状况":0},
{"K01_分组":"数科-教育场景","K02_企业":"武汉亿联新锐职业培训学校有限责任公司","K03_监测开始日期":"2022-10-19","K11_高风险":0,"K12_警示":0,"K13_利好":0,"K14_提示":0,"K15_司法风险":0,"K16_工商风险":0,"K17_经营风险":0,"K18_经营状况":0},
{"K01_分组":"数科-教育场景","K02_企业":"武汉中软卓越科技有限公司","K03_监测开始日期":"2022-10-19","K11_高风险":0,"K12_警示":0,"K13_利好":0,"K14_提示":4,"K15_司法风险":0,"K16_工商风险":2,"K17_经营风险":0,"K18_经营状况":2},
{"K01_分组":"数科-教育场景","K02_企业":"西安国研软件科技有限公司","K03_监测开始日期":"2022-10-19","K11_高风险":0,"K12_警示":0,"K13_利好":0,"K14_提示":0,"K15_司法风险":0,"K16_工商风险":0,"K17_经营风险":0,"K18_经营状况":0},
{"K01_分组":"数科-教育场景","K02_企业":"西安汇杰人力资源服务有限公司","K03_监测开始日期":"2022-10-19","K11_高风险":0,"K12_警示":0,"K13_利好":0,"K14_提示":0,"K15_司法风险":0,"K16_工商风险":0,"K17_经营风险":0,"K18_经营状况":0},
{"K01_分组":"数科-教育场景","K02_企业":"西安汇智动力信息技术有限公司","K03_监测开始日期":"2022-10-19","K11_高风险":0,"K12_警示":0,"K13_利好":0,"K14_提示":0,"K15_司法风险":0,"K16_工商风险":0,"K17_经营风险":0,"K18_经营状况":0},
{"K01_分组":"数科-教育场景","K02_企业":"西安菁英教育科技有限公司","K03_监测开始日期":"2022-10-19","K11_高风险":0,"K12_警示":0,"K13_利好":0,"K14_提示":0,"K15_司法风险":0,"K16_工商风险":0,"K17_经营风险":0,"K18_经营状况":0},
{"K01_分组":"数科-教育场景","K02_企业":"西安九州计算机培训学校","K03_监测开始日期":"2022-10-19","K11_高风险":0,"K12_警示":0,"K13_利好":0,"K14_提示":0,"K15_司法风险":0,"K16_工商风险":0,"K17_经营风险":0,"K18_经营状况":0},
{"K01_分组":"数科-教育场景","K02_企业":"西安云创动力信息科技有限公司","K03_监测开始日期":"2022-10-19","K11_高风险":0,"K12_警示":0,"K13_利好":0,"K14_提示":0,"K15_司法风险":0,"K16_工商风险":0,"K17_经营风险":0,"K18_经营状况":0},
{"K01_分组":"数科-教育场景","K02_企业":"西安云遮月智趣教育科技有限公司","K03_监测开始日期":"2022-10-19","K11_高风险":0,"K12_警示":0,"K13_利好":0,"K14_提示":0,"K15_司法风险":0,"K16_工商风险":0,"K17_经营风险":0,"K18_经营状况":0},
{"K01_分组":"数科-教育场景","K02_企业":"西安中软卓越信息技术有限公司","K03_监测开始日期":"2022-10-19","K11_高风险":0,"K12_警示":0,"K13_利好":0,"K14_提示":0,"K15_司法风险":0,"K16_工商风险":0,"K17_经营风险":0,"K18_经营状况":0},
{"K01_分组":"数科-教育场景","K02_企业":"优漫动游（广州）教育发展有限公司","K03_监测开始日期":"2022-10-19","K11_高风险":0,"K12_警示":0,"K13_利好":0,"K14_提示":0,"K15_司法风险":0,"K16_工商风险":0,"K17_经营风险":0,"K18_经营状况":0},
{"K01_分组":"数科-教育场景","K02_企业":"云南爱尔信教育科技股份有限公司","K03_监测开始日期":"2022-10-19","K11_高风险":0,"K12_警示":0,"K13_利好":0,"K14_提示":0,"K15_司法风险":0,"K16_工商风险":0,"K17_经营风险":0,"K18_经营状况":0},
{"K01_分组":"数科-教育场景","K02_企业":"浙江天眼创智科技有限公司","K03_监测开始日期":"2022-10-19","K11_高风险":0,"K12_警示":0,"K13_利好":0,"K14_提示":0,"K15_司法风险":0,"K16_工商风险":0,"K17_经营风险":0,"K18_经营状况":0},
{"K01_分组":"数科-教育场景","K02_企业":"浙江西津教育科技有限公司","K03_监测开始日期":"2022-10-19","K11_高风险":0,"K12_警示":0,"K13_利好":0,"K14_提示":0,"K15_司法风险":0,"K16_工商风险":0,"K17_经营风险":0,"K18_经营状况":0},
{"K01_分组":"数科-教育场景","K02_企业":"郑州好谷智能科技有限公司","K03_监测开始日期":"2022-10-19","K11_高风险":0,"K12_警示":0,"K13_利好":0,"K14_提示":0,"K15_司法风险":0,"K16_工商风险":0,"K17_经营风险":0,"K18_经营状况":0},
{"K01_分组":"数科-教育场景","K02_企业":"郑州融友北游信息科技有限公司","K03_监测开始日期":"2022-10-19","K11_高风险":0,"K12_警示":0,"K13_利好":0,"K14_提示":0,"K15_司法风险":0,"K16_工商风险":0,"K17_经营风险":0,"K18_经营状况":0},
{"K01_分组":"数科-教育场景","K02_企业":"郑州市达内职业培训学校","K03_监测开始日期":"2022-10-19","K11_高风险":0,"K12_警示":0,"K13_利好":0,"K14_提示":0,"K15_司法风险":0,"K16_工商风险":0,"K17_经营风险":0,"K18_经营状况":0},
{"K01_分组":"数科-教育场景","K02_企业":"郑州市王氏教育科技有限公司","K03_监测开始日期":"2022-10-19","K11_高风险":0,"K12_警示":0,"K13_利好":0,"K14_提示":0,"K15_司法风险":0,"K16_工商风险":0,"K17_经营风险":0,"K18_经营状况":0},
{"K01_分组":"数科-教育场景","K02_企业":"郑州信盈达电子有限公司","K03_监测开始日期":"2022-10-19","K11_高风险":0,"K12_警示":0,"K13_利好":0,"K14_提示":0,"K15_司法风险":0,"K16_工商风险":0,"K17_经营风险":0,"K18_经营状况":0},
{"K01_分组":"数科-教育场景","K02_企业":"郑州云计划人人教育科技有限公司","K03_监测开始日期":"2022-10-19","K11_高风险":0,"K12_警示":0,"K13_利好":0,"K14_提示":0,"K15_司法风险":0,"K16_工商风险":0,"K17_经营风险":0,"K18_经营状况":0},
{"K01_分组":"数科-教育场景","K02_企业":"郑州中原英才科技有限公司","K03_监测开始日期":"2022-10-19","K11_高风险":0,"K12_警示":0,"K13_利好":0,"K14_提示":0,"K15_司法风险":0,"K16_工商风险":0,"K17_经营风险":0,"K18_经营状况":0},
{"K01_分组":"数科-教育场景","K02_企业":"职联云（天津）科技有限公司","K03_监测开始日期":"2022-10-19","K11_高风险":0,"K12_警示":0,"K13_利好":0,"K14_提示":0,"K15_司法风险":0,"K16_工商风险":0,"K17_经营风险":0,"K18_经营状况":0},
{"K01_分组":"数科-教育场景","K02_企业":"重庆诚航驰互联网科技有限公司","K03_监测开始日期":"2022-10-19","K11_高风险":0,"K12_警示":0,"K13_利好":0,"K14_提示":0,"K15_司法风险":0,"K16_工商风险":0,"K17_经营风险":0,"K18_经营状况":0},
{"K01_分组":"数科-教育场景","K02_企业":"重庆蜗牛创想教育科技有限公司","K03_监测开始日期":"2022-10-19","K11_高风险":0,"K12_警示":0,"K13_利好":0,"K14_提示":0,"K15_司法风险":0,"K16_工商风险":0,"K17_经营风险":0,"K18_经营状况":0},
{"K01_分组":"数科-教育场景","K02_企业":"重庆沃营教育科技集团有限公司","K03_监测开始日期":"2022-10-19","K11_高风险":0,"K12_警示":0,"K13_利好":0,"K14_提示":0,"K15_司法风险":0,"K16_工商风险":0,"K17_经营风险":0,"K18_经营状况":0},
{"K01_分组":"数科-教育场景","K02_企业":"重庆西基王动漫设计有限公司","K03_监测开始日期":"2022-10-19","K11_高风险":0,"K12_警示":0,"K13_利好":0,"K14_提示":0,"K15_司法风险":0,"K16_工商风险":0,"K17_经营风险":0,"K18_经营状况":0},
{"K01_分组":"数科-教育场景","K02_企业":"重庆一夫当关科技有限公司","K03_监测开始日期":"2022-10-19","K11_高风险":0,"K12_警示":0,"K13_利好":0,"K14_提示":0,"K15_司法风险":0,"K16_工商风险":0,"K17_经营风险":0,"K18_经营状况":0},
{"K01_分组":"数科-教育场景","K02_企业":"重庆应图马信息科技有限公司","K03_监测开始日期":"2022-10-19","K11_高风险":0,"K12_警示":0,"K13_利好":0,"K14_提示":0,"K15_司法风险":0,"K16_工商风险":0,"K17_经营风险":0,"K18_经营状况":0}]}
