[{"group":"数科-教育场景","source_30":[["date","2022-11-03","2022-11-04","2022-11-05","2022-11-06","2022-11-07","2022-11-08","2022-11-09","2022-11-10","2022-11-11","2022-11-12","2022-11-13","2022-11-14","2022-11-15","2022-11-16","2022-11-17","2022-11-18","2022-11-19","2022-11-20","2022-11-21","2022-11-22","2022-11-23","2022-11-24","2022-11-25","2022-11-26","2022-11-27","2022-11-28","2022-11-29","2022-11-30","2022-12-01","2022-12-02"],["提示",1,2,0,2,0,0,2,3,4,0,0,2,0,0,0,3,6,1,2,4,8,1,3,1,3,2,0,2,2,0],["利好",0,1,4,0,0,0,0,0,0,0,0,0,0,1,0,4,0,0,0,3,4,3,0,0,0,0,2,2,0,2],["警示",0,0,1,0,0,0,1,0,0,0,0,1,0,0,0,0,1,0,0,0,1,0,2,0,0,1,0,0,1,0],["高风险",0,0,0,0,0,0,0,0,0,0,0,0,0,0,0,0,0,0,0,0,1,0,0,0,0,0,0,1,0,0]]},
{"group":"数科-教育场景","source_7":[["date","2022-11-25","2022-11-26","2022-11-27","2022-11-28","2022-11-29","2022-11-30","2022-12-01","2022-12-02"],["提示",3,1,3,2,0,2,2,0],["利好",0,0,0,0,2,2,0,2],["警示",2,0,0,1,0,0,1,0],["高风险",0,0,0,0,0,1,0,0]]},
{"group":"数科-教育场景","info_30":[{"name":"招投标","value":32},{"name":"商标信息","value":15},{"name":"软件著作权","value":9},{"name":"开庭公告","value":7},{"name":"主要人员变更","value":4},{"name":"经营范围变更","value":4},{"name":"法定代表人变更","value":3},{"name":"电信许可","value":3},{"name":"专利信息","value":2},{"name":"注册资本变更","value":2},{"name":"注册地址变更","value":2},{"name":"法律诉讼","value":2},{"name":"登记机关变更","value":2},{"name":"终本案件","value":1},{"name":"企业状态变更","value":1},{"name":"企业类型变更","value":1},{"name":"经营异常","value":1}]},
{"group":"数科-教育场景","info_7":[{"name":"招投标","value":9},{"name":"商标信息","value":5},{"name":"开庭公告","value":4},{"name":"专利信息","value":1},{"name":"经营异常","value":1},{"name":"经营范围变更","value":1},{"name":"法定代表人变更","value":1},{"name":"电信许可","value":1},{"name":"登记机关变更","value":1}]}]
