[
  {
    "data": {
      "category": [
        "定西市",
        "荆门市",
        "呼伦贝尔市",
        "漳州市",
        "镇江市",
        "新竹县",
        "重庆市",
        "六盘水市",
        "离岛",
        "枣庄市",
        "安顺市",
        "来宾市",
        "佛山市",
        "昌都地区",
        "柳州市",
        "玉林市",
        "自贡市",
        "中卫市",
        "临沧市",
        "海南藏族自治州",
        "博尔塔拉蒙古自治州",
        "离岛",
        "聊城市",
        "十堰市",
        "日喀则地区",
        "运城市",
        "温州市"
      ],
      "barData": [
        50,
        63,
        39,
        63,
        17,
        35,
        86,
        75,
        58,
        15,
        82,
        47,
        26,
        21,
        76,
        38,
        75,
        12,
        78,
        52,
        87,
        59,
        47,
        80,
        31,
        19,
        32
      ],
      "lineData": [
        106,
        144,
        92,
        103,
        76,
        71,
        97,
        138,
        140,
        33,
        106,
        146,
        120,
        75,
        172,
        81,
        119,
        41,
        177,
        56,
        176,
        121,
        69,
        140,
        73,
        29,
        45
      ],
      "rateData": [
        "47",
        "44",
        "42",
        "61",
        "22",
        "49",
        "89",
        "54",
        "41",
        "45",
        "77",
        "32",
        "22",
        "28",
        "44",
        "47",
        "63",
        "29",
        "44",
        "93",
        "49",
        "49",
        "68",
        "57",
        "42",
        "66",
        "71"
      ]
    }
  },
  {
    "success": true,
    "data": [
      {
        "value": 795,
        "name": "招投标"
      },
      {
        "value": 770,
        "name": "法院公告"
      },
      {
        "value": 676,
        "name": "法院诉讼"
      },
      {
        "value": 375,
        "name": "注册地址变更 "
      },
      {
        "value": 360,
        "name": "开庭公告"
      },
      {
        "value": 151,
        "name": "商标信息"
      },
      {
        "value": 150,
        "name": "主要人员信息变更"
      },
      {
        "value": 101,
        "name": "软件注册全"
      }
    ]
  },
  {
    "success": true,
    "data": {
      "dateList": [
        "2021-11",
        "2021-12",
        "2022-01",
        "2022-02",
        "2022-03",
        "2022-04"
      ],
      "numList": [
        844,
        152,
        336,
        688,
        677,
        745
      ],
      "numList2": [
        793,
        306,
        587,
        795,
        865,
        154
      ]
    }
  }
]