[{"group":"all","source_30":[["date","2022-11-03","2022-11-04","2022-11-05","2022-11-06","2022-11-07","2022-11-08","2022-11-09","2022-11-10","2022-11-11","2022-11-12","2022-11-13","2022-11-14","2022-11-15","2022-11-16","2022-11-17","2022-11-18","2022-11-19","2022-11-20","2022-11-21","2022-11-22","2022-11-23","2022-11-24","2022-11-25","2022-11-26","2022-11-27","2022-11-28","2022-11-29","2022-11-30","2022-12-01","2022-12-02"],
["提示",11,5,2,4,8,8,11,14,16,6,4,10,9,9,6,13,11,3,11,16,16,9,12,5,11,11,7,13,18,0],
["利好",0,38,4,0,3,11,0,11,0,0,0,2,59,4,2,156,20,2,0,47,16,5,29,5,1,2,35,5,2,32],
["警示",43,7,23,0,5,4,20,8,40,2,27,22,28,13,10,6,3,1,20,26,37,21,28,43,11,6,11,11,28,13],
["高风险",1,0,0,0,2,1,3,0,0,0,0,0,0,1,0,0,0,0,1,0,2,0,0,0,0,0,0,1,0,0]]},
{"group":"all","source_7":[["date","2022-11-25","2022-11-26","2022-11-27","2022-11-28","2022-11-29","2022-11-30","2022-12-01","2022-12-02"],
["提示",12,5,11,11,7,13,18,0],
["利好",29,5,1,2,35,5,2,32],
["警示",28,43,11,6,11,11,28,13],
["高风险",0,0,0,0,0,1,0,0]]},
{"group":"all","info_30":[{"name":"专利信息","value":350},
{"name":"法律诉讼","value":254},
{"name":"开庭公告","value":188},
{"name":"招投标","value":162},
{"name":"软件著作权","value":76},
{"name":"法院公告","value":70},
{"name":"商标信息","value":64},
{"name":"主要人员变更","value":41},
{"name":"电信许可","value":20},
{"name":"经营范围变更","value":10},
{"name":"注册资本变更","value":9},
{"name":"法定代表人变更","value":9},
{"name":"注册地址变更","value":8},
{"name":"投资事件","value":6},
{"name":"被执行人","value":6},
{"name":"送达公告","value":4},
{"name":"企业类型变更","value":4},
{"name":"登记机关变更","value":4},
{"name":"对外投资","value":3},
{"name":"限制消费令","value":2},
{"name":"经营异常","value":2},
{"name":"作品著作权","value":1},
{"name":"终本案件","value":1},
{"name":"司法协助","value":1},
{"name":"企业状态变更","value":1},
{"name":"破产重整","value":1},
{"name":"股权变更","value":1},
{"name":"抽查检查","value":1}]},
{"group":"all","info_7":[{"name":"专利信息","value":90},
{"name":"法律诉讼","value":72},
{"name":"开庭公告","value":71},
{"name":"招投标","value":40},
{"name":"主要人员变更","value":20},
{"name":"商标信息","value":11},
{"name":"软件著作权","value":10},
{"name":"法院公告","value":7},
{"name":"注册资本变更","value":4},
{"name":"经营范围变更","value":3},
{"name":"电信许可","value":3},
{"name":"企业类型变更","value":2},
{"name":"法定代表人变更","value":2},
{"name":"注册地址变更","value":1},
{"name":"投资事件","value":1},
{"name":"送达公告","value":1},
{"name":"经营异常","value":1},
{"name":"登记机关变更","value":1}]},
{"group":"人法动态","source_30":[["date","2022-11-03","2022-11-04","2022-11-05","2022-11-06","2022-11-07","2022-11-08","2022-11-09","2022-11-10","2022-11-11","2022-11-12","2022-11-13","2022-11-14","2022-11-15","2022-11-16","2022-11-17","2022-11-18","2022-11-19","2022-11-20","2022-11-21","2022-11-22","2022-11-23","2022-11-24","2022-11-25","2022-11-26","2022-11-27","2022-11-28","2022-11-29","2022-11-30","2022-12-01","2022-12-02"],
["提示",0,0,0,1,0,1,1,2,1,4,4,0,0,2,0,1,3,0,5,0,2,0,0,2,8,0,0,1,0,0],
["利好",0,0,0,0,0,2,0,0,0,0,0,0,0,0,0,0,0,0,0,0,0,0,0,0,0,0,0,0,0,0],
["警示",19,1,18,0,1,0,2,0,0,0,2,0,18,1,1,1,0,0,2,0,2,1,11,7,2,0,0,0,1,0],
["高风险",0,0,0,0,1,0,2,0,0,0,0,0,0,0,0,0,0,0,0,0,0,0,0,0,0,0,0,0,0,0]]},
{"group":"人法动态","source_7":[["date","2022-11-25","2022-11-26","2022-11-27","2022-11-28","2022-11-29","2022-11-30","2022-12-01","2022-12-02"],
["提示",0,2,8,0,0,1,0,0],
["利好",0,0,0,0,0,0,0,0],
["警示",11,7,2,0,0,0,1,0],
["高风险",0,0,0,0,0,0,0,0]]},
{"group":"人法动态","info_30":[{"name":"法律诉讼","value":60},
{"name":"法院公告","value":25},
{"name":"主要人员变更","value":13},
{"name":"注册地址变更","value":6},
{"name":"经营范围变更","value":4},
{"name":"法定代表人变更","value":4},
{"name":"注册资本变更","value":3},
{"name":"送达公告","value":3},
{"name":"企业类型变更","value":2},
{"name":"开庭公告","value":2},
{"name":"电信许可","value":2},
{"name":"登记机关变更","value":2},
{"name":"被执行人","value":2},
{"name":"专利信息","value":1},
{"name":"招投标","value":1},
{"name":"软件著作权","value":1},
{"name":"经营异常","value":1},
{"name":"对外投资","value":1}]},
{"group":"人法动态","info_7":[{"name":"法律诉讼","value":19},
{"name":"主要人员变更","value":4},
{"name":"注册资本变更","value":2},
{"name":"经营范围变更","value":2},
{"name":"注册地址变更","value":1},
{"name":"送达公告","value":1},
{"name":"企业类型变更","value":1},
{"name":"开庭公告","value":1},
{"name":"法定代表人变更","value":1}]},
{"group":"数科-教育场景","source_30":[["date","2022-11-03","2022-11-04","2022-11-05","2022-11-06","2022-11-07","2022-11-08","2022-11-09","2022-11-10","2022-11-11","2022-11-12","2022-11-13","2022-11-14","2022-11-15","2022-11-16","2022-11-17","2022-11-18","2022-11-19","2022-11-20","2022-11-21","2022-11-22","2022-11-23","2022-11-24","2022-11-25","2022-11-26","2022-11-27","2022-11-28","2022-11-29","2022-11-30","2022-12-01","2022-12-02"],
["提示",1,2,0,2,0,0,2,3,4,0,0,2,0,0,0,3,6,1,2,4,8,1,3,1,3,2,0,2,2,0],
["利好",0,1,4,0,0,0,0,0,0,0,0,0,0,1,0,4,0,0,0,3,4,3,0,0,0,0,2,2,0,2],
["警示",0,0,1,0,0,0,1,0,0,0,0,1,0,0,0,0,1,0,0,0,1,0,2,0,0,1,0,0,1,0],
["高风险",0,0,0,0,0,0,0,0,0,0,0,0,0,0,0,0,0,0,0,0,1,0,0,0,0,0,0,1,0,0]]},
{"group":"数科-教育场景","source_7":[["date","2022-11-25","2022-11-26","2022-11-27","2022-11-28","2022-11-29","2022-11-30","2022-12-01","2022-12-02"],
["提示",3,1,3,2,0,2,2,0],
["利好",0,0,0,0,2,2,0,2],
["警示",2,0,0,1,0,0,1,0],
["高风险",0,0,0,0,0,1,0,0]]},
{"group":"数科-教育场景","info_30":[{"name":"招投标","value":32},
{"name":"商标信息","value":15},
{"name":"软件著作权","value":9},
{"name":"开庭公告","value":7},
{"name":"主要人员变更","value":4},
{"name":"经营范围变更","value":4},
{"name":"法定代表人变更","value":3},
{"name":"电信许可","value":3},
{"name":"专利信息","value":2},
{"name":"注册资本变更","value":2},
{"name":"注册地址变更","value":2},
{"name":"法律诉讼","value":2},
{"name":"登记机关变更","value":2},
{"name":"终本案件","value":1},
{"name":"企业状态变更","value":1},
{"name":"企业类型变更","value":1},
{"name":"经营异常","value":1}]},
{"group":"数科-教育场景","info_7":[{"name":"招投标","value":9},
{"name":"商标信息","value":5},
{"name":"开庭公告","value":4},
{"name":"专利信息","value":1},
{"name":"经营异常","value":1},
{"name":"经营范围变更","value":1},
{"name":"法定代表人变更","value":1},
{"name":"电信许可","value":1},
{"name":"登记机关变更","value":1}]},
{"group":"投后-all","source_30":[["date","2022-11-03","2022-11-04","2022-11-05","2022-11-06","2022-11-07","2022-11-08","2022-11-09","2022-11-10","2022-11-11","2022-11-12","2022-11-13","2022-11-14","2022-11-15","2022-11-16","2022-11-17","2022-11-18","2022-11-19","2022-11-20","2022-11-21","2022-11-22","2022-11-23","2022-11-24","2022-11-25","2022-11-26","2022-11-27","2022-11-28","2022-11-29","2022-11-30","2022-12-01","2022-12-02"],
["提示",6,2,1,1,6,6,7,8,10,0,0,5,8,5,5,9,2,1,4,12,5,8,6,2,0,8,5,10,16,0],
["利好",0,33,0,0,1,5,0,0,0,0,0,2,44,0,1,147,20,1,0,43,9,2,28,5,1,1,33,2,2,30],
["警示",3,0,2,0,2,1,3,2,1,0,1,1,1,1,2,1,0,0,2,9,7,0,4,1,2,0,0,0,2,4],
["高风险",0,0,0,0,0,0,0,0,0,0,0,0,0,0,0,0,0,0,1,0,0,0,0,0,0,0,0,0,0,0]]},
{"group":"投后-all","source_7":[["date","2022-11-25","2022-11-26","2022-11-27","2022-11-28","2022-11-29","2022-11-30","2022-12-01","2022-12-02"],
["提示",6,2,0,8,5,10,16,0],
["利好",28,5,1,1,33,2,2,30],
["警示",4,1,2,0,0,0,2,4],
["高风险",0,0,0,0,0,0,0,0]]},
{"group":"投后-all","info_30":[{"name":"专利信息","value":347},
{"name":"招投标","value":129},
{"name":"商标信息","value":49},
{"name":"法律诉讼","value":30},
{"name":"主要人员变更","value":15},
{"name":"开庭公告","value":15},
{"name":"软件著作权","value":14},
{"name":"投资事件","value":6},
{"name":"法院公告","value":6},
{"name":"法定代表人变更","value":2},
{"name":"对外投资","value":2},
{"name":"注册资本变更","value":1},
{"name":"限制消费令","value":1},
{"name":"司法协助","value":1},
{"name":"经营范围变更","value":1},
{"name":"电信许可","value":1},
{"name":"抽查检查","value":1}]},
{"group":"投后-all","info_7":[{"name":"专利信息","value":89},
{"name":"招投标","value":31},
{"name":"主要人员变更","value":14},
{"name":"软件著作权","value":7},
{"name":"商标信息","value":6},
{"name":"法律诉讼","value":6},
{"name":"开庭公告","value":4},
{"name":"法院公告","value":3},
{"name":"注册资本变更","value":1},
{"name":"投资事件","value":1}]},
{"group":"投后-基金管理人","source_30":[["date","2022-11-03","2022-11-04","2022-11-05","2022-11-06","2022-11-07","2022-11-08","2022-11-09","2022-11-10","2022-11-11","2022-11-12","2022-11-13","2022-11-14","2022-11-15","2022-11-16","2022-11-17","2022-11-18","2022-11-19","2022-11-20","2022-11-21","2022-11-22","2022-11-23","2022-11-24","2022-11-25","2022-11-26","2022-11-27","2022-11-28","2022-11-29","2022-11-30","2022-12-01","2022-12-02"],
["提示",2,0,0,0,0,0,1,1,1,0,0,0,1,0,1,1,0,0,2,2,0,1,0,0,0,1,0,0,0,0],
["利好",0,0,0,0,0,0,0,0,0,0,0,0,0,0,0,0,0,0,0,0,0,0,0,0,0,0,0,0,0,0],
["警示",2,0,1,0,0,0,0,1,1,0,0,0,0,0,1,1,0,0,1,0,0,0,1,0,0,0,0,0,0,1],
["高风险",0,0,0,0,0,0,0,0,0,0,0,0,0,0,0,0,0,0,0,0,0,0,0,0,0,0,0,0,0,0]]},
{"group":"投后-基金管理人","source_7":[["date","2022-11-25","2022-11-26","2022-11-27","2022-11-28","2022-11-29","2022-11-30","2022-12-01","2022-12-02"],
["提示",0,0,0,1,0,0,0,0],
["利好",0,0,0,0,0,0,0,0],
["警示",1,0,0,0,0,0,0,1],
["高风险",0,0,0,0,0,0,0,0]]},
{"group":"投后-基金管理人","info_30":[{"name":"法律诉讼","value":7},
{"name":"投资事件","value":6},
{"name":"招投标","value":4},
{"name":"法院公告","value":2},
{"name":"对外投资","value":2},
{"name":"主要人员变更","value":1},
{"name":"开庭公告","value":1},
{"name":"法定代表人变更","value":1}]},
{"group":"投后-基金管理人","info_7":[{"name":"投资事件","value":1},
{"name":"法院公告","value":1},
{"name":"法律诉讼","value":1}]},
{"group":"投后-投资企业","source_30":[["date","2022-11-03","2022-11-04","2022-11-05","2022-11-06","2022-11-07","2022-11-08","2022-11-09","2022-11-10","2022-11-11","2022-11-12","2022-11-13","2022-11-14","2022-11-15","2022-11-16","2022-11-17","2022-11-18","2022-11-19","2022-11-20","2022-11-21","2022-11-22","2022-11-23","2022-11-24","2022-11-25","2022-11-26","2022-11-27","2022-11-28","2022-11-29","2022-11-30","2022-12-01","2022-12-02"],
["提示",4,2,1,1,6,6,6,7,9,0,0,5,7,5,4,8,2,1,2,10,5,7,6,2,0,7,5,10,16,0],
["利好",0,33,0,0,1,5,0,0,0,0,0,2,44,0,1,147,20,1,0,43,9,2,28,5,1,1,33,2,2,30],
["警示",1,0,1,0,2,1,3,1,0,0,1,1,1,1,1,0,0,0,1,9,7,0,3,1,2,0,0,0,2,3],
["高风险",0,0,0,0,0,0,0,0,0,0,0,0,0,0,0,0,0,0,1,0,0,0,0,0,0,0,0,0,0,0]]},
{"group":"投后-投资企业","source_7":[["date","2022-11-25","2022-11-26","2022-11-27","2022-11-28","2022-11-29","2022-11-30","2022-12-01","2022-12-02"],
["提示",6,2,0,7,5,10,16,0],
["利好",28,5,1,1,33,2,2,30],
["警示",3,1,2,0,0,0,2,3],
["高风险",0,0,0,0,0,0,0,0]]},
{"group":"投后-投资企业","info_30":[{"name":"专利信息","value":347},
{"name":"招投标","value":125},
{"name":"商标信息","value":49},
{"name":"法律诉讼","value":23},
{"name":"主要人员变更","value":14},
{"name":"软件著作权","value":14},
{"name":"开庭公告","value":14},
{"name":"法院公告","value":4},
{"name":"注册资本变更","value":1},
{"name":"限制消费令","value":1},
{"name":"司法协助","value":1},
{"name":"经营范围变更","value":1},
{"name":"法定代表人变更","value":1},
{"name":"电信许可","value":1},
{"name":"抽查检查","value":1}]},
{"group":"投后-投资企业","info_7":[{"name":"专利信息","value":89},
{"name":"招投标","value":31},
{"name":"主要人员变更","value":14},
{"name":"软件著作权","value":7},
{"name":"商标信息","value":6},
{"name":"法律诉讼","value":5},
{"name":"开庭公告","value":4},
{"name":"法院公告","value":2},
{"name":"注册资本变更","value":1}]},
{"group":"采购-all","source_30":[["date","2022-11-03","2022-11-04","2022-11-05","2022-11-06","2022-11-07","2022-11-08","2022-11-09","2022-11-10","2022-11-11","2022-11-12","2022-11-13","2022-11-14","2022-11-15","2022-11-16","2022-11-17","2022-11-18","2022-11-19","2022-11-20","2022-11-21","2022-11-22","2022-11-23","2022-11-24","2022-11-25","2022-11-26","2022-11-27","2022-11-28","2022-11-29","2022-11-30","2022-12-01","2022-12-02"],
["提示",4,1,1,0,2,1,1,1,1,2,0,3,1,2,1,0,0,1,0,0,1,0,3,0,0,1,2,0,0,0],
["利好",0,4,0,0,2,4,0,11,0,0,0,0,15,3,1,5,0,1,0,1,3,0,1,0,0,1,0,1,0,0],
["警示",21,6,2,0,2,3,14,6,39,2,24,20,9,11,7,4,2,1,16,17,27,20,11,35,7,5,11,11,24,9],
["高风险",1,0,0,0,1,1,1,0,0,0,0,0,0,1,0,0,0,0,0,0,1,0,0,0,0,0,0,0,0,0]]},
{"group":"采购-all","source_7":[["date","2022-11-25","2022-11-26","2022-11-27","2022-11-28","2022-11-29","2022-11-30","2022-12-01","2022-12-02"],
["提示",3,0,0,1,2,0,0,0],
["利好",1,0,0,1,0,1,0,0],
["警示",11,35,7,5,11,11,24,9],
["高风险",0,0,0,0,0,0,0,0]]},
{"group":"采购-all","info_30":[{"name":"开庭公告","value":164},
{"name":"法律诉讼","value":162},
{"name":"软件著作权","value":52},
{"name":"法院公告","value":39},
{"name":"电信许可","value":14},
{"name":"主要人员变更","value":9},
{"name":"被执行人","value":4},
{"name":"注册资本变更","value":3},
{"name":"作品著作权","value":1},
{"name":"限制消费令","value":1},
{"name":"送达公告","value":1},
{"name":"企业类型变更","value":1},
{"name":"破产重整","value":1},
{"name":"经营范围变更","value":1},
{"name":"股权变更","value":1}]},
{"group":"采购-all","info_7":[{"name":"开庭公告","value":62},
{"name":"法律诉讼","value":47},
{"name":"法院公告","value":4},
{"name":"软件著作权","value":3},
{"name":"主要人员变更","value":2},
{"name":"电信许可","value":2},
{"name":"注册资本变更","value":1},
{"name":"企业类型变更","value":1}]},
{"group":"采购-高-市场推广","source_30":[["date","2022-11-03","2022-11-04","2022-11-05","2022-11-06","2022-11-07","2022-11-08","2022-11-09","2022-11-10","2022-11-11","2022-11-12","2022-11-13","2022-11-14","2022-11-15","2022-11-16","2022-11-17","2022-11-18","2022-11-19","2022-11-20","2022-11-21","2022-11-22","2022-11-23","2022-11-24","2022-11-25","2022-11-26","2022-11-27","2022-11-28","2022-11-29","2022-11-30","2022-12-01","2022-12-02"],
["提示",0,0,0,0,0,1,0,0,0,0,0,0,0,0,0,0,0,1,0,0,0,0,0,0,0,0,0,0,0,0],
["利好",0,0,0,0,0,0,0,0,0,0,0,0,0,0,0,0,0,0,0,0,0,0,0,0,0,0,0,0,0,0],
["警示",0,0,0,0,0,0,0,0,0,0,0,0,0,0,0,0,0,0,0,0,0,0,0,0,0,0,0,0,0,0],
["高风险",0,0,0,0,0,0,0,0,0,0,0,0,0,0,0,0,0,0,0,0,0,0,0,0,0,0,0,0,0,0]]},
{"group":"采购-高-市场推广","source_7":[["date","2022-11-25","2022-11-26","2022-11-27","2022-11-28","2022-11-29","2022-11-30","2022-12-01","2022-12-02"],
["提示",0,0,0,0,0,0,0,0],
["利好",0,0,0,0,0,0,0,0],
["警示",0,0,0,0,0,0,0,0],
["高风险",0,0,0,0,0,0,0,0]]},
{"group":"采购-高-市场推广","info_30":[{"name":"电信许可","value":2}]},
{"group":"采购-中-技术风控","source_30":[["date","2022-11-03","2022-11-04","2022-11-05","2022-11-06","2022-11-07","2022-11-08","2022-11-09","2022-11-10","2022-11-11","2022-11-12","2022-11-13","2022-11-14","2022-11-15","2022-11-16","2022-11-17","2022-11-18","2022-11-19","2022-11-20","2022-11-21","2022-11-22","2022-11-23","2022-11-24","2022-11-25","2022-11-26","2022-11-27","2022-11-28","2022-11-29","2022-11-30","2022-12-01","2022-12-02"],
["提示",0,0,0,0,0,0,0,0,0,0,0,0,0,0,0,0,0,0,0,0,0,0,0,0,0,0,0,0,0,0],
["利好",0,0,0,0,0,0,0,0,0,0,0,0,0,0,0,0,0,0,0,0,0,0,0,0,0,0,0,0,0,0],
["警示",0,0,0,0,0,0,0,0,0,0,0,1,0,0,0,0,0,0,0,0,0,1,0,1,0,0,0,0,2,0],
["高风险",0,0,0,0,0,0,0,0,0,0,0,0,0,0,0,0,0,0,0,0,0,0,0,0,0,0,0,0,0,0]]},
{"group":"采购-中-技术风控","source_7":[["date","2022-11-25","2022-11-26","2022-11-27","2022-11-28","2022-11-29","2022-11-30","2022-12-01","2022-12-02"],
["提示",0,0,0,0,0,0,0,0],
["利好",0,0,0,0,0,0,0,0],
["警示",0,1,0,0,0,0,2,0],
["高风险",0,0,0,0,0,0,0,0]]},
{"group":"采购-中-技术风控","info_30":[{"name":"开庭公告","value":5}]},
{"group":"采购-中-技术风控","info_7":[{"name":"开庭公告","value":3}]},
{"group":"采购-中-市场推广","source_30":[["date","2022-11-03","2022-11-04","2022-11-05","2022-11-06","2022-11-07","2022-11-08","2022-11-09","2022-11-10","2022-11-11","2022-11-12","2022-11-13","2022-11-14","2022-11-15","2022-11-16","2022-11-17","2022-11-18","2022-11-19","2022-11-20","2022-11-21","2022-11-22","2022-11-23","2022-11-24","2022-11-25","2022-11-26","2022-11-27","2022-11-28","2022-11-29","2022-11-30","2022-12-01","2022-12-02"],
["提示",0,1,0,0,0,0,0,0,0,0,0,0,1,0,1,0,0,0,0,0,0,0,0,0,0,0,0,0,0,0],
["利好",0,0,0,0,0,0,0,0,0,0,0,0,3,0,0,0,0,0,0,0,0,0,0,0,0,0,0,0,0,0],
["警示",3,0,0,0,0,0,1,0,0,0,0,4,1,1,2,0,0,0,1,2,1,0,1,2,0,0,0,0,2,0],
["高风险",0,0,0,0,0,0,0,0,0,0,0,0,0,0,0,0,0,0,0,0,0,0,0,0,0,0,0,0,0,0]]},
{"group":"采购-中-市场推广","source_7":[["date","2022-11-25","2022-11-26","2022-11-27","2022-11-28","2022-11-29","2022-11-30","2022-12-01","2022-12-02"],
["提示",0,0,0,0,0,0,0,0],
["利好",0,0,0,0,0,0,0,0],
["警示",1,2,0,0,0,0,2,0],
["高风险",0,0,0,0,0,0,0,0]]},
{"group":"采购-中-市场推广","info_30":[{"name":"法律诉讼","value":13},
{"name":"开庭公告","value":8},
{"name":"软件著作权","value":3},
{"name":"电信许可","value":3}]},
{"group":"采购-中-市场推广","info_7":[{"name":"法律诉讼","value":3},
{"name":"开庭公告","value":2}]},
{"group":"采购-低-供应链管理","source_30":[["date","2022-11-03","2022-11-04","2022-11-05","2022-11-06","2022-11-07","2022-11-08","2022-11-09","2022-11-10","2022-11-11","2022-11-12","2022-11-13","2022-11-14","2022-11-15","2022-11-16","2022-11-17","2022-11-18","2022-11-19","2022-11-20","2022-11-21","2022-11-22","2022-11-23","2022-11-24","2022-11-25","2022-11-26","2022-11-27","2022-11-28","2022-11-29","2022-11-30","2022-12-01","2022-12-02"],
["提示",0,0,0,0,0,0,0,0,0,0,0,0,0,0,0,0,0,0,0,0,0,0,1,0,0,0,0,0,0,0],
["利好",0,0,0,0,0,0,0,0,0,0,0,0,10,1,0,0,0,0,0,0,3,0,0,0,0,0,0,0,0,0],
["警示",0,1,1,0,1,0,0,1,0,0,0,3,1,2,0,1,0,0,2,0,17,3,1,1,0,4,1,2,1,1],
["高风险",0,0,0,0,0,0,0,0,0,0,0,0,0,0,0,0,0,0,0,0,0,0,0,0,0,0,0,0,0,0]]},
{"group":"采购-低-供应链管理","source_7":[["date","2022-11-25","2022-11-26","2022-11-27","2022-11-28","2022-11-29","2022-11-30","2022-12-01","2022-12-02"],
["提示",1,0,0,0,0,0,0,0],
["利好",0,0,0,0,0,0,0,0],
["警示",1,1,0,4,1,2,1,1],
["高风险",0,0,0,0,0,0,0,0]]},
{"group":"采购-低-供应链管理","info_30":[{"name":"法律诉讼","value":28},
{"name":"开庭公告","value":15},
{"name":"软件著作权","value":14},
{"name":"企业类型变更","value":1},
{"name":"法院公告","value":1}]},
{"group":"采购-低-供应链管理","info_7":[{"name":"法律诉讼","value":7},
{"name":"开庭公告","value":4},
{"name":"企业类型变更","value":1}]},
{"group":"采购-低-技术风控","source_30":[["date","2022-11-03","2022-11-04","2022-11-05","2022-11-06","2022-11-07","2022-11-08","2022-11-09","2022-11-10","2022-11-11","2022-11-12","2022-11-13","2022-11-14","2022-11-15","2022-11-16","2022-11-17","2022-11-18","2022-11-19","2022-11-20","2022-11-21","2022-11-22","2022-11-23","2022-11-24","2022-11-25","2022-11-26","2022-11-27","2022-11-28","2022-11-29","2022-11-30","2022-12-01","2022-12-02"],
["提示",4,0,0,0,1,0,1,1,1,0,0,1,0,0,0,0,0,0,0,0,0,0,1,0,0,1,2,0,0,0],
["利好",0,4,0,0,1,0,0,2,0,0,0,0,2,1,1,5,0,1,0,1,0,0,1,0,0,1,0,1,0,0],
["警示",0,4,1,0,0,2,4,0,12,0,2,2,0,1,0,0,2,1,0,3,2,4,3,3,1,1,4,0,2,1],
["高风险",1,0,0,0,1,1,1,0,0,0,0,0,0,0,0,0,0,0,0,0,0,0,0,0,0,0,0,0,0,0]]},
{"group":"采购-低-技术风控","source_7":[["date","2022-11-25","2022-11-26","2022-11-27","2022-11-28","2022-11-29","2022-11-30","2022-12-01","2022-12-02"],
["提示",1,0,0,1,2,0,0,0],
["利好",1,0,0,1,0,1,0,0],
["警示",3,3,1,1,4,0,2,1],
["高风险",0,0,0,0,0,0,0,0]]},
{"group":"采购-低-技术风控","info_30":[{"name":"开庭公告","value":31},
{"name":"软件著作权","value":20},
{"name":"法律诉讼","value":15},
{"name":"法院公告","value":8},
{"name":"主要人员变更","value":7},
{"name":"电信许可","value":4},
{"name":"被执行人","value":2},
{"name":"作品著作权","value":1},
{"name":"注册资本变更","value":1},
{"name":"限制消费令","value":1},
{"name":"送达公告","value":1},
{"name":"破产重整","value":1},
{"name":"经营范围变更","value":1}]},
{"group":"采购-低-技术风控","info_7":[{"name":"开庭公告","value":9},
{"name":"软件著作权","value":3},
{"name":"法院公告","value":3},
{"name":"法律诉讼","value":3},
{"name":"主要人员变更","value":2},
{"name":"注册资本变更","value":1},
{"name":"电信许可","value":1}]},
{"group":"采购-低-人力行政","source_30":[["date","2022-11-03","2022-11-04","2022-11-05","2022-11-06","2022-11-07","2022-11-08","2022-11-09","2022-11-10","2022-11-11","2022-11-12","2022-11-13","2022-11-14","2022-11-15","2022-11-16","2022-11-17","2022-11-18","2022-11-19","2022-11-20","2022-11-21","2022-11-22","2022-11-23","2022-11-24","2022-11-25","2022-11-26","2022-11-27","2022-11-28","2022-11-29","2022-11-30","2022-12-01","2022-12-02"],
["提示",0,0,0,0,0,0,0,0,0,0,0,0,0,1,0,0,0,0,0,0,0,0,0,0,0,0,0,0,0,0],
["利好",0,0,0,0,1,4,0,6,0,0,0,0,0,0,0,0,0,0,0,0,0,0,0,0,0,0,0,0,0,0],
["警示",0,0,0,0,0,0,0,2,0,0,0,1,0,1,0,0,0,0,2,0,0,1,0,0,0,0,0,0,1,1],
["高风险",0,0,0,0,0,0,0,0,0,0,0,0,0,1,0,0,0,0,0,0,1,0,0,0,0,0,0,0,0,0]]},
{"group":"采购-低-人力行政","source_7":[["date","2022-11-25","2022-11-26","2022-11-27","2022-11-28","2022-11-29","2022-11-30","2022-12-01","2022-12-02"],
["提示",0,0,0,0,0,0,0,0],
["利好",0,0,0,0,0,0,0,0],
["警示",0,0,0,0,0,0,1,1],
["高风险",0,0,0,0,0,0,0,0]]},
{"group":"采购-低-人力行政","info_30":[{"name":"软件著作权","value":11},
{"name":"开庭公告","value":9},
{"name":"被执行人","value":2},
{"name":"注册资本变更","value":1}]},
{"group":"采购-低-人力行政","info_7":[{"name":"开庭公告","value":2}]},
{"group":"采购-低-市场推广","source_30":[["date","2022-11-03","2022-11-04","2022-11-05","2022-11-06","2022-11-07","2022-11-08","2022-11-09","2022-11-10","2022-11-11","2022-11-12","2022-11-13","2022-11-14","2022-11-15","2022-11-16","2022-11-17","2022-11-18","2022-11-19","2022-11-20","2022-11-21","2022-11-22","2022-11-23","2022-11-24","2022-11-25","2022-11-26","2022-11-27","2022-11-28","2022-11-29","2022-11-30","2022-12-01","2022-12-02"],
["提示",0,0,1,0,1,0,0,0,0,2,0,2,0,1,0,0,0,0,0,0,1,0,1,0,0,0,0,0,0,0],
["利好",0,0,0,0,0,0,0,3,0,0,0,0,0,1,0,0,0,0,0,0,0,0,0,0,0,0,0,0,0,0],
["警示",18,1,0,0,1,1,9,3,27,2,22,9,7,6,5,3,0,0,11,12,7,11,6,28,6,0,6,9,16,6],
["高风险",0,0,0,0,0,0,0,0,0,0,0,0,0,0,0,0,0,0,0,0,0,0,0,0,0,0,0,0,0,0]]},
{"group":"采购-低-市场推广","source_7":[["date","2022-11-25","2022-11-26","2022-11-27","2022-11-28","2022-11-29","2022-11-30","2022-12-01","2022-12-02"],
["提示",1,0,0,0,0,0,0,0],
["利好",0,0,0,0,0,0,0,0],
["警示",6,28,6,0,6,9,16,6],
["高风险",0,0,0,0,0,0,0,0]]},
{"group":"采购-低-市场推广","info_30":[{"name":"法律诉讼","value":106},
{"name":"开庭公告","value":96},
{"name":"法院公告","value":30},
{"name":"电信许可","value":5},
{"name":"软件著作权","value":4},
{"name":"主要人员变更","value":2},
{"name":"注册资本变更","value":1},
{"name":"股权变更","value":1}]},
{"group":"采购-低-市场推广","info_7":[{"name":"开庭公告","value":42},
{"name":"法律诉讼","value":34},
{"name":"法院公告","value":1},
{"name":"电信许可","value":1}]}]
